pid,feature,n_bad,n_good,med_bad,med_neutral,med_good,p_mw
p04,sleep_h_lag1,40,41,6.975,7.516666666666667,7.05,0.3619473662599776
p06,sleep_h_lag1,71,24,5.966666666666667,6.175000000000001,7.066666666666666,3.168602481802103e-06
p07,sleep_h_lag1,29,47,7.116666666666666,7.308333333333334,7.45,0.052910830014633245
p08,sleep_h_lag1,28,47,7.008333333333333,7.183333333333334,7.266666666666667,0.021107527456002206
p09,sleep_h_lag1,20,32,5.949999999999999,6.841666666666667,7.175000000000001,0.008219244353818654
p10,sleep_h_lag1,24,39,6.933333333333334,7.35,7.6,0.00700192807586895
p14,sleep_h_lag1,43,19,7.333333333333333,7.9,6.8,0.30628012039200214
p15,sleep_h_lag1,42,34,7.358333333333333,8.066666666666666,7.691666666666666,0.6608068605410532
p16,sleep_h_lag1,26,25,6.041666666666666,6.733333333333333,6.883333333333334,8.875140900830126e-05
p04,sleep_h_avg3,43,42,7.027777777777779,7.186111111111112,7.125,0.7953999150132816
p06,sleep_h_avg3,72,23,6.080555555555556,6.377777777777777,6.777777777777778,0.0001518009113791585
p07,sleep_h_avg3,30,49,7.213888888888889,7.3,7.333333333333334,0.4132124865180844
p08,sleep_h_avg3,28,48,7.075000000000001,7.23888888888889,7.316666666666666,0.11588956518421038
p09,sleep_h_avg3,22,31,7.033333333333333,7.2444444444444445,6.55,0.7520839449291679
p10,sleep_h_avg3,25,42,7.305555555555556,7.2555555555555555,7.488888888888889,0.04802806910629861
p14,sleep_h_avg3,47,22,7.4,7.866666666666667,7.2861111111111105,0.9026421580811508
p15,sleep_h_avg3,42,34,7.5,7.516666666666666,7.550000000000001,0.38302654998407926
p16,sleep_h_avg3,26,24,6.302777777777778,6.855555555555555,6.819444444444444,0.0009624306988848754
p04,time_in_bed_h_lag1,40,41,8.05,8.508333333333333,8.216666666666667,0.352108167313285
p06,time_in_bed_h_lag1,71,24,6.616666666666666,6.783333333333333,7.891666666666667,3.5154670295206874e-06
p07,time_in_bed_h_lag1,29,47,8.2,8.316666666666666,8.516666666666667,0.13296206617157486
p08,time_in_bed_h_lag1,28,47,8.108333333333334,8.333333333333334,8.533333333333333,0.008974053898519869
p09,time_in_bed_h_lag1,20,32,7.116666666666667,8.366666666666667,8.4,0.0063801320951031625
p10,time_in_bed_h_lag1,24,39,8.05,8.3,8.6,0.026258959560398344
p14,time_in_bed_h_lag1,43,19,8.866666666666667,9.4,8.35,0.37995675569939513
p15,time_in_bed_h_lag1,42,34,8.466666666666665,9.05,8.633333333333333,0.6270922131248159
p16,time_in_bed_h_lag1,26,25,6.916666666666667,7.925,7.9,0.0004248682133177129
p04,time_in_bed_h_avg3,43,42,8.155555555555557,8.302777777777777,8.240277777777777,0.850104568132303
p06,time_in_bed_h_avg3,72,23,6.75,6.977777777777778,7.633333333333333,0.0001869797007984466
p07,time_in_bed_h_avg3,30,49,8.508333333333333,8.299999999999999,8.283333333333333,0.8359424512560122
p08,time_in_bed_h_avg3,28,48,8.244444444444444,8.344444444444445,8.494444444444445,0.08488772729473015
p09,time_in_bed_h_avg3,22,31,8.338888888888889,8.566666666666665,7.916666666666667,0.6132437104589693
p10,time_in_bed_h_avg3,25,42,8.275,8.177777777777779,8.413888888888888,0.10235919952736232
p14,time_in_bed_h_avg3,47,22,9.041666666666668,9.516666666666666,8.877777777777778,0.9281776801350851
p15,time_in_bed_h_avg3,42,34,8.5,8.588888888888889,8.652777777777779,0.3338555087977617
p16,time_in_bed_h_avg3,26,24,7.358333333333333,7.908333333333334,7.816666666666666,0.0014008361766719385
p04,sleep_eff_lag1,40,41,92.0,93.0,94.0,0.08288025078481648
p06,sleep_eff_lag1,71,24,98.0,98.0,98.0,0.9408164288665184
p07,sleep_eff_lag1,29,47,96.0,96.0,96.0,0.5852005293439078
p08,sleep_eff_lag1,28,47,94.0,94.0,95.0,0.1724811710578179
p09,sleep_eff_lag1,20,32,92.0,93.0,93.5,0.7265638292656257
p10,sleep_eff_lag1,24,39,90.0,92.0,92.0,0.04988372223628764
p14,sleep_eff_lag1,43,19,94.0,92.0,94.0,0.4244490720199816
p15,sleep_eff_lag1,42,34,96.0,96.0,96.0,0.6311646267495332
p16,sleep_eff_lag1,26,25,91.0,93.0,92.0,0.035966517113762156
p04,sleep_eff_avg3,43,42,92.66666666666669,93.0,93.66666666666669,0.017894324848077396
p06,sleep_eff_avg3,72,23,97.66666666666669,98.33333333333331,97.0,0.11209480100434317
p07,sleep_eff_avg3,30,49,95.33333333333331,95.33333333333331,95.66666666666669,0.4169630057397574
p08,sleep_eff_avg3,28,48,93.83333333333334,94.0,94.0,0.30471294662669324
p09,sleep_eff_avg3,22,31,93.0,92.33333333333331,93.66666666666669,0.4159540169401088
p10,sleep_eff_avg3,25,42,91.0,91.0,91.66666666666669,0.5853540894023482
p14,sleep_eff_avg3,47,22,93.0,92.0,92.66666666666669,0.6377984127655364
p15,sleep_eff_avg3,42,34,96.0,96.33333333333331,96.0,0.4972057136453809
p16,sleep_eff_avg3,26,24,91.83333333333334,92.33333333333331,92.33333333333331,0.16079376402746337
p04,bedtime_h_lag1,40,41,4.895833333333334,4.820833333333334,4.5,0.1002318640657604
p06,bedtime_h_lag1,71,24,5.725,5.7,5.395833333333334,0.1395540695795958
p07,bedtime_h_lag1,29,47,4.991666666666666,5.095833333333333,5.316666666666666,0.7483641415187323
p08,bedtime_h_lag1,28,47,5.745833333333334,5.475,5.7,0.6892851283672199
p09,bedtime_h_lag1,20,32,7.816666666666666,8.070833333333333,8.204166666666666,0.6859254366745322
p10,bedtime_h_lag1,24,39,6.270833333333334,5.816666666666666,6.066666666666666,0.6814502712634118
p14,bedtime_h_lag1,43,19,3.2583333333333333,3.5083333333333333,4.35,0.0075378002056964225
p15,bedtime_h_lag1,42,34,4.941666666666666,5.241666666666666,5.183333333333334,0.46778740488407233
p16,bedtime_h_lag1,26,25,13.041666666666668,12.129166666666666,12.1,0.10513171024797903
p04,bedtime_h_avg3,43,42,5.5555555555555545,5.0875,4.977777777777778,0.012862350319787646
p06,bedtime_h_avg3,72,23,5.745833333333334,5.880555555555556,5.7,0.16318031468802652
p07,bedtime_h_avg3,30,49,5.801388888888889,5.341666666666667,5.611111111111111,0.7657055951565173
p08,bedtime_h_avg3,28,48,5.6722222222222225,6.286111111111111,5.697222222222223,0.8547495986437308
p09,bedtime_h_avg3,22,31,7.955555555555556,8.338888888888889,8.272222222222222,0.5757573169904273
p10,bedtime_h_avg3,25,42,6.141666666666667,6.313888888888888,6.401388888888889,0.2877333667612444
p14,bedtime_h_avg3,47,22,3.3625,3.883333333333333,3.9208333333333334,0.02383483470679298
p15,bedtime_h_avg3,42,34,5.270833333333334,5.497222222222223,5.022222222222222,0.1479292428525749
p16,bedtime_h_avg3,26,24,13.231944444444444,12.206944444444444,11.75,0.06367390169915897
p04,rhr_night_lag1,40,41,67.0,67.0,67.0,0.5884553363042276
p06,rhr_night_lag1,71,23,50.0,50.0,49.0,0.53202674409276
p07,rhr_night_lag1,29,46,57.0,58.0,58.0,0.5968629534669128
p08,rhr_night_lag1,28,47,55.0,55.0,55.0,0.8814245406377798
p09,rhr_night_lag1,19,32,60.0,61.0,60.5,0.15084008171697322
p10,rhr_night_lag1,24,39,68.0,67.0,68.0,0.7242134587048996
p14,rhr_night_lag1,42,19,62.0,65.0,66.0,0.0013654690578974668
p15,rhr_night_lag1,42,34,54.0,53.0,54.0,0.7337203273961412
p16,rhr_night_lag1,26,25,67.0,66.0,67.0,0.8775476624379592
p04,rhr_night_avg3,43,42,66.66666666666667,67.5,66.5,0.3959953357145072
p06,rhr_night_avg3,71,23,50.0,50.333333333333336,49.66666666666666,0.2059730083139666
p07,rhr_night_avg3,30,49,57.5,57.5,57.66666666666666,0.3894026602423699
p08,rhr_night_avg3,28,48,54.58333333333333,54.5,54.66666666666666,0.8842587396740211
p09,rhr_night_avg3,22,30,59.66666666666666,61.66666666666666,60.16666666666667,0.7525698875954357
p10,rhr_night_avg3,25,42,68.33333333333333,68.16666666666666,67.33333333333334,0.36986104768446193
p14,rhr_night_avg3,47,22,62.5,64.5,66.16666666666666,0.00035731666864038226
p15,rhr_night_avg3,42,34,53.83333333333333,53.66666666666666,53.66666666666666,0.7573686009913965
p16,rhr_night_avg3,26,24,66.66666666666667,66.33333333333333,67.0,0.5328946952386255
p05,rhr_day_lag1,16,11,67.27024793624878,63.71755409240723,61.55220413208008,0.0014583751211307801
p06,rhr_day_lag1,72,23,50.44726896286011,50.71054220199585,49.84084606170654,0.4897515772821369
p07,rhr_day_lag1,28,49,57.72728395462036,58.03904914855957,58.22132968902588,0.7467157532733881
p08,rhr_day_lag1,28,46,55.200547218322754,55.176512718200684,55.094871044158936,0.9333810409275057
p09,rhr_day_lag1,20,26,59.631746768951416,61.95121383666992,61.9998722076416,0.05815200636981978
p10,rhr_day_lag1,24,40,68.62378025054932,67.71687889099121,68.13662958145142,0.5190315396484952
p14,rhr_day_lag1,40,19,63.52463340759277,65.13426113128662,66.52790451049805,0.013365582634705272
p15,rhr_day_lag1,42,34,54.37233066558838,53.941468238830566,54.49903964996338,0.7500102549958716
p16,rhr_day_lag1,26,23,67.26716375350952,66.49956130981445,67.63545989990234,0.7409833774503216
p05,rhr_day_avg3,16,11,67.6135139465332,63.1080367565155,61.94726053873698,0.0012284633367519052
p06,rhr_day_avg3,71,23,50.48300298055013,50.75607617696127,50.11923058827718,0.15421802366173729
p07,rhr_day_avg3,30,49,57.86913712819417,58.03852939605713,58.36653391520182,0.4456631068786294
p08,rhr_day_avg3,27,47,55.305521965026855,54.994455337524414,55.308642069498696,0.9641752446667349
p09,rhr_day_avg3,21,28,59.94432497024536,62.86182657877604,60.984369913736984,0.6206179464376897
p10,rhr_day_avg3,26,42,68.60903628667197,68.16458670298259,67.93576876322427,0.2919933389945799
p14,rhr_day_avg3,43,20,63.319320360819496,64.97776579856873,66.84052817026773,0.002294732353114482
p15,rhr_day_avg3,42,34,54.43277772267659,53.96877320607504,54.25375938415527,0.7185384277955208
p16,rhr_day_avg3,27,25,66.9781624476115,66.71795241038005,67.45648129781087,0.31378544030401656
p04,steps_lag1,41,43,9925.0,9701.0,10338.0,0.3613703542728869
p05,steps_lag1,49,11,13240.0,11069.5,12778.0,0.9238995259522552
p06,steps_lag1,72,23,14738.0,14399.0,11778.0,0.11087636707927186
p07,steps_lag1,28,49,18446.0,16584.5,14873.0,0.1513307322923117
p08,steps_lag1,28,46,16863.5,16418.5,17112.5,0.85408941643736
p09,steps_lag1,20,26,6235.5,5092.0,7403.5,0.17646838102010975
p10,steps_lag1,24,41,11710.5,11624.0,12867.0,0.6197877990260697
p14,steps_lag1,40,19,11015.0,12973.0,11064.0,0.6672780126902631
p15,steps_lag1,42,34,14113.5,13469.5,13233.0,0.5411103353380375
p16,steps_lag1,26,23,1220.5,1129.0,2061.0,0.0021041117596717865
p04,steps_avg3,45,43,10327.0,10409.333333333334,11303.333333333334,0.520382705855074
p05,steps_avg3,48,11,12191.333333333332,12004.0,12572.333333333334,0.47746190952213696
p06,steps_avg3,71,23,14967.0,14359.0,13713.0,0.2677885319446688
p07,steps_avg3,30,49,16646.666666666664,16694.666666666664,15758.666666666666,0.3713299158149709
p08,steps_avg3,27,47,16669.0,17908.333333333336,17400.0,0.7962063145286977
p09,steps_avg3,21,28,6296.0,6361.333333333333,6973.0,0.06748612966804682
p10,steps_avg3,26,43,12149.333333333332,13451.083333333332,12411.333333333334,0.8965506415222155
p13,steps_avg3,11,9,16930.666666666668,15613.25,8661.5,0.02751966319618768
p14,steps_avg3,43,20,12302.666666666666,13489.0,11841.666666666668,0.6208402633923327
p15,steps_avg3,42,34,13865.833333333334,13780.666666666666,13479.166666666666,0.31844206253674956
p16,steps_avg3,27,25,1307.3333333333333,1747.8333333333335,2037.0,0.005371940037167518
p04,lightly_lag1,41,43,197.0,213.5,222.0,0.5577640898417302
p05,lightly_lag1,49,11,236.0,262.0,260.0,0.018752349640659857
p06,lightly_lag1,72,23,319.5,359.0,290.0,0.10891991600106063
p07,lightly_lag1,28,49,242.0,263.5,248.0,0.8116634399479499
p08,lightly_lag1,28,46,225.0,246.5,223.0,0.9333766111971865
p09,lightly_lag1,20,26,150.5,145.5,181.0,0.04037913899493489
p10,lightly_lag1,24,41,266.0,250.0,294.0,0.12615702898534986
p14,lightly_lag1,40,19,149.5,162.0,173.0,0.022638700009312153
p15,lightly_lag1,42,34,193.0,165.0,196.5,0.9749956309302195
p16,lightly_lag1,26,23,76.5,87.0,96.0,0.020090821114229388
p04,lightly_avg3,45,43,217.33333333333331,207.66666666666663,231.0,0.3784795222955111
p05,lightly_avg3,48,11,248.66666666666666,257.6666666666667,275.0,0.13903146084857992
p06,lightly_avg3,71,23,343.6666666666667,341.3333333333333,295.3333333333333,0.015575952263788932
p07,lightly_avg3,30,49,255.16666666666666,257.6666666666667,250.66666666666663,0.5444392815300013
p08,lightly_avg3,27,47,215.33333333333331,243.08333333333331,224.66666666666663,0.24971795374198047
p09,lightly_avg3,21,28,142.0,150.0,165.0,0.027644046761187854
p10,lightly_avg3,26,43,253.83333333333331,271.33333333333337,285.3333333333333,0.005435019957618699
p13,lightly_avg3,11,9,330.5,357.91666666666663,233.0,0.02751966319618768
p14,lightly_avg3,43,20,151.0,155.0,163.58333333333331,0.16287492933509973
p15,lightly_avg3,42,34,197.5,193.66666666666663,191.0,0.4271880844839435
p16,lightly_avg3,27,25,82.0,85.66666666666666,92.66666666666669,0.10306954358322777
p04,mvpa_lag1,41,43,35.0,46.5,48.0,0.14451881612070347
p05,mvpa_lag1,49,11,82.0,67.0,93.0,0.45040768109929386
p06,mvpa_lag1,72,23,69.5,71.0,52.0,0.11136547599949952
p07,mvpa_lag1,28,49,85.5,91.5,87.0,0.4457209470219897
p08,mvpa_lag1,28,46,101.5,118.5,120.0,0.22865954597664384
p09,mvpa_lag1,20,26,18.5,13.0,29.5,0.11682760356401961
p10,mvpa_lag1,24,41,53.0,51.0,42.0,0.5587805651678384
p14,mvpa_lag1,40,19,65.5,79.0,73.0,0.5006891142362309
p15,mvpa_lag1,42,34,117.0,114.0,123.0,0.4550150090306121
p16,mvpa_lag1,26,23,0.0,0.0,0.0,0.05463891038217646
p04,mvpa_avg3,45,43,45.333333333333336,49.66666666666666,43.66666666666666,0.779734498684883
p05,mvpa_avg3,48,11,75.66666666666666,77.33333333333333,82.0,0.2932354593391485
p06,mvpa_avg3,71,23,69.66666666666667,75.33333333333333,62.333333333333336,0.44677965272059117
p07,mvpa_avg3,30,49,87.66666666666666,97.16666666666666,86.33333333333333,0.7695456942175094
p08,mvpa_avg3,27,47,114.66666666666669,128.33333333333334,119.66666666666669,0.13678284633709276
p09,mvpa_avg3,21,28,21.33333333333333,22.33333333333333,28.666666666666668,0.7085571479549033
p10,mvpa_avg3,26,43,65.0,65.0,52.0,0.21556418964048407
p13,mvpa_avg3,11,9,130.0,78.16666666666666,34.666666666666664,0.006952787930571563
p14,mvpa_avg3,43,20,73.5,89.83333333333334,74.83333333333333,0.988218327067231
p15,mvpa_avg3,42,34,117.66666666666666,102.33333333333331,104.5,0.2547911530080875
p16,mvpa_avg3,27,25,3.0,4.166666666666666,7.0,0.025833918256975622
p04,sedentary_lag1,39,39,642.0,647.0,618.0,0.4687239602685461
p05,sedentary_lag1,48,10,705.0,725.0,702.0,0.7341144157457147
p06,sedentary_lag1,72,23,605.0,589.0,635.0,0.2140735780270766
p07,sedentary_lag1,27,47,604.0,583.0,596.0,0.6942755117768743
p08,sedentary_lag1,27,42,566.0,565.5,586.0,0.5225575209525846
p09,sedentary_lag1,13,24,825.0,720.5,765.0,0.36453397412948463
p10,sedentary_lag1,23,37,627.0,615.0,571.0,0.3419214665952651
p14,sedentary_lag1,28,16,674.5,624.0,611.0,0.8836133875112592
p15,sedentary_lag1,39,33,619.0,633.0,601.0,0.47643948071760844
p16,sedentary_lag1,21,21,912.0,880.0,831.0,0.04972678209485653
p04,sedentary_avg3,45,41,658.0,642.25,642.3333333333334,0.30965047801331014
p05,sedentary_avg3,48,10,707.1666666666666,712.5,691.0,0.5574299170483974
p06,sedentary_avg3,71,23,604.3333333333334,601.6666666666666,617.0,0.22993181165748955
p07,sedentary_avg3,27,48,582.3333333333334,577.3333333333334,596.0,0.2555638739221914
p08,sedentary_avg3,26,45,587.1666666666666,550.3333333333333,577.6666666666666,0.437853126567208
p09,sedentary_avg3,13,23,814.3333333333334,714.75,767.0,0.12977296449469858
p10,sedentary_avg3,23,39,612.6666666666666,603.0,594.0,0.07076319002349814
p13,sedentary_avg3,11,9,455.0,532.0,662.0,0.033331755355560794
p14,sedentary_avg3,25,19,661.5,631.3333333333334,624.0,0.308278899228541
p15,sedentary_avg3,42,34,615.5,624.3333333333334,615.6666666666667,0.8263491987716741
p16,sedentary_avg3,24,23,893.8333333333334,871.25,853.0,0.11776377669586832
p04,srpe_load_lag1,46,46,75.0,150.0,190.0,0.5206305111838706
p05,srpe_load_lag1,39,8,0.0,0.0,0.0,0.24060334656541338
p06,srpe_load_lag1,72,23,0.0,0.0,0.0,0.29673160392368214
p07,srpe_load_lag1,30,50,180.0,300.0,205.0,0.2982693811459556
p08,srpe_load_lag1,31,49,300.0,300.0,350.0,0.6650950410347487
p10,srpe_load_lag1,26,38,0.0,0.0,0.0,0.94693626144871
p13,srpe_load_lag1,18,21,0.0,0.0,0.0,0.9412366005470859
p14,srpe_load_lag1,55,23,0.0,0.0,0.0,0.25388655607072996
p15,srpe_load_lag1,41,34,540.0,450.0,375.0,0.06655189928092621
p04,srpe_load_avg3,46,46,148.33333333333331,133.33333333333334,141.66666666666669,0.9719541421081139
p05,srpe_load_avg3,39,8,0.0,0.0,0.0,0.7886936078482879
p06,srpe_load_avg3,71,23,50.0,40.0,66.66666666666667,0.18966622940920108
p07,srpe_load_avg3,30,49,271.66666666666663,240.0,240.0,0.9516416700856084
p08,srpe_load_avg3,31,49,340.0,330.0,340.0,0.6818930626184762
p10,srpe_load_avg3,25,38,80.0,88.33333333333331,20.0,0.27924685165187135
p13,srpe_load_avg3,18,21,0.0,0.0,0.0,0.872474586960171
p14,srpe_load_avg3,55,23,120.0,118.33333333333334,83.33333333333333,0.020952697432934774
p15,srpe_load_avg3,42,33,490.0,391.66666666666663,460.0,0.17519975290040646
p04,ex_min_nonwalk_lag1,45,45,28.98333333333333,33.4,30.016666666666666,0.9569942904722882
p05,ex_min_nonwalk_lag1,48,14,0.0,0.0,0.0,0.9041795540787357
p06,ex_min_nonwalk_lag1,72,23,0.0,27.5,0.0,0.7646951645576555
p07,ex_min_nonwalk_lag1,30,50,56.0,56.93333333333333,51.141666666666666,0.5567974865343487
p08,ex_min_nonwalk_lag1,31,49,57.516666666666666,58.84166666666667,65.13333333333334,0.6347497037855963
p09,ex_min_nonwalk_lag1,15,27,0.0,0.0,0.0,0.6695629143510291
p10,ex_min_nonwalk_lag1,27,41,0.0,0.0,0.0,0.5454845009699805
p13,ex_min_nonwalk_lag1,15,18,0.0,0.0,0.0,0.9651432453399236
p14,ex_min_nonwalk_lag1,55,23,0.0,0.0,0.0,0.11064769848496862
p15,ex_min_nonwalk_lag1,42,34,82.53333333333333,75.83333333333333,61.224999999999994,0.023926414316092014
p16,ex_min_nonwalk_lag1,20,14,0.0,0.0,0.0,
p04,ex_min_nonwalk_avg3,45,44,29.611111111111114,31.48333333333333,25.34722222222222,0.4095225956195988
p05,ex_min_nonwalk_avg3,49,14,0.0,8.658333333333333,9.472222222222221,0.4045140758642801
p06,ex_min_nonwalk_avg3,71,23,13.105555555555556,24.52777777777777,27.100000000000005,0.09593462406565668
p07,ex_min_nonwalk_avg3,30,49,69.29166666666666,55.45555555555556,46.95000000000001,0.0044602623718259056
p08,ex_min_nonwalk_avg3,31,49,59.51666666666666,67.95,71.66111111111111,0.224464005534316
p09,ex_min_nonwalk_avg3,14,27,0.0,0.0,0.0,0.47104514909968465
p10,ex_min_nonwalk_avg3,27,41,2.261111111111111,3.1194444444444445,0.0,0.4150557215146058
p13,ex_min_nonwalk_avg3,15,18,0.0,0.0,0.0,0.7499200888292877
p14,ex_min_nonwalk_avg3,55,23,19.016666666666666,15.733333333333334,6.772222222222222,0.0023687119151473593
p15,ex_min_nonwalk_avg3,42,34,80.62777777777778,57.03888888888889,69.58055555555555,0.15386813382778092
p16,ex_min_nonwalk_avg3,20,14,0.0,0.0,0.0,0.3341378452228472
p04,steps_dev28_lag1,38,33,-1418.75,-423.0,365.0,0.5682271328927073
p05,steps_dev28_lag1,39,11,774.5,-1936.5,622.5,0.869781349844311
p06,steps_dev28_lag1,65,18,221.5,997.5,-3388.5,0.13722344365325592
p07,steps_dev28_lag1,26,41,1415.5,-283.25,-1315.0,0.2769430888490506
p08,steps_dev28_lag1,22,40,-1141.5,-20.5,-588.5,0.9121382654531572
p09,steps_dev28_lag1,17,24,297.0,-471.25,345.0,0.32102426893048774
p10,steps_dev28_lag1,21,37,180.0,-197.0,992.0,0.9226671964853084
p14,steps_dev28_lag1,36,16,-519.25,1220.0,-700.75,0.3776308755567125
p15,steps_dev28_lag1,40,30,294.75,-502.25,-945.0,0.33939606164111247
p16,steps_dev28_lag1,26,21,-323.0,-255.5,105.0,0.058261497363474454
p04,mvpa_dev28_lag1,38,33,-12.25,5.0,0.5,0.20678202646844812
p05,mvpa_dev28_lag1,39,11,19.0,-11.0,8.5,0.7966904485802434
p06,mvpa_dev28_lag1,65,18,-6.5,7.0,-19.25,0.18479557025097415
p07,mvpa_dev28_lag1,26,41,-3.25,5.25,-4.0,0.8368837645601853
p08,mvpa_dev28_lag1,22,40,-22.25,-8.0,-4.75,0.3975248015137346
p09,mvpa_dev28_lag1,17,24,1.0,-2.0,10.5,0.6336466698758196
p10,mvpa_dev28_lag1,21,37,21.0,6.5,-2.0,0.24072983644479962
p14,mvpa_dev28_lag1,36,16,-2.0,22.0,-4.25,0.3776003307006117
p15,mvpa_dev28_lag1,40,30,4.5,1.5,-1.25,0.3895220496258778
p16,mvpa_dev28_lag1,26,21,0.0,0.0,0.0,0.14929302313307363
p04,sleep_h_dev28_lag1,37,31,-0.11666666666666714,0.33333333333333304,-0.13333333333333375,0.5544554212010554
p06,sleep_h_dev28_lag1,64,19,-0.28333333333333366,0.00416666666666643,0.8416666666666659,0.00010191737002517422
p07,sleep_h_dev28_lag1,27,40,-0.11666666666666714,-0.04999999999999982,0.17916666666666714,0.047545840383022196
p08,sleep_h_dev28_lag1,22,41,-0.33333333333333304,0.0625,0.07500000000000018,0.03721347695696862
p09,sleep_h_dev28_lag1,19,31,-1.125,-0.054166666666666696,0.43333333333333357,0.0027171139835504023
p10,sleep_h_dev28_lag1,22,35,-0.36666666666666625,0.06666666666666643,0.21666666666666679,0.0311137810998796
p14,sleep_h_dev28_lag1,39,16,-0.14999999999999947,0.20000000000000018,-0.08333333333333348,0.6498119875906869
p15,sleep_h_dev28_lag1,41,30,0.125,0.9749999999999996,0.20000000000000018,0.8249574962921846
p16,sleep_h_dev28_lag1,26,25,-0.5083333333333333,0.1666666666666674,0.6416666666666657,0.00016415500636573864
