pid,date,comp_MFS,comp_MFSR
p01,2019-11-01,-0.25976966856177663,-0.5643737359616267
p01,2019-11-02,-0.25976966856177663,-0.28149591082910247
p01,2019-11-03,0.623666680777465,1.0254769167659659
p01,2019-11-04,0.623666680777465,1.0254769167659659
p01,2019-11-05,0.623666680777465,1.0254769167659659
p01,2019-11-06,0.623666680777465,0.17684344136839317
p01,2019-11-07,0.623666680777465,0.7425990916334416
p01,2019-11-08,0.623666680777465,0.7425990916334416
p01,2019-11-09,0.623666680777465,1.0254769167659659
p01,2019-11-10,0.623666680777465,0.7425990916334416
p01,2019-11-12,-0.25976966856177663,-0.8472515610941508
p01,2019-11-13,-0.8219564363231118,-0.4703017439974995
p01,2019-11-14,-2.518802035568285,-1.8939822461390314
p01,2019-11-15,-0.25976966856177663,-0.5643737359616267
p01,2019-11-16,-0.25976966856177663,-0.28149591082910247
p01,2019-11-17,2.3205122800226383,1.8834017686424491
p01,2019-11-18,-1.7053927856623534,-0.9286410961949951
p01,2019-11-19,-0.25976966856177663,-0.5643737359616267
p01,2019-11-20,-1.7053927856623534,-1.2115189213275195
p01,2019-11-21,0.623666680777465,0.7425990916334416
p01,2019-11-22,-0.25976966856177663,-0.8472515610941508
p01,2019-11-23,0.623666680777465,1.0254769167659659
p01,2019-11-24,0.623666680777465,0.4597212665009174
p01,2019-11-25,-0.25976966856177663,0.001381914303421771
p01,2019-11-26,0.623666680777465,0.7425990916334416
p01,2019-11-27,-0.25976966856177663,-0.5643737359616267
p01,2019-11-28,0.623666680777465,0.7425990916334416
p01,2019-11-29,-0.25976966856177663,-0.8472515610941508
p01,2019-11-30,-0.25976966856177663,-0.28149591082910247
p01,2019-12-01,0.623666680777465,0.7425990916334416
p01,2019-12-02,0.623666680777465,1.0254769167659659
p01,2019-12-03,0.623666680777465,0.7425990916334416
p01,2019-12-04,-0.25976966856177663,-0.5643737359616267
p01,2019-12-05,-0.25976966856177663,-0.28149591082910247
p01,2019-12-06,-0.25976966856177663,-1.130129386226675
p01,2019-12-07,-0.25976966856177663,-0.28149591082910247
p01,2019-12-08,0.623666680777465,0.4597212665009174
p01,2019-12-09,-0.25976966856177663,-0.8472515610941508
p01,2019-12-10,-0.25976966856177663,-0.8472515610941508
p01,2019-12-13,-0.25976966856177663,-0.28149591082910247
p01,2019-12-14,0.623666680777465,0.4597212665009174
p01,2019-12-15,-0.25976966856177663,0.001381914303421771
p01,2019-12-16,0.623666680777465,0.7425990916334416
p01,2019-12-17,1.5071030301167065,1.4838162689634613
p01,2019-12-21,-0.8219564363231118,-0.4703017439974995
p01,2019-12-22,0.623666680777465,0.7425990916334416
p01,2019-12-23,0.623666680777465,0.7425990916334416
p01,2019-12-25,0.623666680777465,1.0254769167659659
p01,2019-12-26,0.623666680777465,0.7425990916334416
p01,2019-12-27,-0.25976966856177663,-0.8472515610941508
p01,2019-12-28,-0.25976966856177663,-0.5643737359616267
p01,2019-12-29,-0.25976966856177663,-0.28149591082910247
p01,2019-12-30,-0.25976966856177663,-0.28149591082910247
p01,2020-01-01,0.623666680777465,0.7425990916334416
p01,2020-01-02,0.623666680777465,0.7425990916334416
p01,2020-01-03,0.623666680777465,0.7425990916334416
p01,2020-01-04,-1.9566152678069506,-1.9880542381031592
p01,2020-01-06,-1.7053927856623534,-1.777274571592568
p01,2020-01-07,-0.25976966856177663,-0.28149591082910247
p01,2020-01-08,-3.4022383849075273,-2.918077248601576
p01,2020-01-09,-5.099083984152701,-4.058879925610585
p01,2020-01-10,-0.25976966856177663,-0.5643737359616267
p01,2020-01-11,0.623666680777465,0.17684344136839317
p01,2020-01-12,0.623666680777465,0.4597212665009174
p01,2020-01-13,-0.25976966856177663,-0.5643737359616267
p01,2020-01-14,0.623666680777465,0.7425990916334416
p01,2020-01-15,0.623666680777465,-0.10603438376413103
p01,2020-01-16,0.623666680777465,0.7425990916334416
p01,2020-01-17,0.623666680777465,0.4597212665009174
p01,2020-01-18,0.623666680777465,0.7425990916334416
p01,2020-01-19,-0.25976966856177663,-0.8472515610941508
p01,2020-01-20,-0.8219564363231118,-1.036057394262548
p01,2020-01-21,0.623666680777465,0.7425990916334416
p01,2020-01-22,-0.25976966856177663,-0.28149591082910247
p01,2020-01-23,0.623666680777465,0.4597212665009174
p01,2020-01-24,0.623666680777465,-0.10603438376413103
p01,2020-01-26,-0.25976966856177663,-0.8472515610941508
p01,2020-01-27,-0.25976966856177663,-0.28149591082910247
p01,2020-01-28,0.623666680777465,0.7425990916334416
p01,2020-01-29,-0.25976966856177663,0.001381914303421771
p01,2020-01-30,0.623666680777465,1.0254769167659659
p01,2020-01-31,-1.1432060179010182,-1.8713465635566946
p01,2020-02-01,-0.25976966856177663,-0.5643737359616267
p01,2020-02-02,2.3205122800226383,2.1662795937749735
p01,2020-02-03,-0.25976966856177663,-0.28149591082910247
p01,2020-02-04,0.623666680777465,0.7425990916334416
p01,2020-02-05,0.623666680777465,1.0254769167659659
p01,2020-02-06,0.623666680777465,0.4597212665009174
p01,2020-02-07,-0.25976966856177663,-1.130129386226675
p01,2020-02-08,-0.25976966856177663,-0.5643737359616267
p01,2020-02-09,0.623666680777465,0.7425990916334416
p01,2020-02-10,0.623666680777465,1.0254769167659659
p01,2020-02-11,-0.25976966856177663,-0.28149591082910247
p01,2020-02-12,-0.25976966856177663,0.001381914303421771
p01,2020-02-13,0.623666680777465,0.7425990916334416
p01,2020-02-14,-1.1432060179010182,-1.8713465635566946
p01,2020-02-15,-0.25976966856177663,-0.8472515610941508
p01,2020-02-17,0.623666680777465,0.17684344136839317
p01,2020-02-18,0.623666680777465,0.4597212665009174
p01,2020-02-19,0.623666680777465,0.7425990916334416
p01,2020-02-20,0.623666680777465,1.0254769167659659
p01,2020-02-21,0.623666680777465,1.0254769167659659
p01,2020-02-22,-0.25976966856177663,-0.5643737359616267
p01,2020-02-23,-0.25976966856177663,-0.28149591082910247
p01,2020-02-24,0.623666680777465,0.4597212665009174
p01,2020-02-25,0.623666680777465,0.7425990916334416
p01,2020-02-26,0.623666680777465,1.0254769167659659
p01,2020-02-27,-0.25976966856177663,-0.28149591082910247
p01,2020-02-28,-0.25976966856177663,-1.130129386226675
p01,2020-02-29,0.623666680777465,0.17684344136839317
p01,2020-03-01,0.623666680777465,0.4597212665009174
p01,2020-03-02,-0.25976966856177663,-1.130129386226675
p01,2020-03-03,0.623666680777465,0.4597212665009174
p01,2020-03-04,0.623666680777465,0.7425990916334416
p01,2020-03-05,-0.8219564363231118,-0.18742391886497523
p01,2020-03-06,-0.25976966856177663,-1.4130072113591994
p01,2020-03-07,0.623666680777465,0.4597212665009174
p01,2020-03-08,0.623666680777465,0.7425990916334416
p01,2020-03-09,0.623666680777465,0.7425990916334416
p01,2020-03-10,0.623666680777465,1.0254769167659659
p01,2020-03-12,0.623666680777465,0.7425990916334416
p01,2020-03-13,0.623666680777465,1.0254769167659659
p01,2020-03-14,0.623666680777465,1.0254769167659659
p01,2020-03-15,-0.25976966856177663,-0.8472515610941508
p01,2020-03-16,-0.25976966856177663,-0.28149591082910247
p01,2020-03-17,-1.7053927856623534,-1.2115189213275195
p01,2020-03-18,-0.8219564363231118,-0.4703017439974995
p01,2020-03-19,-1.7053927856623534,-1.2115189213275195
p01,2020-03-20,-3.4022383849075273,-2.6351994234690514
p01,2020-03-21,-1.7053927856623534,-1.2115189213275195
p01,2020-03-22,0.623666680777465,1.0254769167659659
p01,2020-03-23,0.623666680777465,1.0254769167659659
p01,2020-03-24,-0.8219564363231118,-0.18742391886497523
p01,2020-03-25,0.623666680777465,1.0254769167659659
p01,2020-03-27,-3.4022383849075273,-2.918077248601576
p01,2020-03-28,0.623666680777465,1.0254769167659659
p01,2020-03-29,0.623666680777465,1.0254769167659659
p01,2020-03-30,0.623666680777465,1.0254769167659659
p02,2019-11-03,4.70729897995637,4.765840047441161
p02,2019-11-06,2.57088945172082,2.7346065317357566
p02,2019-11-07,-0.11908255142420929,0.5430537370152206
p02,2019-11-08,-0.11908255142420929,0.5430537370152206
p02,2019-11-09,-0.11908255142420929,-0.03829582046047285
p02,2019-11-10,-0.11908255142420929,0.25237895827737394
p02,2019-11-11,-0.11908255142420929,0.8337285157530675
p02,2019-11-13,-2.218387264757818,-1.4579500362613158
p02,2019-11-15,-0.11908255142420929,-0.03829582046047285
p02,2019-11-17,-0.11908255142420929,-0.3289705991983196
p02,2019-11-18,-0.11908255142420929,-0.03829582046047285
p02,2019-11-19,-2.8090545545692374,-2.5205233939188547
p02,2019-11-20,-0.11908255142420929,0.25237895827737394
p02,2019-11-22,-0.11908255142420929,-0.3289705991983196
p02,2019-11-23,-0.11908255142420929,-0.03829582046047285
p02,2019-11-24,-0.11908255142420929,-0.910320156674013
p02,2019-11-25,-0.11908255142420929,0.25237895827737394
p02,2019-11-26,-0.11908255142420929,0.25237895827737394
p02,2019-11-28,-0.11908255142420929,0.25237895827737394
p02,2019-11-29,-0.11908255142420929,-0.03829582046047285
p02,2019-12-01,-0.11908255142420929,-0.910320156674013
p02,2019-12-02,-0.11908255142420929,-0.910320156674013
p02,2019-12-03,-0.11908255142420929,-0.910320156674013
p02,2019-12-04,-0.11908255142420929,-0.910320156674013
p02,2019-12-05,-0.11908255142420929,-0.6196453779361664
p02,2019-12-07,-0.11908255142420929,-0.3289705991983196
p02,2019-12-08,-0.11908255142420929,-0.3289705991983196
p02,2019-12-10,-0.11908255142420929,-0.03829582046047285
p02,2019-12-12,-0.11908255142420929,-0.03829582046047285
p02,2019-12-14,-0.11908255142420929,-0.3289705991983196
p02,2019-12-15,-0.11908255142420929,-0.3289705991983196
p02,2019-12-19,-0.11908255142420929,-0.03829582046047285
p02,2019-12-20,-0.11908255142420929,-0.3289705991983196
p02,2019-12-21,-0.11908255142420929,-0.03829582046047285
p02,2019-12-23,-0.11908255142420929,-0.6196453779361664
p02,2019-12-24,-0.11908255142420929,-0.6196453779361664
p02,2019-12-26,-0.11908255142420929,-0.6196453779361664
p02,2019-12-27,-0.11908255142420929,-0.3289705991983196
p02,2019-12-28,-0.11908255142420929,-0.3289705991983196
p02,2019-12-29,-0.11908255142420929,-0.6196453779361664
p02,2019-12-31,-0.11908255142420929,-0.03829582046047285
p02,2020-01-01,-0.11908255142420929,-0.910320156674013
p02,2020-01-02,-0.11908255142420929,0.25237895827737394
p02,2020-01-05,-0.11908255142420929,-0.03829582046047285
p02,2020-01-07,-0.11908255142420929,-0.03829582046047285
p02,2020-01-09,-0.11908255142420929,-0.3289705991983196
p02,2020-01-10,-0.11908255142420929,-0.03829582046047285
p02,2020-01-11,-0.11908255142420929,-0.3289705991983196
p02,2020-01-13,-0.11908255142420929,-0.03829582046047285
p02,2020-01-14,-0.11908255142420929,0.25237895827737394
p02,2020-01-17,-0.11908255142420929,0.5430537370152206
p02,2020-01-18,-0.11908255142420929,-0.3289705991983196
p02,2020-01-20,-2.8090545545692374,-2.8111981726567015
p02,2020-01-23,-0.11908255142420929,-0.03829582046047285
p02,2020-01-24,-0.11908255142420929,-0.3289705991983196
p02,2020-01-25,-0.11908255142420929,-0.6196453779361664
p02,2020-01-26,-0.11908255142420929,-0.6196453779361664
p02,2020-01-29,-0.11908255142420929,-0.03829582046047285
p02,2020-01-31,-0.11908255142420929,-0.03829582046047285
p02,2020-02-02,-0.11908255142420929,0.25237895827737394
p02,2020-02-05,-0.11908255142420929,-0.03829582046047285
p02,2020-02-07,-0.11908255142420929,-0.03829582046047285
p02,2020-02-08,-0.11908255142420929,-0.03829582046047285
p02,2020-02-09,-0.11908255142420929,-0.03829582046047285
p02,2020-02-10,-0.11908255142420929,-0.03829582046047285
p02,2020-02-11,-0.11908255142420929,-0.03829582046047285
p02,2020-02-12,-0.11908255142420929,-0.03829582046047285
p02,2020-02-14,-0.11908255142420929,-0.3289705991983196
p02,2020-02-16,-0.11908255142420929,0.25237895827737394
p02,2020-02-17,-0.11908255142420929,-0.03829582046047285
p02,2020-02-18,-0.11908255142420929,-0.03829582046047285
p02,2020-02-19,-0.11908255142420929,0.5430537370152206
p02,2020-02-21,-0.11908255142420929,0.25237895827737394
p02,2020-02-22,4.70729897995637,3.89381571122762
p02,2020-02-23,-0.11908255142420929,0.25237895827737394
p02,2020-02-24,-0.11908255142420929,-0.03829582046047285
p02,2020-02-25,-0.11908255142420929,-0.03829582046047285
p02,2020-02-26,1.9802221619094,1.9627079528160642
p02,2020-02-27,4.70729897995637,4.475165268703313
p02,2020-02-28,-0.11908255142420929,-0.03829582046047285
p02,2020-02-29,-0.11908255142420929,0.25237895827737394
p02,2020-03-01,-0.11908255142420929,0.25237895827737394
p02,2020-03-02,-0.11908255142420929,0.25237895827737394
p02,2020-03-03,-0.11908255142420929,0.25237895827737394
p02,2020-03-04,-0.11908255142420929,-0.03829582046047285
p02,2020-03-06,-0.11908255142420929,-0.03829582046047285
p02,2020-03-07,-0.11908255142420929,-0.03829582046047285
p02,2020-03-08,-0.11908255142420929,-0.3289705991983196
p02,2020-03-11,-0.11908255142420929,-0.03829582046047285
p02,2020-03-13,-0.11908255142420929,-0.3289705991983196
p02,2020-03-17,-0.11908255142420929,-0.03829582046047285
p02,2020-03-19,-0.11908255142420929,0.25237895827737394
p02,2020-03-20,-0.11908255142420929,-0.3289705991983196
p02,2020-03-21,-0.11908255142420929,-0.3289705991983196
p02,2020-03-23,-0.11908255142420929,0.25237895827737394
p02,2020-03-25,-0.11908255142420929,-0.03829582046047285
p02,2020-03-26,-0.11908255142420929,-0.03829582046047285
p02,2020-03-29,-0.11908255142420929,-0.6196453779361664
p02,2020-03-30,-0.11908255142420929,-0.6196453779361664
p03,2019-11-01,-1.5819619664364952,-1.307254263159579
p03,2019-11-03,0.2860723534580691,0.30682395152634856
p03,2019-11-04,0.2860723534580691,0.30682395152634856
p03,2019-11-05,-1.5819619664364952,-1.307254263159579
p03,2019-11-06,0.2860723534580691,0.30682395152634856
p03,2019-11-07,0.2860723534580691,0.30682395152634856
p03,2019-11-08,2.1541066733526337,1.9209021662122765
p03,2019-11-11,0.2860723534580691,0.30682395152634856
p03,2019-11-12,-1.5819619664364952,-1.307254263159579
p03,2019-11-13,0.2860723534580691,0.30682395152634856
p03,2019-11-14,0.2860723534580691,0.30682395152634856
p03,2019-11-16,0.2860723534580691,0.30682395152634856
p03,2019-11-17,0.2860723534580691,0.30682395152634856
p03,2019-11-19,0.2860723534580691,0.30682395152634856
p03,2019-11-20,0.2860723534580691,0.30682395152634856
p03,2019-11-22,0.2860723534580691,0.30682395152634856
p03,2019-11-23,0.2860723534580691,0.30682395152634856
p03,2019-11-25,2.291942208334976,2.039999193421678
p03,2019-11-26,-1.5819619664364952,-4.488195623525222
p03,2019-11-27,0.2860723534580691,-1.2836467286564728
p03,2019-12-01,0.2860723534580691,0.30682395152634856
p03,2019-12-04,0.2860723534580691,0.30682395152634856
p03,2019-12-09,0.2860723534580691,0.30682395152634856
p03,2019-12-11,0.2860723534580691,0.30682395152634856
p03,2019-12-12,0.2860723534580691,0.30682395152634856
p03,2019-12-14,0.2860723534580691,0.30682395152634856
p03,2019-12-20,0.2860723534580691,0.30682395152634856
p03,2019-12-21,0.2860723534580691,0.30682395152634856
p03,2019-12-22,0.2860723534580691,0.30682395152634856
p03,2019-12-24,0.2860723534580691,1.8972946317091701
p03,2019-12-26,2.126784772679761,0.3068239515263488
p03,2019-12-28,0.2860723534580691,0.30682395152634856
p03,2019-12-29,0.2860723534580691,0.30682395152634856
p03,2019-12-30,0.2860723534580691,0.30682395152634856
p03,2020-01-01,0.2860723534580691,0.30682395152634856
p03,2020-01-05,0.2860723534580691,0.30682395152634856
p03,2020-01-06,-1.7197975014188378,-1.426351290368981
p03,2020-01-07,-1.7197975014188378,-1.426351290368981
p03,2020-01-08,-1.7197975014188378,-1.426351290368981
p03,2020-01-11,0.2860723534580691,0.30682395152634856
p03,2020-01-12,0.2860723534580691,0.30682395152634856
p03,2020-01-13,0.2860723534580691,0.30682395152634856
p03,2020-01-14,0.2860723534580691,0.30682395152634856
p03,2020-01-15,0.2860723534580691,0.30682395152634856
p03,2020-01-16,0.2860723534580691,0.30682395152634856
p03,2020-01-17,0.2860723534580691,0.30682395152634856
p03,2020-01-18,0.2860723534580691,0.30682395152634856
p03,2020-01-19,0.2860723534580691,0.30682395152634856
p03,2020-01-20,0.2860723534580691,0.30682395152634856
p03,2020-01-22,0.2860723534580691,0.30682395152634856
p03,2020-01-23,0.2860723534580691,0.30682395152634856
p03,2020-01-24,0.2860723534580691,0.30682395152634856
p03,2020-01-26,0.2860723534580691,0.30682395152634856
p03,2020-01-27,0.2860723534580691,0.30682395152634856
p03,2020-01-28,0.2860723534580691,0.30682395152634856
p03,2020-01-29,0.2860723534580691,0.30682395152634856
p03,2020-01-30,-1.5819619664364952,-1.307254263159579
p03,2020-01-31,-3.4226743856581874,-2.897724943342401
p03,2020-02-01,0.2860723534580691,0.30682395152634856
p03,2020-02-02,0.2860723534580691,0.30682395152634856
p03,2020-02-03,-3.3953524849853145,-2.874117408839295
p03,2020-02-05,0.2860723534580691,0.30682395152634856
p03,2020-02-07,0.2860723534580691,0.30682395152634856
p03,2020-02-10,0.2860723534580691,0.30682395152634856
p03,2020-02-13,0.2860723534580691,0.30682395152634856
p03,2020-02-15,0.2860723534580691,0.30682395152634856
p03,2020-02-18,0.2860723534580691,0.30682395152634856
p03,2020-02-20,0.2860723534580691,0.30682395152634856
p03,2020-02-21,-1.7197975014188378,-1.426351290368981
p03,2020-02-23,0.2860723534580691,0.30682395152634856
p03,2020-02-24,0.2860723534580691,0.30682395152634856
p03,2020-02-26,0.2860723534580691,0.30682395152634856
p03,2020-03-04,0.2860723534580691,0.30682395152634856
p03,2020-03-06,0.2860723534580691,0.30682395152634856
p03,2020-03-08,0.2860723534580691,0.30682395152634856
p03,2020-03-10,0.2860723534580691,0.30682395152634856
p03,2020-03-17,0.2860723534580691,0.30682395152634856
p03,2020-03-19,0.2860723534580691,0.30682395152634856
p03,2020-03-24,-3.56050992064053,-3.016821970551803
p03,2020-03-30,0.2860723534580691,0.30682395152634856
p04,2019-11-01,-0.7921078509491283,-0.6897273684343521
p04,2019-11-02,-0.24752798936912204,-0.2631195443160711
p04,2019-11-03,0.4996956022232966,0.32223340945314743
p04,2019-11-04,-0.04488425935670938,-0.10437441466513342
p04,2019-11-05,-0.6460627229461937,-0.228600900641244
p04,2019-11-06,1.7349004533862429,1.983294541447569
p04,2019-11-07,1.0442754638033027,0.7488412335714285
p04,2019-11-08,1.6454539273927868,1.5665057514770422
p04,2019-11-09,-0.10148286136618773,-0.1487120924877145
p04,2019-11-10,2.8806587785557336,2.8808478675067115
p04,2019-11-11,-0.6460627229461937,-0.228600900641244
p04,2019-11-12,2.3360789169757274,2.1075210274236795
p04,2019-11-13,0.9548289378098467,1.0254904755304044
p04,2019-11-14,1.7349004533862429,1.6365755254828174
p04,2019-11-15,2.279480314966249,1.023026301706844
p04,2019-11-16,1.5888553253833086,1.5221680736544612
p04,2019-11-17,-1.247241186535678,-1.3929844345116087
p04,2019-11-18,0.4430970002138183,0.6246147475953178
p04,2019-11-19,1.7349004533862429,1.6365755254828174
p04,2019-11-20,-0.7026613249556722,-0.27293857846382513
p04,2019-11-21,1.6454539273927868,1.9132247674417933
p04,2019-11-22,-0.6460627229461937,-0.5753199166059955
p04,2019-11-23,1.0442754638033027,1.0955602495361798
p04,2019-11-24,0.3536504742203622,-0.13889305833996055
p04,2019-11-25,-0.7921078509491283,-0.34300835246960065
p04,2019-11-26,-0.10148286136618773,-0.49543110845246596
p04,2019-11-27,0.4430970002138183,0.9713337635600693
p04,2019-11-28,-1.9378661761186187,-1.9339997104582465
p04,2019-11-29,0.645740730226231,1.1300788932110069
p04,2019-11-30,0.3536504742203622,0.20782595762479084
p04,2019-12-01,1.0442754638033027,0.05540320164192555
p04,2019-12-02,0.4996956022232966,0.6689524254178989
p04,2019-12-03,-0.10148286136618773,0.1980069234770369
p04,2019-12-04,-0.19092938735964385,0.12793714947126134
p04,2019-12-05,-0.6460627229461937,-0.228600900641244
p04,2019-12-06,-0.10148286136618773,-0.1487120924877145
p04,2019-12-07,-0.04488425935670938,0.242344601299618
p04,2019-12-08,2.1900337889727925,1.6463945596305714
p04,2019-12-09,0.04456226663674663,0.6591333912701449
p04,2019-12-10,-0.7921078509491283,-0.6897273684343521
p04,2019-12-11,-1.3366877125291343,-0.7696161765878816
p04,2019-12-13,1.6454539273927868,1.2197867355122904
p04,2019-12-14,-0.6460627229461937,-0.228600900641244
p04,2019-12-15,-0.19092938735964385,-0.2187818664934901
p04,2019-12-16,-0.7921078509491283,-0.6897273684343521
p04,2019-12-17,1.0442754638033027,1.0955602495361798
p04,2019-12-18,-0.04488425935670938,0.242344601299618
p04,2019-12-19,-0.19092938735964385,0.12793714947126134
p04,2019-12-20,0.4996956022232966,0.6689524254178989
p04,2019-12-21,-0.7026613249556722,-0.966376610393328
p04,2019-12-22,-1.247241186535678,-1.0462654185468574
p04,2019-12-23,-0.10148286136618773,0.1980069234770369
p04,2019-12-25,-0.24752798936912204,-0.2631195443160711
p04,2019-12-26,0.3536504742203622,0.20782595762479084
p04,2019-12-27,-1.1146801185928603,-1.7931931537757022
p04,2019-12-28,-1.4827328405320688,-1.2307426443809897
p04,2019-12-29,-1.3366877125291343,-1.116335192552633
p04,2019-12-30,-0.7921078509491283,-0.6897273684343521
p04,2019-12-31,-0.7026613249556722,-0.6196575944285766
p04,2020-01-01,-0.7921078509491283,-1.0364463843991034
p04,2020-01-02,-0.10148286136618773,0.1980069234770369
p04,2020-01-03,-2.0839113041215533,-2.3951261782513544
p04,2020-01-04,-1.9378661761186187,-1.9339997104582465
p04,2020-01-05,-0.7921078509491283,-0.6897273684343521
p04,2020-01-06,-1.9378661761186187,-2.280718726422998
p04,2020-01-07,1.0442754638033027,1.0955602495361798
p04,2020-01-08,0.4996956022232966,0.6689524254178989
p04,2020-01-09,-0.73550924893965,-0.2986706746470196
p04,2020-01-10,0.4430970002138183,0.2778957316305664
p04,2020-01-11,1.5888553253833086,1.5221680736544612
p04,2020-01-12,0.645740730226231,0.7833598772462556
p04,2020-01-13,-1.3366877125291343,-1.116335192552633
p04,2020-01-14,1.4994087993898526,1.105379283683934
p04,2020-01-15,-1.3366877125291343,-1.463054208517384
p04,2020-01-16,-1.3366877125291343,-1.116335192552633
p04,2020-01-17,1.6454539273927868,1.5665057514770422
p04,2020-01-18,0.3536504742203622,0.20782595762479084
p04,2020-01-19,1.0442754638033027,1.4422792655009316
p04,2020-01-20,0.4996956022232966,0.6689524254178989
p04,2020-01-21,-0.19092938735964385,-0.5655008824582415
p04,2020-01-22,-0.7921078509491283,-1.0364463843991034
p04,2020-01-24,0.3536504742203622,-0.13889305833996055
p04,2020-01-25,-0.19092938735964385,-0.9122198984229929
p04,2020-01-26,-1.3366877125291343,-1.116335192552633
p04,2020-01-27,1.0442754638033027,1.0955602495361798
p04,2020-01-28,1.0442754638033027,0.7488412335714285
p04,2020-01-29,0.3536504742203622,-0.13889305833996055
p04,2020-01-30,-0.19092938735964385,-0.2187818664934901
p04,2020-01-31,0.3536504742203622,0.20782595762479084
p04,2020-02-02,-0.24752798936912204,-0.956557576245574
p04,2020-02-03,-0.6460627229461937,-0.9220389325707469
p04,2020-02-04,1.5888553253833086,1.1754490576897094
p04,2020-02-05,-0.7921078509491283,-0.6897273684343521
p04,2020-02-06,-0.24752798936912204,-0.6098385602808225
p04,2020-02-08,-0.6460627229461937,-0.228600900641244
p04,2020-02-09,0.04456226663674663,-0.3810236566241093
p04,2020-02-10,0.4996956022232966,0.6689524254178989
p04,2020-02-11,-1.3366877125291343,-1.116335192552633
p04,2020-02-12,1.7914990553957213,1.6809132033053986
p04,2020-02-15,-0.19092938735964385,0.12793714947126134
p04,2020-02-16,-0.10148286136618773,0.1980069234770369
p04,2020-02-17,0.4430970002138183,0.9713337635600693
p04,2020-02-18,-0.10148286136618773,0.1980069234770369
p04,2020-02-19,-0.6460627229461937,-0.5753199166059955
p04,2020-02-20,-0.10148286136618773,-0.1487120924877145
p04,2020-02-21,-0.10148286136618773,-0.1487120924877145
p04,2020-02-22,-0.10148286136618773,-0.1487120924877145
p04,2020-02-23,-0.7921078509491283,-1.0364463843991034
p04,2020-02-24,0.4996956022232966,0.6689524254178989
p04,2020-02-25,1.6454539273927868,1.5665057514770422
p04,2020-02-26,-0.10148286136618773,0.1980069234770369
p04,2020-02-27,2.3360789169757274,2.454240043388431
p04,2020-02-28,-0.7921078509491283,-1.0364463843991034
p04,2020-02-29,-0.7921078509491283,-1.383165400363855
p04,2020-03-01,-0.7921078509491283,-1.0364463843991034
p04,2020-03-02,-2.6284911657015595,-3.168453018334387
p04,2020-03-03,-0.10148286136618773,-0.49543110845246596
p04,2020-03-04,-0.10148286136618773,-0.1487120924877145
p04,2020-03-05,0.4996956022232966,0.32223340945314743
p04,2020-03-07,-0.10148286136618773,-0.1487120924877145
p04,2020-03-08,0.4996956022232966,0.6689524254178989
p04,2020-03-09,-0.6460627229461937,-0.228600900641244
p04,2020-03-10,-0.6460627229461937,-0.228600900641244
p04,2020-03-11,0.4996956022232966,1.0156714413826504
p04,2020-03-12,-0.10148286136618773,-0.49543110845246596
p04,2020-03-13,0.4996956022232966,0.6689524254178989
p04,2020-03-14,-0.7921078509491283,-0.34300835246960065
p04,2020-03-15,-1.1906425845261999,-1.0019277407242764
p04,2020-03-16,-0.10148286136618773,-0.1487120924877145
p04,2020-03-17,0.5891421282167526,0.7390221994236743
p04,2020-03-18,-0.10148286136618773,-0.1487120924877145
p04,2020-03-19,0.4996956022232966,0.6689524254178989
p04,2020-03-20,-1.247241186535678,-1.0462654185468574
p04,2020-03-21,-0.10148286136618773,-0.1487120924877145
p04,2020-03-22,-0.7921078509491283,-1.0364463843991034
p04,2020-03-23,-0.10148286136618773,-0.1487120924877145
p04,2020-03-24,-0.10148286136618773,-0.49543110845246596
p04,2020-03-25,-0.10148286136618773,-0.1487120924877145
p04,2020-03-26,-0.10148286136618773,-0.1487120924877145
p04,2020-03-27,-0.10148286136618773,0.1980069234770369
p04,2020-03-28,-0.10148286136618773,-0.1487120924877145
p04,2020-03-29,-1.3366877125291343,-1.463054208517384
p04,2020-03-30,-0.10148286136618773,0.1980069234770369
p05,2019-11-01,0.5445644586468987,2.559388336660948
p05,2019-11-02,-1.1237467820628837,-1.1130177313986704
p05,2019-11-03,-0.7923008600478187,-0.7630062699489661
p05,2019-11-04,-1.4551927040779484,-1.4630291928483747
p05,2019-11-05,-1.4551927040779484,-1.4630291928483747
p05,2019-11-07,-2.792058022772666,-2.874777393317997
p05,2019-11-09,-1.6100006543986949,-1.6265085218634256
p05,2019-11-10,-2.792058022772666,-2.874777393317997
p05,2019-11-11,-1.1237467820628837,-1.1130177313986704
p05,2019-11-12,-0.4553141227155249,-0.4071436311638591
p05,2019-11-13,-0.4553141227155249,-0.4071436311638591
p05,2019-11-14,-2.1236253634253073,-2.168903293083186
p05,2019-11-15,-1.1237467820628837,-1.1130177313986704
p05,2019-11-16,0.5445644586468987,0.6487419305206565
p05,2019-11-17,0.5445644586468987,0.6487419305206565
p05,2019-11-18,-1.1237467820628837,-1.1130177313986704
p05,2019-11-19,-0.9689388317421372,-0.9495384023836195
p05,2019-11-20,-2.2784333137460533,-2.3323826220982364
p05,2019-11-21,-1.1237467820628837,-1.1130177313986704
p05,2019-11-23,-0.6101220730362713,-0.5706229601789099
p05,2019-11-24,-0.4553141227155249,-0.4071436311638591
p05,2019-11-25,-1.7648086047194413,-1.7899878508784763
p05,2019-11-26,-2.792058022772666,-2.874777393317997
p05,2019-11-27,-0.4553141227155249,-0.4071436311638591
p05,2019-11-28,-1.7921794414102425,-1.8188918316334821
p05,2019-11-30,-0.6101220730362713,-0.5706229601789099
p05,2019-12-01,-0.6101220730362713,-0.5706229601789099
p05,2019-12-02,-1.0963759453720827,-1.084113750643665
p05,2019-12-03,-1.7648086047194413,-1.7899878508784763
p05,2019-12-04,-1.6100006543986949,-1.6265085218634256
p05,2019-12-05,-2.792058022772666,-2.874777393317997
p05,2019-12-06,0.3897565083261522,0.4852626015056056
p05,2019-12-07,0.030939749620286363,0.10634715930089597
p05,2019-12-08,-0.12386820070046015,-0.057132169714154954
p05,2019-12-09,0.5445644586468987,0.6487419305206565
p05,2019-12-10,0.5445644586468987,0.6487419305206565
p05,2019-12-11,0.5445644586468987,0.6487419305206565
p05,2019-12-12,-1.4551927040779484,-1.4630291928483747
p05,2019-12-13,-0.9689388317421372,-0.9495384023836195
p05,2019-12-14,-1.151117618753685,-1.141921712153676
p05,2019-12-16,0.5445644586468987,0.6487419305206565
p05,2019-12-17,-0.4553141227155249,-0.4071436311638591
p05,2019-12-18,-1.4551927040779484,-1.4630291928483747
p05,2019-12-19,0.058310586311087396,0.13525114005590136
p05,2019-12-20,-0.941567995051336,-0.9206344216286141
p05,2019-12-21,0.5445644586468987,0.6487419305206565
p05,2019-12-22,0.5445644586468987,0.6487419305206565
p05,2019-12-23,0.5445644586468987,0.5399437742291968
p05,2019-12-24,0.5445644586468987,0.6487419305206565
p05,2019-12-25,0.5445644586468987,0.6487419305206565
p05,2019-12-26,0.5445644586468987,0.6487419305206565
p05,2019-12-27,0.5445644586468987,0.6487419305206565
p05,2019-12-28,0.5445644586468987,0.6487419305206565
p05,2019-12-29,0.5445644586468987,0.6487419305206565
p05,2019-12-30,0.5445644586468987,0.6487419305206565
p05,2019-12-31,0.030939749620286363,0.10634715930089597
p05,2020-01-01,-0.7923008600478187,-0.7630062699489661
p05,2020-01-03,0.5445644586468987,0.5399437742291968
p05,2020-01-04,-0.12386820070046015,-0.057132169714154954
p05,2020-01-05,0.5445644586468987,0.6487419305206565
p05,2020-01-06,1.544443040009322,1.3318579454925834
p05,2020-01-07,1.544443040009322,1.3318579454925834
p05,2020-01-08,-0.4553141227155249,-0.25197039703418994
p05,2020-01-09,0.5445644586468987,0.5399437742291968
p05,2020-01-10,0.5445644586468987,0.5399437742291968
p05,2020-01-11,0.5445644586468987,0.5399437742291968
p05,2020-01-12,0.5445644586468987,0.5399437742291968
p05,2020-01-13,-0.6101220730362713,-0.374579893795478
p05,2020-01-14,-0.4553141227155249,-0.25197039703418994
p05,2020-01-15,-0.941567995051336,-0.6370884898827561
p05,2020-01-17,-0.6101220730362713,-0.374579893795478
p05,2020-01-18,0.5445644586468987,0.5399437742291968
p05,2020-01-19,0.5445644586468987,0.5399437742291968
p05,2020-01-20,0.5445644586468987,0.5399437742291968
p05,2020-01-21,0.5445644586468987,0.5399437742291968
p05,2020-01-22,0.5445644586468987,0.5399437742291968
p05,2020-01-23,0.5445644586468987,0.5399437742291968
p05,2020-01-24,0.5445644586468987,0.5399437742291968
p05,2020-01-25,1.544443040009322,1.3318579454925834
p05,2020-01-26,1.03081833098271,0.925061867077763
p05,2020-01-27,0.5445644586468987,0.5399437742291968
p05,2020-01-28,0.058310586311087396,0.15482568138063038
p05,2020-01-29,0.5445644586468987,0.5399437742291968
p05,2020-01-30,0.5445644586468987,0.5399437742291968
p05,2020-01-31,0.5445644586468987,0.5399437742291968
p05,2020-02-01,0.5445644586468987,0.5399437742291968
p05,2020-02-02,1.058189167673511,0.946739852644017
p05,2020-02-03,0.5445644586468987,0.5399437742291968
p05,2020-02-04,0.5445644586468987,0.5399437742291968
p05,2020-02-05,0.5445644586468987,0.5399437742291968
p05,2020-02-06,1.058189167673511,0.2735916651667664
p05,2020-02-08,1.544443040009322,1.3318579454925834
p05,2020-02-09,0.8760103806619636,-0.5438440046380264
p05,2020-02-11,1.058189167673511,0.946739852644017
p05,2020-02-12,1.544443040009322,1.3318579454925834
p05,2020-02-14,0.5445644586468987,0.5399437742291968
p05,2020-02-15,0.5445644586468987,0.5399437742291968
p05,2020-02-16,0.5445644586468987,0.5399437742291968
p05,2020-02-17,1.544443040009322,1.3318579454925834
p05,2020-02-19,1.544443040009322,1.3318579454925834
p05,2020-02-21,0.8760103806619636,0.8024523703164749
p05,2020-02-22,1.544443040009322,1.3318579454925834
p05,2020-02-23,2.212875699356681,1.8612635206686916
p05,2020-02-25,1.544443040009322,1.3318579454925834
p05,2020-02-27,-0.6101220730362713,-0.374579893795478
p05,2020-02-28,0.5445644586468987,0.5399437742291968
p05,2020-02-29,-0.4553141227155249,-0.9251185845114405
p05,2020-03-01,0.030939749620286363,0.13314769581437635
p05,2020-03-03,1.058189167673511,0.946739852644017
p05,2020-03-04,0.5445644586468987,0.5399437742291968
p05,2020-03-05,0.5445644586468987,0.5399437742291968
p05,2020-03-06,0.5445644586468987,0.5399437742291968
p05,2020-03-07,0.5445644586468987,0.5399437742291968
p05,2020-03-08,0.5445644586468987,0.5399437742291968
p05,2020-03-09,0.5445644586468987,0.5399437742291968
p05,2020-03-10,0.5445644586468987,0.5399437742291968
p05,2020-03-11,0.5445644586468987,0.5399437742291968
p05,2020-03-12,0.5445644586468987,0.5399437742291968
p05,2020-03-13,0.5445644586468987,0.5399437742291968
p05,2020-03-15,0.030939749620286363,0.13314769581437635
p05,2020-03-16,0.5445644586468987,0.5399437742291968
p05,2020-03-17,0.5445644586468987,0.5399437742291968
p05,2020-03-18,-0.4553141227155249,-0.25197039703418994
p05,2020-03-19,-0.4553141227155249,-0.25197039703418994
p05,2020-03-20,0.5445644586468987,0.5399437742291968
p05,2020-03-21,0.058310586311087396,0.15482568138063038
p05,2020-03-22,0.058310586311087396,-0.5183225060966201
p05,2020-03-23,-0.4553141227155249,-0.25197039703418994
p05,2020-03-24,-0.941567995051336,-0.6370884898827561
p05,2020-03-25,0.5445644586468987,0.5399437742291968
p05,2020-03-27,0.058310586311087396,-0.5183225060966201
p05,2020-03-28,-0.4553141227155249,-0.25197039703418994
p05,2020-03-29,-0.4553141227155249,-0.25197039703418994
p05,2020-03-30,-0.4553141227155249,-0.9251185845114405
p06,2019-11-02,1.2326184624324314,1.2855293613432763
p06,2019-11-03,-1.3348105459928845,-1.2806227114048863
p06,2019-11-04,-0.18112589844524377,0.6052025604887765
p06,2019-11-05,1.2326184624324314,1.758051425512662
p06,2019-11-06,0.525746281993594,0.472843896746641
p06,2019-11-07,2.158029000983303,2.276423634466817
p06,2019-11-08,-0.18112589844524377,0.6052025604887765
p06,2019-11-09,-2.74855490687056,-2.4334715764287718
p06,2019-11-10,0.3072079238815603,1.0034181844738141
p06,2019-11-11,1.2326184624324314,1.758051425512662
p06,2019-11-12,1.2326184624324314,1.521790393427969
p06,2019-11-13,-0.40940000744201305,0.18279362588803982
p06,2019-11-14,-2.041682726431722,-1.620786111832136
p06,2019-11-15,-2.041682726431722,-1.1482640476627506
p06,2019-11-16,1.2326184624324314,1.2855293613432763
p06,2019-11-17,1.2326184624324314,1.0492683292585836
p06,2019-11-18,1.2326184624324314,1.2855293613432763
p06,2019-11-19,1.2326184624324314,0.5767462650891981
p06,2019-11-20,1.2326184624324314,1.2855293613432763
p06,2019-11-21,1.2326184624324314,0.8130072971738908
p06,2019-11-22,2.167764751868039,1.8118406642865705
p06,2019-11-23,-3.673965445421431,-3.4243658495523124
p06,2019-11-24,-2.74855490687056,-1.7246884801746938
p06,2019-11-25,-2.0319469755469863,-2.085369082012383
p06,2019-11-26,-2.0319469755469863,-1.84910804992769
p06,2019-11-27,-1.1065364369961153,-1.0944748088888425
p06,2019-11-28,-0.18112589844524377,0.13268049631939097
p06,2019-11-29,-1.1065364369961153,-0.8582137768041498
p06,2019-11-30,1.2326184624324314,1.2855293613432763
p06,2019-12-01,-0.18112589844524377,0.13268049631939097
p06,2019-12-02,-0.39966425655727733,-0.5180503763768997
p06,2019-12-03,0.525746281993594,0.472843896746641
p06,2019-12-04,-2.041682726431722,-1.1482640476627506
p06,2019-12-05,0.525746281993594,0.7091049288313338
p06,2019-12-06,0.525746281993594,0.9453659609160264
p06,2019-12-07,-0.18112589844524377,0.3689415284040837
p06,2019-12-08,-0.18112589844524377,0.3689415284040837
p06,2019-12-09,0.525746281993594,0.7091049288313338
p06,2019-12-10,-0.18112589844524377,-0.33984156784999453
p06,2019-12-11,-1.1065364369961153,-0.6219527447194569
p06,2019-12-12,-1.1065364369961153,-0.6219527447194569
p06,2019-12-13,-0.18112589844524377,0.3689415284040837
p06,2019-12-14,-0.18112589844524377,0.3689415284040837
p06,2019-12-15,0.3072079238815603,-0.17788697594964958
p06,2019-12-16,-0.39966425655727733,-0.04552831220751405
p06,2019-12-17,0.525746281993594,0.7091049288313338
p06,2019-12-18,-1.1065364369961153,-1.3307358409735353
p06,2019-12-19,-0.18112589844524377,-0.8123636320193802
p06,2019-12-20,-1.1065364369961153,-1.3307358409735353
p06,2019-12-21,-0.39966425655727733,-0.5180503763768997
p06,2019-12-22,1.2326184624324314,1.758051425512662
p06,2019-12-23,-0.39966425655727733,-0.04552831220751405
p06,2019-12-24,1.2326184624324314,1.2855293613432763
p06,2019-12-26,1.2326184624324314,1.2855293613432763
p06,2019-12-27,-1.1065364369961153,-1.3307358409735353
p06,2019-12-28,1.2326184624324314,0.8130072971738908
p06,2019-12-29,-1.1162721878808508,-1.338674934962674
p06,2019-12-30,-0.39966425655727733,-0.2817893442922068
p06,2019-12-31,-0.39966425655727733,-0.7543114084615924
p06,2020-01-01,-2.74855490687056,-2.1972105443440793
p06,2020-01-02,0.525746281993594,0.7091049288313338
p06,2020-01-03,1.2326184624324314,1.2855293613432763
p06,2020-01-04,0.525746281993594,-0.23593919950743725
p06,2020-01-05,0.525746281993594,0.7091049288313338
p06,2020-01-06,1.2326184624324314,1.758051425512662
p06,2020-01-07,0.3072079238815603,-0.17788697594964958
p06,2020-01-08,-0.39966425655727733,-0.990572440546285
p06,2020-01-09,-0.39966425655727733,-0.990572440546285
p06,2020-01-10,-0.39966425655727733,-0.5180503763768997
p06,2020-01-11,-2.041682726431722,-2.3295692080862147
p06,2020-01-12,1.2326184624324314,1.521790393427969
p06,2020-01-13,0.525746281993594,0.23658286466194822
p06,2020-01-14,-0.18112589844524377,-0.33984156784999453
p06,2020-01-15,0.525746281993594,0.472843896746641
p06,2020-01-16,0.525746281993594,0.00032183257725547707
p06,2020-01-17,0.525746281993594,0.23658286466194822
p06,2020-01-18,-0.39966425655727733,-0.7543114084615924
p06,2020-01-19,0.525746281993594,0.472843896746641
p06,2020-01-20,0.525746281993594,0.472843896746641
p06,2020-01-21,0.525746281993594,0.00032183257725547707
p06,2020-01-22,-0.39966425655727733,-0.7543114084615924
p06,2020-01-23,0.525746281993594,0.9453659609160264
p06,2020-01-24,0.525746281993594,0.472843896746641
p06,2020-01-25,1.2326184624324314,0.8130072971738908
p06,2020-01-26,0.525746281993594,0.00032183257725547707
p06,2020-01-27,0.525746281993594,0.7091049288313338
p06,2020-01-28,0.525746281993594,0.23658286466194822
p06,2020-01-29,-0.39966425655727733,-0.5180503763768997
p06,2020-01-30,0.525746281993594,0.23658286466194822
p06,2020-01-31,-0.39966425655727733,-0.5180503763768997
p06,2020-02-01,0.525746281993594,0.00032183257725547707
p06,2020-02-02,1.2326184624324314,1.2855293613432763
p06,2020-02-03,0.525746281993594,0.472843896746641
p06,2020-02-04,0.525746281993594,0.472843896746641
p06,2020-02-05,-1.1065364369961153,-1.3307358409735353
p06,2020-02-06,0.525746281993594,0.7091049288313338
p06,2020-02-07,-1.1065364369961153,-0.8582137768041498
p06,2020-02-08,-1.1162721878808508,-0.8661528707932886
p06,2020-02-09,0.525746281993594,0.7091049288313338
p06,2020-02-11,0.525746281993594,0.472843896746641
p06,2020-02-12,0.525746281993594,0.00032183257725547707
p06,2020-02-13,0.525746281993594,0.472843896746641
p06,2020-02-14,1.2326184624324314,1.521790393427969
p06,2020-02-15,0.525746281993594,0.7091049288313338
p06,2020-02-16,0.525746281993594,0.7091049288313338
p06,2020-02-17,0.525746281993594,0.7091049288313338
p06,2020-02-18,0.525746281993594,0.00032183257725547707
p06,2020-02-19,-0.39966425655727733,-0.7543114084615924
p06,2020-02-20,-0.39966425655727733,-0.2817893442922068
p06,2020-02-21,0.525746281993594,0.7091049288313338
p06,2020-02-22,0.525746281993594,0.00032183257725547707
p06,2020-02-23,0.525746281993594,0.7091049288313338
p06,2020-02-24,0.525746281993594,0.9453659609160264
p06,2020-02-25,0.525746281993594,0.23658286466194822
p06,2020-02-26,0.525746281993594,0.7091049288313338
p06,2020-02-27,0.525746281993594,1.1816269930007193
p06,2020-02-28,-0.39966425655727733,-1.2268334726309778
p06,2020-02-29,-0.39966425655727733,-0.990572440546285
p06,2020-03-01,-2.041682726431722,-2.0933081760015217
p06,2020-03-02,-0.39966425655727733,-0.7543114084615924
p06,2020-03-03,0.525746281993594,0.23658286466194822
p06,2020-03-04,0.525746281993594,0.7091049288313338
p06,2020-03-05,0.525746281993594,-0.23593919950743725
p06,2020-03-06,0.525746281993594,0.7091049288313338
p06,2020-03-07,0.525746281993594,0.472843896746641
p06,2020-03-08,1.2326184624324314,0.5767462650891981
p06,2020-03-09,-0.39966425655727733,0.19073271987717869
p06,2020-03-10,0.525746281993594,-0.23593919950743725
p06,2020-03-11,0.525746281993594,0.7091049288313338
p06,2020-03-12,-0.18112589844524377,-0.8123636320193802
p06,2020-03-13,-1.1065364369961153,-0.8582137768041498
p06,2020-03-14,-1.1065364369961153,-1.201065581745732
p06,2020-03-16,-0.18112589844524377,0.13268049631939097
p06,2020-03-17,-0.18112589844524377,-0.8123636320193802
p06,2020-03-18,-0.18112589844524377,-0.8123636320193802
p06,2020-03-19,-0.18112589844524377,0.13268049631939097
p06,2020-03-20,-0.18112589844524377,-0.10358053576530181
p06,2020-03-21,-0.18112589844524377,-0.10358053576530181
p06,2020-03-22,-0.18112589844524377,-0.5761025999346874
p06,2020-03-23,-0.18112589844524377,-0.10358053576530181
p06,2020-03-24,-1.1065364369961153,-1.3307358409735353
p06,2020-03-25,-1.1065364369961153,-1.0944748088888425
p06,2020-03-26,-1.1065364369961153,-1.3307358409735353
p06,2020-03-27,-0.18112589844524377,-0.33984156784999453
p06,2020-03-28,-0.18112589844524377,-0.5761025999346874
p06,2020-03-29,-0.18112589844524377,-0.33984156784999453
p06,2020-03-30,-0.18112589844524377,-0.10358053576530181
p07,2019-11-06,1.2172087684816997,0.44869807262781447
p07,2019-11-07,1.5872483274004703,2.0592901055934747
p07,2019-11-08,-0.13215029397256958,0.009463504680023447
p07,2019-11-09,2.580146843944575,3.519854410029989
p07,2019-11-10,0.542529237254565,0.5566942721834861
p07,2019-11-11,0.17248967833579468,-0.39867079372303976
p07,2019-11-12,0.542529237254565,1.2119212392426204
p07,2019-11-13,-1.8515489153456093,-1.3851361291742932
p07,2019-11-14,0.542529237254565,0.5566942721834861
p07,2019-11-15,-0.8068298251997043,0.11745970423569514
p07,2019-11-16,0.542529237254565,1.2119212392426204
p07,2019-11-17,0.542529237254565,-0.09853269487564825
p07,2019-11-18,-0.45036927928954024,0.0789704183356721
p07,2019-11-19,1.2172087684816997,1.1039250396869489
p07,2019-11-20,1.2172087684816997,0.44869807262781447
p07,2019-11-21,-0.50218985289134,-0.6182880776969353
p07,2019-11-22,-0.13215029397256958,0.009463504680023447
p07,2019-11-23,0.542529237254565,0.8843077557130532
p07,2019-11-24,0.542529237254565,0.5566942721834861
p07,2019-11-25,0.542529237254565,0.8843077557130532
p07,2019-11-26,0.542529237254565,0.5566942721834861
p07,2019-11-27,0.542529237254565,1.2119212392426204
p07,2019-11-28,-0.13215029397256958,0.009463504680023447
p07,2019-11-29,-0.13215029397256958,0.009463504680023447
p07,2019-11-30,-2.16976790066258,-2.626083149636913
p07,2019-12-01,-0.50218985289134,-0.6182880776969353
p07,2019-12-02,0.542529237254565,0.8843077557130532
p07,2019-12-03,-0.50218985289134,-0.6182880776969353
p07,2019-12-04,-0.50218985289134,-0.6182880776969353
p07,2019-12-05,-0.8068298251997043,-0.21015377929387202
p07,2019-12-06,-1.1768693841184747,-1.165518845200398
p07,2019-12-07,-1.1250488105166752,-1.451100799756492
p07,2019-12-08,-2.8444474318897144,-1.8628599830221073
p07,2019-12-09,0.542529237254565,0.22908078865391893
p07,2019-12-10,-0.13215029397256958,0.3370769882095906
p07,2019-12-11,-1.5469089430372451,-1.7932704275773568
p07,2019-12-12,-0.8068298251997043,-0.5377672628234391
p07,2019-12-13,-0.13215029397256958,0.3370769882095906
p07,2019-12-14,-0.13215029397256958,0.009463504680023447
p07,2019-12-15,-0.8068298251997043,0.11745970423569514
p07,2019-12-16,-1.1768693841184747,-1.165518845200398
p07,2019-12-17,-3.8891665220356195,-3.693069299961663
p07,2019-12-18,-0.13215029397256958,0.009463504680023447
p07,2019-12-19,0.23788926494620105,0.9648285705865495
p07,2019-12-20,-0.8068298251997043,-1.5206077134121407
p07,2019-12-21,-1.1768693841184747,-1.493132328729965
p07,2019-12-22,-0.13215029397256958,0.3370769882095906
p07,2019-12-23,-0.13215029397256958,0.6646904717391579
p07,2019-12-28,-1.1768693841184747,-1.493132328729965
p07,2019-12-29,0.542529237254565,0.5566942721834861
p07,2019-12-30,0.542529237254565,0.22908078865391893
p07,2019-12-31,-2.16976790066258,-1.6432426990482116
p07,2020-01-01,0.4907086636527654,0.8422762267395802
p07,2020-01-02,-1.8515489153456093,-2.0403630962334276
p07,2020-01-05,-1.1250488105166752,-1.778714283286059
p07,2020-01-06,-0.8068298251997043,-1.1929942298825733
p07,2020-01-07,-1.8515489153456093,-2.0403630962334276
p07,2020-01-08,0.542529237254565,0.22908078865391893
p07,2020-01-09,-0.13215029397256958,-0.3181499788495437
p07,2020-01-10,0.8607482225715358,0.4871873585278375
p07,2020-01-11,-0.13215029397256958,0.009463504680023447
p07,2020-01-12,-0.13215029397256958,-0.3181499788495437
p07,2020-01-13,1.5354277537986702,1.0344181260313001
p07,2020-01-14,0.542529237254565,0.8843077557130532
p07,2020-01-15,-0.13215029397256958,0.3370769882095906
p07,2020-01-16,-0.13215029397256958,0.3370769882095906
p07,2020-01-17,1.5354277537986702,1.6896450930904343
p07,2020-01-18,-1.1768693841184747,-1.493132328729965
p07,2020-01-19,-0.13215029397256958,-0.3181499788495437
p07,2020-01-20,-0.13215029397256958,0.3370769882095906
p07,2020-01-21,0.542529237254565,0.8843077557130532
p07,2020-01-22,1.5354277537986702,1.3620316095608673
p07,2020-01-23,0.8607482225715358,0.8148008420574046
p07,2020-01-24,0.8607482225715358,1.1424143255869719
p07,2020-01-25,1.5354277537986702,1.0344181260313001
p07,2020-01-26,0.4907086636527654,0.1870492596804459
p07,2020-01-27,0.8607482225715358,0.4871873585278375
p07,2020-01-28,-0.8068298251997043,0.11745970423569514
p07,2020-01-29,-1.1250488105166752,-0.7958738326973577
p07,2020-01-30,-0.13215029397256958,0.009463504680023447
p07,2020-01-31,0.8607482225715358,0.8148008420574046
p07,2020-02-01,1.5354277537986702,1.3620316095608673
p07,2020-02-02,1.5354277537986702,1.0344181260313001
p07,2020-02-03,-0.50218985289134,-0.9459015612265024
p07,2020-02-04,0.542529237254565,0.22908078865391893
p07,2020-02-05,1.5354277537986702,1.3620316095608673
p07,2020-02-06,-0.50218985289134,-0.9459015612265024
p07,2020-02-07,1.5354277537986702,1.3620316095608673
p07,2020-02-08,1.5354277537986702,1.3620316095608673
p07,2020-02-09,-0.18397086757436928,-0.032568024293449606
p07,2020-02-10,-0.13215029397256958,-0.3181499788495437
p07,2020-02-11,1.5354277537986702,1.0344181260313001
p07,2020-02-12,-0.13215029397256958,0.009463504680023447
p07,2020-02-13,-0.13215029397256958,-0.3181499788495437
p07,2020-02-14,1.5354277537986702,1.3620316095608673
p07,2020-02-15,-0.13215029397256958,0.009463504680023447
p07,2020-02-16,-0.13215029397256958,-0.3181499788495437
p07,2020-02-18,-2.16976790066258,-1.970856182577779
p07,2020-02-20,-0.13215029397256958,-0.3181499788495437
p07,2020-02-21,-0.13215029397256958,0.009463504680023447
p07,2020-02-23,-0.13215029397256958,0.009463504680023447
p07,2020-02-24,-0.13215029397256958,0.009463504680023447
p07,2020-02-25,-0.8068298251997043,-0.8653807463530063
p07,2020-02-26,-0.13215029397256958,-0.6457634623791109
p07,2020-02-27,-0.13215029397256958,0.009463504680023447
p07,2020-02-28,-0.13215029397256958,0.009463504680023447
p07,2020-02-29,-0.8068298251997043,-0.21015377929387202
p07,2020-03-01,-0.13215029397256958,-0.3181499788495437
p07,2020-03-02,0.542529237254565,-0.09853269487564825
p07,2020-03-03,0.8607482225715358,0.15957387499827028
p07,2020-03-04,1.5354277537986702,1.0344181260313001
p07,2020-03-05,-0.13215029397256958,-0.3181499788495437
p07,2020-03-06,1.5354277537986702,1.0344181260313001
p07,2020-03-07,0.542529237254565,0.22908078865391893
p07,2020-03-09,-0.13215029397256958,-0.3181499788495437
p07,2020-03-10,-0.13215029397256958,-0.3181499788495437
p07,2020-03-11,-0.8068298251997043,-0.5377672628234391
p07,2020-03-12,-0.13215029397256958,-0.3181499788495437
p07,2020-03-13,0.8607482225715358,0.8148008420574046
p07,2020-03-14,0.8607482225715358,0.4871873585278375
p07,2020-03-15,-0.8068298251997043,-0.8653807463530063
p07,2020-03-17,0.542529237254565,0.22908078865391893
p07,2020-03-18,-0.13215029397256958,0.009463504680023447
p07,2020-03-19,-1.1768693841184747,-1.165518845200398
p07,2020-03-20,1.5354277537986702,1.6896450930904343
p07,2020-03-21,-0.13215029397256958,-0.3181499788495437
p07,2020-03-22,-0.13215029397256958,-0.6457634623791109
p07,2020-03-24,0.542529237254565,0.5566942721834861
p07,2020-03-25,-0.8068298251997043,-0.8653807463530063
p07,2020-03-26,-0.13215029397256958,-0.3181499788495437
p07,2020-03-28,-0.13215029397256958,0.009463504680023447
p07,2020-03-29,-0.13215029397256958,0.009463504680023447
p08,2019-11-11,0.3623864289144886,0.0811794749064425
p08,2019-11-12,-0.37767706366760434,-0.033350580038757925
p08,2019-11-13,-0.9345707034278191,-1.101043707626212
p08,2019-11-14,-1.4829552611549797,-1.5087945946081411
p08,2019-11-15,0.3623864289144886,0.29905124812529155
p08,2019-11-16,0.9192800686747036,0.27738550961850034
p08,2019-11-17,-0.9345707034278191,-1.3189154808450612
p08,2019-11-18,-1.4829552611549797,-1.9445381410458393
p08,2019-11-19,0.3623864289144886,-0.3545640715312557
p08,2019-11-20,-2.788421475530342,-2.9152164713086224
p08,2019-11-21,0.9192800686747036,0.27738550961850034
p08,2019-11-22,-1.4829552611549797,-1.5087945946081411
p08,2019-11-23,0.9192800686747036,0.49525728283734943
p08,2019-11-25,0.9192800686747036,0.9310008292750476
p08,2019-11-26,-0.18599812881267164,0.10917213436221179
p08,2019-11-27,0.3794045929805977,0.7474486364609457
p08,2019-11-29,1.1109590035296364,1.2913953168948664
p08,2019-11-30,-1.6916523600760214,-1.6639711509070667
p08,2019-12-01,-0.17748904677961705,-0.3202444911265084
p08,2019-12-02,-0.17748904677961705,0.3333708285300389
p08,2019-12-03,1.4761737084349182,1.1272068639871053
p08,2019-12-04,0.3794045929805977,0.7474486364609457
p08,2019-12-08,1.467664626401864,1.3387517162569766
p08,2019-12-09,-0.18599812881267164,-0.1086996388566373
p08,2019-12-10,-0.18599812881267164,0.10917213436221179
p08,2019-12-11,1.4761737084349182,1.5629504104248038
p08,2019-12-12,-0.17748904677961705,0.11549905531118979
p08,2019-12-13,2.224746283050066,2.11955093275668
p08,2019-12-14,0.3623864289144886,-0.3545640715312557
p08,2019-12-15,-1.6916523600760214,-1.4460993776882176
p08,2019-12-16,-1.4829552611549797,-0.8551792749515937
p08,2019-12-17,-0.9430797854608736,-0.8894988553563409
p08,2019-12-18,0.3623864289144886,0.29905124812529155
p08,2019-12-19,0.014189888075315654,0.04014999649331045
p08,2019-12-20,0.3623864289144886,-0.13669229831240653
p08,2019-12-21,0.9192800686747036,0.9310008292750476
p08,2019-12-22,-0.18599812881267164,-0.1086996388566373
p08,2019-12-23,1.119468085562691,1.2977222378438447
p08,2019-12-24,1.6593435612567966,1.0455308842202482
p08,2019-12-25,-0.029480522828431235,-0.6459364212821731
p08,2019-12-26,-0.38618614570065896,-0.6932928206442831
p08,2019-12-27,0.927789150707758,0.9373277502240254
p08,2019-12-28,-0.7343826865398319,-1.1700658454951134
p08,2019-12-30,1.4761737084349182,1.5629504104248038
p08,2019-12-31,0.9107709866416491,1.1425456815449189
p08,2020-01-01,-0.7428917685728864,-1.1763927664440914
p08,2020-01-02,-0.7343826865398319,-0.7343222990574152
p08,2020-01-03,-0.18599812881267164,-0.3265714120754864
p08,2020-01-04,1.4761737084349182,1.5629504104248038
p08,2020-01-05,0.3623864289144886,0.0811794749064425
p08,2020-01-06,-0.7343826865398319,-0.5164505258385661
p08,2020-01-07,0.37089551094754325,0.3053781690742696
p08,2020-01-08,-0.7343826865398319,-0.5164505258385661
p08,2020-01-09,-0.18599812881267164,-0.1086996388566373
p08,2020-01-11,-0.7343826865398319,-1.1700658454951134
p08,2020-01-12,-2.788421475530342,-2.747911183265007
p08,2020-01-13,-2.039848900915194,-2.0057771534891713
p08,2020-01-14,-2.039848900915194,-2.0057771534891713
p08,2020-01-18,-0.7343826865398319,-1.1700658454951134
p08,2020-01-19,-0.7343826865398319,-0.7343222990574152
p08,2020-01-22,-0.18599812881267164,-0.5444431852943354
p08,2020-01-23,-0.18599812881267164,-0.3265714120754864
p08,2020-01-31,0.37089551094754325,0.5232499422931187
p08,2020-02-01,0.3623864289144886,0.29905124812529155
p08,2020-02-02,0.37089551094754325,0.3053781690742696
p08,2020-02-03,0.9192800686747036,1.1488726024938967
p08,2020-02-04,0.9192800686747036,0.49525728283734943
p08,2020-02-05,0.3623864289144886,0.29905124812529155
p08,2020-02-06,-0.18599812881267164,-0.3265714120754864
p08,2020-02-09,1.4761737084349182,1.7808221836436524
p08,2020-02-10,-0.7343826865398319,-0.5164505258385661
p08,2020-02-11,0.9192800686747036,1.1488726024938967
p08,2020-02-12,-0.37767706366760434,-0.251222353257607
p08,2020-02-13,-0.7343826865398319,-0.5164505258385661
p08,2020-02-14,-0.7343826865398319,-0.7343222990574152
p08,2020-02-15,0.37089551094754325,0.5232499422931187
p08,2020-02-18,-0.7343826865398319,-0.5164505258385661
p08,2020-02-20,-0.18599812881267164,0.10917213436221179
p08,2020-02-21,-0.9345707034278191,-0.44742838796966483
p08,2020-02-22,-0.9345707034278191,-0.883171934407363
p08,2020-02-23,-0.37767706366760434,-0.251222353257607
p08,2020-02-26,-1.683143278042967,-1.2219006835203905
p08,2020-02-27,0.3623864289144886,0.29905124812529155
p08,2020-02-28,-0.9345707034278191,-0.6653001611885139
p08,2020-02-29,0.927789150707758,0.9373277502240254
p08,2020-03-02,-0.9345707034278191,-0.44742838796966483
p08,2020-03-03,0.3794045929805977,0.5295768632420966
p08,2020-03-04,0.37089551094754325,0.5232499422931187
p08,2020-03-05,-0.18599812881267164,0.10917213436221179
p08,2020-03-06,-1.4829552611549797,-1.073051048170443
p08,2020-03-07,0.3623864289144886,0.29905124812529155
p08,2020-03-09,0.7276011338197709,1.006349888092927
p08,2020-03-12,1.4761737084349182,1.5629504104248038
p08,2020-03-14,0.1792165760926106,0.5985990011109982
p08,2020-03-15,1.4761737084349182,1.3450786372059544
p08,2020-03-17,0.9192800686747036,0.9310008292750476
p08,2020-03-19,-0.18599812881267164,0.10917213436221179
p08,2020-03-20,1.4761737084349182,1.7808221836436524
p08,2020-03-21,0.927789150707758,1.3730712966617236
p08,2020-03-22,0.9192800686747036,0.9310008292750476
p08,2020-03-24,0.3623864289144886,0.0811794749064425
p08,2020-03-25,0.9192800686747036,0.49525728283734943
p08,2020-03-27,0.3623864289144886,0.29905124812529155
p09,2019-11-15,-1.3119579004525543,-0.9588914402366611
p09,2019-11-16,1.135160646708129,1.7214443279151506
p09,2019-11-17,1.115735540571547,1.010856273484766
p09,2019-11-18,-1.4075431492834298,-1.0364460532567823
p09,2019-11-19,-1.872022277108417,-1.7607221791862389
p09,2019-11-20,-1.872022277108417,-1.4133085864927108
p09,2019-11-21,-1.3978305962151392,-0.6811520260415902
p09,2019-11-22,0.660968965814851,0.6418741747705019
p09,2019-11-23,-0.3732870917342894,-0.19728593924314022
p09,2019-11-25,-2.9062783346575576,-2.599882293199881
p09,2019-11-27,0.18677728492157308,0.6045447997064374
p09,2019-11-28,2.149991598120687,2.1974299801919357
p09,2019-11-29,-0.3732870917342894,0.1501276534503878
p09,2019-11-30,-0.8474787726275673,-0.5820289070007327
p09,2019-12-01,0.09119203609069752,0.17957659399278808
p09,2019-12-02,0.18677728492157308,0.25713120701290937
p09,2019-12-03,-0.3732870917342894,0.1501276534503878
p09,2019-12-04,-1.3978305962151392,-0.6811520260415902
p09,2019-12-05,0.11061714222727924,0.19533746303611635
p09,2019-12-06,-1.872022277108417,-1.7607221791862389
p09,2019-12-07,2.624183279013965,2.929586540643057
p09,2019-12-08,1.5899272214648248,1.7430128339358864
p09,2019-12-09,-0.3829996448025803,-0.2051663737648044
p09,2019-12-10,1.0298628448089624,0.9411820949863089
p09,2019-12-11,0.09119203609069752,0.17957659399278808
p09,2019-12-12,0.09119203609069752,0.5269901866863161
p09,2019-12-13,-0.3732870917342894,-0.19728593924314022
p09,2019-12-14,-0.28741439597170476,-0.8224389461317393
p09,2019-12-15,1.115735540571547,0.6634426807912379
p09,2019-12-17,-0.3732870917342894,-0.19728593924314022
p09,2019-12-18,0.09119203609069752,0.17957659399278808
p09,2019-12-19,0.660968965814851,1.336701360157558
p09,2019-12-21,0.6512564127465601,0.6339937402488376
p09,2019-12-22,0.6415438596782691,0.2786997130336454
p09,2019-12-23,-0.8474787726275673,-0.9294424996942608
p09,2019-12-25,1.115735540571547,0.6634426807912379
p09,2019-12-26,0.6512564127465601,0.2865801475553096
p09,2019-12-27,1.115735540571547,0.6634426807912379
p09,2019-12-28,-0.28741439597170476,-0.4750253534382112
p09,2019-12-29,0.09119203609069752,-0.16783699870074004
p09,2019-12-30,0.09119203609069752,0.17957659399278808
p09,2019-12-31,0.09119203609069752,0.17957659399278808
p09,2020-01-01,1.1254480936398379,0.671323115312902
p09,2020-01-03,0.09119203609069752,-0.16783699870074004
p09,2020-01-07,-0.3732870917342894,-0.19728593924314022
p09,2020-01-08,-0.3732870917342894,-0.19728593924314022
p09,2020-01-10,0.6512564127465601,0.2865801475553096
p09,2020-01-11,2.149991598120687,1.8500163874984075
p09,2020-01-12,0.1770647318532822,-0.09816282020228292
p09,2020-01-13,0.5653837169839754,0.5643195617503806
p09,2020-01-14,0.09119203609069752,-0.16783699870074004
p09,2020-01-15,-0.8474787726275673,-0.9294424996942608
p09,2020-01-16,-0.3732870917342894,-0.5446995319366683
p09,2020-01-17,-0.8474787726275673,-0.5820289070007327
p09,2020-01-18,0.660968965814851,0.6418741747705019
p09,2020-01-19,0.16735217878499126,-0.8008704401110034
p09,2020-01-20,1.5996397745331157,1.7508932684575507
p09,2020-01-22,0.10090458915898848,0.18745702851445228
p09,2020-01-23,-0.8474787726275673,-0.9294424996942608
p09,2020-01-24,0.6415438596782691,0.2786997130336454
p09,2020-01-25,1.115735540571547,1.010856273484766
p09,2020-01-26,1.115735540571547,0.6634426807912379
p09,2020-01-27,-1.8817348301767076,-2.116016206401431
p09,2020-02-01,0.6415438596782691,0.9735268984207015
p09,2020-02-02,0.0814794830224066,0.17169615947112382
p09,2020-02-03,-0.3829996448025803,-0.2051663737648044
p09,2020-02-05,-1.3119579004525543,-1.3063050329301893
p09,2020-02-06,-1.8817348301767076,-2.463429799094959
p09,2020-02-07,0.6415438596782691,0.6261133057271735
p09,2020-02-09,0.660968965814851,0.9892877674640298
p09,2020-02-10,-0.3829996448025803,-0.2051663737648044
p09,2020-02-11,-0.3829996448025803,-0.5525799664583324
p09,2020-02-12,1.1254480936398379,1.366150300699958
p09,2020-02-13,-0.8474787726275673,-0.9294424996942608
p09,2020-02-14,0.1770647318532822,-0.09816282020228292
p09,2020-02-18,-1.9676075259392924,-2.185690384899888
p09,2020-02-20,-1.4075431492834298,-1.3838596459503103
p09,2020-02-21,0.09119203609069752,-0.16783699870074004
p09,2020-02-23,0.6415438596782691,0.2786997130336454
p09,2020-02-24,0.6512564127465601,0.9814073329423656
p09,2020-02-25,1.115735540571547,1.3582698661782937
p09,2020-02-26,1.115735540571547,1.3582698661782937
p09,2020-02-28,-0.8474787726275673,-1.276856092387789
p09,2020-02-29,-0.3829996448025803,-0.2051663737648044
p09,2020-03-01,1.5899272214648248,1.3955992412423583
p09,2020-03-02,-0.3732870917342894,-0.19728593924314022
p09,2020-03-03,-0.8474787726275673,-0.5820289070007327
p09,2020-03-04,0.09119203609069752,0.17957659399278808
p09,2020-03-05,0.10090458915898848,0.18745702851445228
p09,2020-03-06,-1.4075431492834298,-1.3838596459503103
p09,2020-03-07,0.5653837169839754,0.5643195617503806
p09,2020-03-08,0.0814794830224066,-0.8705446186094604
p09,2020-03-10,-0.3732870917342894,-0.5446995319366683
p09,2020-03-14,-1.4075431492834298,-1.7312732386438385
p09,2020-03-17,-0.8474787726275673,-0.9294424996942608
p09,2020-03-19,0.09119203609069752,-0.16783699870074004
p09,2020-03-20,-0.3829996448025803,-0.5525799664583324
p09,2020-03-21,0.09119203609069752,-0.16783699870074004
p09,2020-03-24,0.09119203609069752,0.5269901866863161
p09,2020-03-25,0.5653837169839754,0.9117331544439085
p09,2020-03-26,0.10090458915898848,0.18745702851445228
p09,2020-03-30,1.5899272214648248,1.0481856485488303
p10,2019-11-16,0.903451064922919,0.8425294647940077
p10,2019-11-17,0.22401400920417858,0.578720462059712
p10,2019-11-18,-1.1191870038740719,-1.277516707032809
p10,2019-11-19,0.22401400920417858,0.578720462059712
p10,2019-11-20,-1.0178028413060074,-0.39360014913786323
p10,2019-11-21,2.2466520780011696,2.1624102650094765
p10,2019-11-22,-1.6815667986655178,-1.4496719466190362
p10,2019-11-23,2.2466520780011696,2.9669448183250555
p10,2019-11-24,0.903451064922919,1.110707649232534
p10,2019-11-25,-1.580182636097453,-1.6384681264781948
p10,2019-11-26,0.22401400920417858,0.578720462059712
p10,2019-11-27,0.3410712701314735,0.1340178563307283
p10,2019-11-28,-0.2213085246599721,-0.3063155676940249
p10,2019-11-30,-1.1191870038740719,-1.5456948914713355
p10,2019-12-01,0.3410712701314735,0.1340178563307283
p10,2019-12-02,-0.9007455803787126,-1.106480939305373
p10,2019-12-03,1.6842722832097239,1.7220768409847231
p10,2019-12-04,-0.3383657855872669,0.13838703803495883
p10,2019-12-05,-0.9007455803787126,-0.30194638598979434
p10,2019-12-06,-1.6815667986655178,-1.7178501310575622
p10,2019-12-07,0.903451064922919,0.5743512803554816
p10,2019-12-08,1.801329544137019,1.8137306041327919
p10,2019-12-09,0.3410712701314735,0.6703742252077808
p10,2019-12-10,-0.3383657855872669,-0.3979693308420937
p10,2019-12-11,0.3410712701314735,-0.1341603281077979
p10,2019-12-12,1.801329544137019,1.2773742352557396
p10,2019-12-13,-0.2213085246599721,-0.5744937521325512
p10,2019-12-14,-1.0021297429467773,-1.042230636607261
p10,2019-12-15,-0.2213085246599721,-0.22707171427100864
p10,2019-12-16,-0.2213085246599721,-0.22707171427100864
p10,2019-12-17,0.3410712701314735,-0.1341603281077979
p10,2019-12-18,0.3410712701314735,0.1340178563307283
p10,2019-12-19,-0.3383657855872669,-0.3979693308420937
p10,2019-12-20,0.3410712701314735,0.1340178563307283
p10,2019-12-21,-1.1191870038740719,-1.0093385225942828
p10,2019-12-22,0.3410712701314735,0.40219604076925447
p10,2019-12-23,0.3410712701314735,0.1340178563307283
p10,2019-12-25,0.903451064922919,0.8425294647940077
p10,2019-12-26,1.6842722832097239,1.7220768409847231
p10,2019-12-27,0.3410712701314735,0.1340178563307283
p10,2019-12-28,0.3410712701314735,0.40219604076925447
p10,2019-12-29,1.801329544137019,1.5455524196942658
p10,2019-12-30,1.0048352274909838,0.6537332849348487
p10,2019-12-31,1.6842722832097239,1.7220768409847231
p10,2020-01-02,1.0048352274909838,1.1900896538119012
p10,2020-01-03,-0.3383657855872669,0.13838703803495883
p10,2020-01-04,1.5672150222824295,1.3622448933981284
p10,2020-01-05,-0.3383657855872669,-0.12979114640356743
p10,2020-01-06,-0.3383657855872669,-0.3979693308420937
p10,2020-01-07,-0.9007455803787126,-1.106480939305373
p10,2020-01-09,-1.0178028413060074,-0.6617783335763895
p10,2020-01-10,-1.7986240595928122,-1.541325709767105
p10,2020-01-12,-0.9007455803787126,-1.3746591237438994
p10,2020-01-13,-0.3383657855872669,-0.12979114640356743
p10,2020-01-14,-0.9007455803787126,-0.8383027548668468
p10,2020-01-16,0.3410712701314735,0.6703742252077808
p10,2020-01-17,-0.2213085246599721,-0.5744937521325512
p10,2020-01-19,1.6842722832097239,1.9902550254232492
p10,2020-01-20,-0.3383657855872669,-0.12979114640356743
p10,2020-01-22,-0.3383657855872669,-0.6661475152806199
p10,2020-01-23,-1.6815667986655178,-1.4496719466190362
p10,2020-01-24,-0.3383657855872669,-0.12979114640356743
p10,2020-01-25,-1.1191870038740719,-0.7411603381557567
p10,2020-01-26,-0.9007455803787126,-0.8383027548668468
p10,2020-01-28,-2.3610038543842586,-2.2498373182303846
p10,2020-01-29,-0.9007455803787126,-0.8383027548668468
p10,2020-01-30,0.903451064922919,1.110707649232534
p10,2020-02-01,0.903451064922919,1.110707649232534
p10,2020-02-02,0.3410712701314735,0.1340178563307283
p10,2020-02-03,-0.9007455803787126,-0.8383027548668468
p10,2020-02-04,1.6842722832097239,1.1857204721076706
p10,2020-02-05,-0.3383657855872669,0.13838703803495883
p10,2020-02-06,-0.3383657855872669,-0.9343256997191461
p10,2020-02-07,0.903451064922919,0.5743512803554816
p10,2020-02-08,0.3410712701314735,-0.1341603281077979
p10,2020-02-09,0.903451064922919,0.8425294647940077
p10,2020-02-10,-0.9007455803787126,-0.8383027548668468
p10,2020-02-11,-0.3383657855872669,-0.3979693308420937
p10,2020-02-12,-1.1191870038740719,-1.0093385225942828
p10,2020-02-13,0.903451064922919,1.110707649232534
p10,2020-02-14,-0.9007455803787126,-1.106480939305373
p10,2020-02-15,-0.3383657855872669,-0.3979693308420937
p10,2020-02-16,-0.5568072090826266,-0.30082691413100354
p10,2020-02-17,1.1218924884182786,1.2817434169599702
p10,2020-02-18,-1.6815667986655178,-1.1814937621805097
p10,2020-02-19,-1.1191870038740719,-1.277516707032809
p10,2020-02-20,-0.5568072090826266,-0.5690050985695297
p10,2020-02-21,-0.9007455803787126,-1.106480939305373
p10,2020-02-23,0.3410712701314735,0.6703742252077808
p10,2020-02-24,-0.2213085246599721,-0.3063155676940249
p10,2020-02-25,0.3410712701314735,0.6703742252077808
p10,2020-02-26,0.3410712701314735,-0.1341603281077979
p10,2020-02-27,0.3410712701314735,0.40219604076925447
p10,2020-02-28,0.903451064922919,0.8425294647940077
p10,2020-02-29,0.44245543269953824,-0.3229565079669569
p11,2019-11-16,0.5265790744958757,0.065287000878601
p11,2019-11-17,-3.7740643535847074,-4.163855614943351
p11,2019-11-18,0.5265790744958757,0.89040357104021
p11,2019-11-19,0.5265790744958757,0.89040357104021
p11,2019-11-20,0.5265790744958757,0.89040357104021
p11,2019-11-21,-0.5299554284509608,-1.0851554614459553
p11,2019-11-22,0.5265790744958757,0.065287000878601
p11,2019-11-23,0.5265790744958757,0.34032585759913725
p11,2019-11-24,0.5265790744958757,0.89040357104021
p11,2019-11-25,0.5265790744958757,0.89040357104021
p11,2019-11-26,-2.7824458106791434,-1.8513264031690662
p11,2019-11-27,0.5265790744958757,0.6153647143196735
p11,2019-11-28,0.5265790744958757,1.1654424277607462
p11,2019-11-29,0.5265790744958757,0.89040357104021
p11,2019-11-30,-0.594871388492233,-0.038786887073477674
p11,2019-12-01,-0.594871388492233,-0.038786887073477674
p11,2019-12-02,-0.594871388492233,-0.038786887073477674
p11,2019-12-03,-0.594871388492233,-0.3138257437940139
p11,2019-12-04,-0.594871388492233,-0.3138257437940139
p11,2019-12-05,0.5265790744958757,0.34032585759913725
p11,2019-12-06,-2.6360088100412926,-2.0712325899017383
p11,2019-12-07,-0.594871388492233,-0.5888646005145501
p11,2019-12-08,-0.594871388492233,-0.8639034572350864
p11,2019-12-09,-1.6514058914390695,-0.9141904926774977
p11,2019-12-10,-1.6514058914390695,-1.4642682061185701
p11,2019-12-11,-4.960430776614088,-4.205998180327846
p11,2019-12-12,-2.717529850637871,-2.3476172641004713
p11,2019-12-13,-0.5299554284509608,-1.0851554614459553
p11,2019-12-14,0.5265790744958757,0.34032585759913725
p11,2019-12-15,0.5265790744958757,0.6153647143196735
p11,2019-12-16,0.5265790744958757,0.6153647143196735
p11,2019-12-17,0.5265790744958757,0.6153647143196735
p11,2019-12-18,0.5265790744958757,0.6153647143196735
p11,2019-12-19,0.5265790744958757,0.34032585759913725
p11,2019-12-20,0.5265790744958757,0.34032585759913725
p11,2019-12-21,0.5265790744958757,0.34032585759913725
p11,2019-12-22,-0.5299554284509608,-1.0851554614459553
p11,2019-12-23,0.5265790744958757,0.34032585759913725
p11,2019-12-25,-1.6514058914390695,-1.4642682061185701
p11,2019-12-26,0.5265790744958757,0.34032585759913725
p11,2019-12-28,0.5265790744958757,0.34032585759913725
p11,2020-01-02,0.5265790744958757,0.34032585759913725
p11,2020-01-05,0.5265790744958757,0.6153647143196735
p11,2020-01-06,0.5265790744958757,0.89040357104021
p11,2020-01-07,0.5265790744958757,0.6153647143196735
p11,2020-01-08,0.5265790744958757,0.6153647143196735
p11,2020-01-09,0.5265790744958757,0.89040357104021
p11,2020-01-10,0.5265790744958757,0.6153647143196735
p11,2020-01-11,0.5265790744958757,0.34032585759913725
p11,2020-01-12,0.5265790744958757,0.34032585759913725
p11,2020-01-13,0.5265790744958757,0.6153647143196735
p11,2020-01-14,0.5265790744958757,0.34032585759913725
p11,2020-01-15,0.5265790744958757,0.34032585759913725
p11,2020-01-16,0.5265790744958757,0.89040357104021
p11,2020-01-17,0.5265790744958757,0.89040357104021
p11,2020-01-18,0.5265790744958757,0.34032585759913725
p11,2020-01-19,0.5265790744958757,0.6153647143196735
p11,2020-01-20,-0.5299554284509608,-0.26003889128434665
p11,2020-01-21,0.5265790744958757,0.89040357104021
p11,2020-01-22,0.5265790744958757,0.34032585759913725
p11,2020-01-23,0.5265790744958757,0.065287000878601
p11,2020-01-24,0.5265790744958757,0.065287000878601
p11,2020-01-25,-0.5299554284509608,-0.26003889128434665
p11,2020-01-26,0.5265790744958757,0.6153647143196735
p11,2020-01-27,-0.5299554284509608,-0.5350777480048828
p11,2020-01-28,0.5265790744958757,0.065287000878601
p11,2020-01-29,0.5265790744958757,0.34032585759913725
p11,2020-01-30,0.5265790744958757,0.6153647143196735
p11,2020-01-31,-0.5299554284509608,-0.810116604725419
p11,2020-02-01,0.5265790744958757,0.34032585759913725
p11,2020-02-03,0.5265790744958757,0.34032585759913725
p11,2020-02-04,0.5265790744958757,0.6153647143196735
p11,2020-02-05,0.5265790744958757,0.34032585759913725
p11,2020-02-06,0.5265790744958757,0.34032585759913725
p11,2020-02-07,0.5265790744958757,0.34032585759913725
p11,2020-02-08,0.5265790744958757,1.1654424277607462
p11,2020-02-09,0.5265790744958757,-0.2097518558419353
p11,2020-02-10,0.5265790744958757,0.89040357104021
p11,2020-02-11,0.5265790744958757,0.34032585759913725
p11,2020-02-12,-0.5299554284509608,-0.26003889128434665
p11,2020-02-13,0.5265790744958757,0.89040357104021
p11,2020-02-14,0.5265790744958757,0.34032585759913725
p11,2020-02-15,0.5265790744958757,0.34032585759913725
p11,2020-02-17,0.5265790744958757,1.1654424277607462
p11,2020-02-18,0.5265790744958757,0.6153647143196735
p11,2020-02-19,0.5265790744958757,0.34032585759913725
p11,2020-02-20,-0.5299554284509608,0.29003882215672594
p11,2020-02-21,0.5265790744958757,0.6153647143196735
p11,2020-02-22,-0.5299554284509608,-0.5350777480048828
p11,2020-02-23,0.5265790744958757,0.89040357104021
p11,2020-02-24,0.5265790744958757,0.89040357104021
p11,2020-02-25,0.5265790744958757,-0.2097518558419353
p11,2020-02-26,0.5265790744958757,0.34032585759913725
p11,2020-02-27,-1.7163218514803416,-1.7930939153487737
p11,2020-02-28,-0.5299554284509608,-0.810116604725419
p11,2020-03-02,0.5265790744958757,0.6153647143196735
p11,2020-03-03,0.5265790744958757,1.1654424277607462
p11,2020-03-04,-0.5299554284509608,-0.5350777480048828
p11,2020-03-05,-0.5299554284509608,-0.810116604725419
p11,2020-03-06,-0.5299554284509608,-1.0851554614459553
p11,2020-03-07,-0.5299554284509608,-1.6352331748870284
p11,2020-03-08,-2.717529850637871,-3.17273383426208
p11,2020-03-09,0.5265790744958757,-0.2097518558419353
p11,2020-03-10,-0.594871388492233,-1.1389423139556227
p11,2020-03-11,0.5265790744958757,0.34032585759913725
p11,2020-03-12,0.5265790744958757,-0.2097518558419353
p11,2020-03-13,0.5265790744958757,-0.2097518558419353
p12,2019-11-16,2.267693284951784,1.5790863959335126
p12,2019-11-17,0.9400475189891068,1.1601494984099152
p12,2019-11-18,0.003372001839722261,-0.04329046650649551
p12,2019-11-19,-1.6359213847095404,-1.5980450859117654
p12,2019-11-20,-1.6359213847095404,-1.8185874258969743
p12,2019-11-22,0.003372001839722261,0.1772518734787135
p12,2019-11-23,0.003372001839722261,-0.2638328064917045
p12,2019-11-24,-0.9856077156642576,-0.6276735254877148
p12,2019-11-25,0.9400475189891068,1.380691838395124
p12,2019-11-26,-1.6359213847095404,-1.1569604059413472
p12,2019-11-27,0.003372001839722261,0.1772518734787135
p12,2019-11-29,1.9290272364930863,1.9650748973763432
p12,2019-11-30,-0.6469416672055603,-1.2342043669157547
p12,2019-12-01,-0.6469416672055603,-1.2342043669157547
p12,2019-12-02,0.003372001839722261,0.3977942134639225
p12,2019-12-04,-0.6469416672055603,-0.3520350069749188
p12,2019-12-05,-0.6469416672055603,-0.7931196869453367
p12,2019-12-06,-0.9856077156642576,-0.4071311855025059
p12,2019-12-07,1.278713567447804,1.2152456769375024
p12,2019-12-10,-0.9856077156642576,-0.6276735254877148
p12,2019-12-11,-1.6359213847095404,-1.8185874258969743
p12,2019-12-12,0.003372001839722261,-0.04329046650649551
p12,2019-12-14,0.3420380502984195,-0.20873662796411738
p12,2019-12-15,0.003372001839722261,0.3977942134639225
p12,2019-12-16,-0.6469416672055603,-1.4547467069009636
p12,2019-12-17,-0.6469416672055603,-0.7931196869453367
p12,2019-12-18,0.003372001839722261,0.1772518734787135
p12,2019-12-19,-0.6469416672055603,-0.5725773469601277
p12,2019-12-21,0.003372001839722261,-0.2638328064917045
p12,2019-12-23,0.9923517193437023,0.541092592474724
p12,2019-12-24,0.3420380502984195,-0.20873662796411738
p12,2019-12-26,0.003372001839722261,-0.2638328064917045
p12,2019-12-28,2.267693284951784,1.5790863959335126
p12,2020-01-04,0.003372001839722261,-0.2638328064917045
p12,2020-01-06,0.003372001839722261,0.1772518734787135
p12,2020-01-07,0.003372001839722261,-0.04329046650649551
p12,2020-01-08,0.653685670885005,0.7065387539323458
p12,2020-01-09,0.003372001839722261,-0.04329046650649551
p12,2020-01-10,0.003372001839722261,0.1772518734787135
p12,2020-01-11,0.003372001839722261,0.1772518734787135
p12,2020-01-12,0.653685670885005,0.9270810939175548
p12,2020-01-13,0.653685670885005,1.1476234339027638
p12,2020-01-14,0.003372001839722261,-0.04329046650649551
p12,2020-01-15,-0.6469416672055603,-0.3520350069749188
p12,2020-01-16,0.653685670885005,0.2654540739619278
p12,2020-01-17,0.003372001839722261,0.3977942134639225
p12,2020-01-18,0.003372001839722261,0.1772518734787135
p12,2020-01-19,0.003372001839722261,0.1772518734787135
p12,2020-01-21,0.653685670885005,0.7065387539323458
p12,2020-01-22,0.003372001839722261,0.1772518734787135
p12,2020-01-23,-0.6469416672055603,-0.5725773469601277
p12,2020-01-24,-0.6469416672055603,-1.2342043669157547
p12,2020-01-27,0.003372001839722261,0.1772518734787135
p12,2020-01-28,0.003372001839722261,0.3977942134639225
p12,2020-01-31,0.003372001839722261,-0.04329046650649551
p12,2020-02-01,0.003372001839722261,0.1772518734787135
p12,2020-02-02,2.918006953997067,2.7700002963427717
p12,2020-02-03,-1.6359213847095404,-1.1569604059413472
p12,2020-02-05,-0.6469416672055603,0.08904967299549923
p12,2020-02-06,0.003372001839722261,0.1772518734787135
p12,2020-02-07,0.003372001839722261,0.3977942134639225
p12,2020-02-09,0.003372001839722261,0.3977942134639225
p12,2020-02-10,0.653685670885005,1.1476234339027638
p12,2020-02-12,0.003372001839722261,0.3977942134639225
p12,2020-02-13,-0.6469416672055603,-0.5725773469601277
p12,2020-02-14,-0.6469416672055603,-0.13149266698970977
p12,2020-02-15,4.1933485196051485,3.587451759816352
p12,2020-02-16,2.918006953997067,2.990542636327981
p12,2020-02-19,0.653685670885005,0.9270810939175548
p12,2020-02-21,0.653685670885005,0.48599641394713683
p12,2020-02-23,-0.6469416672055603,-1.0136620269305459
p12,2020-02-24,-0.6469416672055603,-1.0136620269305459
p12,2020-02-27,-0.6469416672055603,-0.7931196869453367
p12,2020-02-28,-0.6469416672055603,-1.0136620269305459
p12,2020-03-02,-0.6469416672055603,-0.7931196869453367
p12,2020-03-04,-0.6469416672055603,-1.0136620269305459
p12,2020-03-09,0.003372001839722261,0.3977942134639225
p12,2020-03-17,-0.6469416672055603,-1.4547467069009636
p12,2020-03-19,-0.6469416672055603,-0.6957126831678366
p12,2020-03-21,-0.6469416672055603,-0.6957126831678366
p12,2020-03-22,-0.6469416672055603,-0.6957126831678366
p12,2020-03-25,-0.6469416672055603,-1.0136620269305459
p12,2020-03-27,0.003372001839722261,-0.04329046650649551
p13,2019-11-11,-0.12290116409548384,-0.14156672701524997
p13,2019-11-12,0.04222780163417854,-0.4743957161306468
p13,2019-11-13,0.04222780163417854,-0.4743957161306468
p13,2019-11-14,-0.2880301298251461,-0.11597018305020709
p13,2019-11-15,-0.7642979568895114,-0.17797431540585856
p13,2019-11-16,0.5184956286985437,0.8165381968264208
p13,2019-11-17,-0.599168991159849,-0.35718708194607846
p13,2019-11-18,-0.12290116409548384,0.01204949555992703
p13,2019-11-19,-0.599168991159849,-0.20357085937090144
p13,2019-11-20,0.04222780163417854,-0.1671632709802928
p13,2019-11-21,-0.599168991159849,-0.5108033045212554
p13,2019-11-22,0.04222780163417854,-0.4743957161306468
p13,2019-11-23,-1.7168336110182416,-2.1453772510192857
p13,2019-11-24,-0.9727470632364276,-1.7221248407399372
p13,2019-11-25,-1.0754368182242142,-1.648120994903146
p13,2019-11-27,-1.2405657839538766,-1.1616757832125721
p13,2019-11-28,-0.599168991159849,-1.1252681948219634
p13,2019-11-29,-0.12290116409548384,0.01204949555992703
p13,2019-12-01,-1.2405657839538766,-1.1616757832125721
p13,2019-12-02,-1.2405657839538766,-1.3152920057877493
p13,2019-12-03,0.6211853836863301,0.43530190583927536
p13,2019-12-07,1.2625821764803578,0.9325581619554151
p13,2019-12-09,-1.0754368182242142,-1.1872723271776149
p13,2019-12-10,-0.599168991159849,-0.35718708194607846
p13,2019-12-11,-0.7642979568895114,-0.48520676055621265
p13,2019-12-13,-0.599168991159849,-0.35718708194607846
p13,2019-12-14,0.3533666629688813,0.6885185182162866
p13,2019-12-15,1.0974532107506954,1.265387151070812
p13,2019-12-17,-1.2405657839538766,-0.8544433380622182
p13,2019-12-20,-0.2880301298251461,0.03764603952496992
p13,2019-12-21,-0.7642979568895114,-0.48520676055621265
p13,2019-12-22,-0.12290116409548384,0.01204949555992703
p13,2019-12-24,-0.9727470632364276,-1.4148923955895831
p13,2019-12-25,-0.40733194105576986,-1.1624321118018903
p13,2019-12-27,-0.7642979568895114,-0.33159053798103566
p13,2019-12-28,1.0974532107506954,1.1117709284956347
p13,2019-12-30,0.6211853836863301,0.7425343509896295
p13,2020-01-02,0.6211853836863301,0.7425343509896295
p13,2020-01-06,-1.7168336110182416,-2.2989934735944626
p13,2020-01-07,-0.12290116409548384,0.01204949555992703
p13,2020-01-09,0.6211853836863301,0.7425343509896295
p13,2020-01-11,-0.020211409107697198,0.24527809487348978
p13,2020-01-14,0.14491755662196507,0.373297773483624
p13,2020-01-18,0.6211853836863301,0.8961505735648064
p13,2020-01-20,-0.599168991159849,-0.6644195270964324
p13,2020-01-26,-0.020211409107697198,0.09166187229831278
p13,2020-01-27,2.4829365513265373,2.3395120400414773
p13,2020-01-28,-0.020211409107697198,0.24527809487348978
p13,2020-01-31,0.8296344900332465,1.057755095722292
p13,2020-02-01,2.4829365513265373,2.1858958174663004
p13,2020-02-03,0.3533666629688813,0.6885185182162866
p13,2020-02-06,0.6211853836863301,0.7425343509896295
p13,2020-02-07,-0.7642979568895114,-0.48520676055621265
p13,2020-02-08,0.14491755662196507,0.0660653283332699
p13,2020-02-10,0.6211853836863301,0.43530190583927536
p13,2020-02-11,2.006668724262172,1.6630430173851176
p13,2020-02-14,1.0974532107506954,0.9581547059204578
p13,2020-02-15,1.0974532107506954,0.9581547059204578
p13,2020-02-18,1.9039789692743854,1.4298144180715548
p13,2020-02-23,0.6211853836863301,0.43530190583927536
p13,2020-02-24,-1.2405657839538766,-0.5472108929118641
p13,2020-02-26,0.04222780163417854,-0.3207794935554698
p13,2020-02-27,0.1882376972392191,0.5604988396061524
p13,2020-02-28,-1.2405657839538766,-1.0080595606373952
p13,2020-03-02,-0.2880301298251461,0.19126226210014696
p13,2020-03-08,1.5737210378150608,1.6346237285768177
p13,2020-03-12,0.6211853836863301,0.43530190583927536
p13,2020-03-18,-1.9846523317356908,-1.8921606386422747
p13,2020-03-24,2.4829365513265373,2.032279594891123
p14,2019-11-17,0.5398991612843282,-0.19793622562277116
p14,2019-11-18,0.1724162406957162,-0.08806022718970205
p14,2019-11-19,0.1724162406957162,0.309661183011714
p14,2019-11-21,-0.5724303005636372,-1.4669333170309438
p14,2019-11-22,-1.4043631368079956,-1.3231345225022955
p14,2019-11-23,-0.6595165955486422,-0.7397042530638859
p14,2019-11-24,-0.6595165955486422,-0.7397042530638859
p14,2019-11-25,1.2847457025436815,1.1809368642184706
p14,2019-11-26,0.1724162406957162,0.309661183011714
p14,2019-11-27,1.2847457025436815,0.7832154540170545
p14,2019-11-28,2.0295922438030347,2.162088543858296
p14,2019-11-29,1.1976594075586762,1.5104445179841122
p14,2019-11-30,1.2847457025436815,1.5786582744198865
p14,2019-12-01,0.1724162406957162,0.70738259321313
p14,2019-12-02,-2.5166925986559607,-1.7966887935076359
p14,2019-12-03,-0.6595165955486422,-0.3419828428624698
p14,2019-12-04,-0.6595165955486422,-0.3419828428624698
p14,2019-12-05,-0.6595165955486422,-0.3419828428624698
p14,2019-12-06,-0.6595165955486422,0.05573856733894626
p14,2019-12-07,0.5398991612843282,0.5975065947800609
p14,2019-12-08,2.0295922438030347,2.162088543858296
p14,2019-12-09,2.0295922438030347,2.162088543858296
p14,2019-12-10,0.1724162406957162,0.70738259321313
p14,2019-12-11,1.2847457025436815,1.1809368642184706
p14,2019-12-12,0.5398991612843282,0.5975065947800609
p14,2019-12-13,2.0295922438030347,2.162088543858296
p14,2019-12-14,2.0295922438030347,2.162088543858296
p14,2019-12-15,-0.2920336749600303,-0.45185884129553894
p14,2019-12-16,0.5398991612843282,0.5975065947800609
p14,2019-12-17,1.2847457025436815,1.1809368642184706
p14,2019-12-18,-0.5724303005636372,-0.27376908642669573
p14,2019-12-19,-0.5724303005636372,-1.0692119068295276
p14,2019-12-20,-0.5724303005636372,-0.6714904966281119
p14,2019-12-21,0.1724162406957162,-0.4857816373911181
p14,2019-12-22,1.2847457025436815,0.7832154540170545
p14,2019-12-23,0.1724162406957162,0.309661183011714
p14,2019-12-24,0.1724162406957162,0.309661183011714
p14,2019-12-25,0.1724162406957162,-0.08806022718970205
p14,2019-12-26,0.1724162406957162,-0.08806022718970205
p14,2019-12-27,0.9172627819550695,0.8930914524501236
p14,2019-12-28,-0.5724303005636372,-0.27376908642669573
p14,2019-12-29,2.8615250800473935,2.416011159531064
p14,2019-12-30,2.8615250800473935,2.416011159531064
p14,2019-12-31,2.8615250800473935,2.416011159531064
p14,2020-01-02,2.8615250800473935,2.81373256973248
p14,2020-01-06,0.9172627819550695,1.2908128626515396
p14,2020-01-07,0.1724162406957162,0.309661183011714
p14,2020-01-08,0.1724162406957162,0.309661183011714
p14,2020-01-09,-0.5724303005636372,-0.27376908642669573
p14,2020-01-10,0.1724162406957162,0.309661183011714
p14,2020-01-11,0.1724162406957162,0.309661183011714
p14,2020-01-12,0.1724162406957162,0.309661183011714
p14,2020-01-13,0.1724162406957162,0.309661183011714
p14,2020-01-14,0.1724162406957162,0.309661183011714
p14,2020-01-15,0.1724162406957162,0.309661183011714
p14,2020-01-16,0.1724162406957162,0.309661183011714
p14,2020-01-17,1.2847457025436815,1.1809368642184706
p14,2020-01-18,1.2847457025436815,1.1809368642184706
p14,2020-01-19,-0.5724303005636372,-0.6714904966281119
p14,2020-01-20,-0.5724303005636372,-0.6714904966281119
p14,2020-01-21,0.1724162406957162,0.309661183011714
p14,2020-01-23,0.1724162406957162,0.309661183011714
p14,2020-01-24,0.1724162406957162,0.309661183011714
p14,2020-01-25,-0.5724303005636372,-0.27376908642669573
p14,2020-01-26,0.1724162406957162,0.309661183011714
p14,2020-01-27,0.1724162406957162,0.309661183011714
p14,2020-01-28,0.1724162406957162,0.309661183011714
p14,2020-01-30,-0.5724303005636372,-1.0692119068295276
p14,2020-01-31,-0.5724303005636372,-0.6714904966281119
p14,2020-02-01,-0.5724303005636372,-1.4669333170309438
p14,2020-02-02,-1.4043631368079956,-1.3231345225022955
p14,2020-02-03,-0.6595165955486422,-1.137425663265302
p14,2020-02-04,-1.4043631368079956,-1.3231345225022955
p14,2020-02-05,0.1724162406957162,0.309661183011714
p14,2020-02-06,0.1724162406957162,0.309661183011714
p14,2020-02-07,0.1724162406957162,0.309661183011714
p14,2020-02-09,0.1724162406957162,0.309661183011714
p14,2020-02-10,-0.6595165955486422,-0.3419828428624698
p14,2020-02-11,-1.4043631368079956,-0.9254131123008794
p14,2020-02-12,-1.4043631368079956,-1.3231345225022955
p14,2020-02-13,-1.4043631368079956,-0.9254131123008794
p14,2020-02-14,1.0043490769400747,0.9613052088858979
p14,2020-02-16,-0.6595165955486422,-0.7397042530638859
p14,2020-02-17,-0.6595165955486422,0.05573856733894626
p14,2020-02-19,-0.5724303005636372,-0.6714904966281119
p14,2020-02-20,-0.6595165955486422,-0.3419828428624698
p14,2020-02-21,0.1724162406957162,0.309661183011714
p14,2020-02-22,-0.5724303005636372,-1.0692119068295276
p14,2020-02-23,-0.5724303005636372,-1.0692119068295276
p14,2020-02-24,0.1724162406957162,-0.08806022718970205
p14,2020-02-25,0.1724162406957162,-0.08806022718970205
p14,2020-02-26,0.9172627819550695,0.8930914524501236
p14,2020-02-27,0.1724162406957162,0.309661183011714
p14,2020-02-28,0.1724162406957162,0.309661183011714
p14,2020-02-29,0.1724162406957162,0.309661183011714
p14,2020-03-01,0.1724162406957162,0.309661183011714
p14,2020-03-02,-0.6595165955486422,-0.7397042530638859
p14,2020-03-03,-1.4043631368079956,-1.3231345225022955
p14,2020-03-04,-1.4043631368079956,-1.7208559327037118
p14,2020-03-05,-1.4043631368079956,-1.3231345225022955
p14,2020-03-06,-1.4043631368079956,-1.3231345225022955
p14,2020-03-07,-1.4043631368079956,-1.3231345225022955
p14,2020-03-08,0.9172627819550695,0.8930914524501236
p14,2020-03-09,-0.6595165955486422,-0.7397042530638859
p14,2020-03-10,-0.6595165955486422,-0.3419828428624698
p14,2020-03-12,-0.6595165955486422,0.05573856733894626
p14,2020-03-13,0.1724162406957162,-0.08806022718970205
p14,2020-03-14,-0.6595165955486422,-0.3419828428624698
p14,2020-03-15,-0.6595165955486422,-0.7397042530638859
p14,2020-03-16,-1.4043631368079956,-1.7208559327037118
p14,2020-03-17,0.1724162406957162,-0.08806022718970205
p14,2020-03-18,-0.6595165955486422,-1.137425663265302
p14,2020-03-19,-0.6595165955486422,-0.7397042530638859
p14,2020-03-20,-0.6595165955486422,-1.137425663265302
p14,2020-03-21,0.1724162406957162,-0.08806022718970205
p14,2020-03-22,-1.4043631368079956,-1.3231345225022955
p14,2020-03-23,-0.6595165955486422,-1.137425663265302
p14,2020-03-24,-0.6595165955486422,-0.7397042530638859
p14,2020-03-25,-0.6595165955486422,-0.7397042530638859
p14,2020-03-26,-0.6595165955486422,-0.7397042530638859
p14,2020-03-27,-0.6595165955486422,-0.3419828428624698
p14,2020-03-29,0.1724162406957162,-0.08806022718970205
p14,2020-03-30,-0.6595165955486422,-1.137425663265302
p15,2019-11-17,-0.020876961084878992,0.27114126364997654
p15,2019-11-18,0.6600410446391971,1.013817849436826
p15,2019-11-19,1.8527700400755451,2.1627509905551277
p15,2019-11-20,0.6600410446391971,0.8116286877753132
p15,2019-11-21,1.8527700400755451,1.9605618288936149
p15,2019-11-22,-1.086563157865393,-0.7769500221760004
p15,2019-11-23,0.148230054926925,0.20318297078234837
p15,2019-11-24,-1.5983741475776652,-2.396341547476529
p15,2019-11-25,0.10616583757095521,0.574172280603814
p15,2019-11-26,-0.5747521681531209,-0.3706934668445482
p15,2019-11-27,-1.7674811635894694,-1.51962660796285
p15,2019-11-28,0.8291480606510011,0.743670394907685
p15,2019-11-29,-0.40564515214131697,-0.843030083035202
p15,2019-11-30,-1.809545380945439,-1.5530156214644097
p15,2019-12-01,0.8291480606510011,0.3392920715846595
p15,2019-12-02,-1.7674811635894694,-2.126194092947388
p15,2019-12-03,-1.086563157865393,-1.181328345499026
p15,2019-12-04,0.8291480606510011,0.743670394907685
p15,2019-12-05,1.3409590503632731,1.35211611190065
p15,2019-12-06,0.8291480606510011,0.5414812332461724
p15,2019-12-07,-1.086563157865393,-0.7769500221760004
p15,2019-12-08,2.575752263155591,2.736627428182025
p15,2019-12-10,-1.086563157865393,-0.7769500221760004
p15,2019-12-11,1.3409590503632731,1.5543052735621625
p15,2019-12-12,-1.255670173877197,-0.911180890969885
p15,2019-12-14,-0.5747521681531209,-0.3706934668445482
p15,2019-12-16,-1.809545380945439,-1.350826459802897
p15,2019-12-17,-1.086563157865393,-1.181328345499026
p15,2019-12-18,-1.086563157865393,-1.3835175071605388
p15,2019-12-21,0.10616583757095521,-0.03239520438072424
p15,2019-12-22,0.8291480606510011,0.9458595565691976
p15,2019-12-23,0.10616583757095521,-0.03239520438072424
p15,2019-12-24,-0.917456141853589,-0.9632317528009626
p15,2019-12-25,0.8291480606510011,0.743670394907685
p15,2019-12-26,0.3173370709387289,-0.2691536454083054
p15,2019-12-28,0.8291480606510011,0.743670394907685
p15,2019-12-29,-0.40564515214131697,-0.843030083035202
p15,2019-12-30,0.3173370709387289,0.3374138395762329
p15,2019-12-31,-0.40564515214131697,-0.4386517597121764
p15,2020-01-01,-0.40564515214131697,-1.0452192446967146
p15,2020-01-06,0.6600410446391971,1.2160070110983385
p15,2020-01-07,1.3409590503632731,1.35211611190065
p15,2020-01-08,-0.5747521681531209,-0.16850430518303547
p15,2020-01-10,0.8291480606510011,0.743670394907685
p15,2020-01-12,0.8291480606510011,0.743670394907685
p15,2020-01-13,0.8291480606510011,0.9458595565691976
p15,2020-01-14,-1.255670173877197,-0.7089917293083722
p15,2020-01-15,1.3409590503632731,1.35211611190065
p15,2020-01-16,-0.40564515214131697,-0.4386517597121764
p15,2020-01-18,-1.086563157865393,-0.7769500221760004
p15,2020-01-19,0.8291480606510011,0.743670394907685
p15,2020-01-21,1.3409590503632731,1.35211611190065
p15,2020-01-22,-0.40564515214131697,-0.6408409213736892
p15,2020-01-23,-1.086563157865393,-0.9791391838375132
p15,2020-01-25,0.48644408695053276,-0.5393010999374463
p15,2020-01-26,0.3173370709387289,0.13522467791472015
p15,2020-01-27,-0.5747521681531209,-0.16850430518303547
p15,2020-01-30,-1.086563157865393,-0.7769500221760004
p15,2020-01-31,0.8291480606510011,0.9458595565691976
p15,2020-02-01,-0.5747521681531209,-0.16850430518303547
p15,2020-02-04,0.8291480606510011,0.9458595565691976
p15,2020-02-05,-1.086563157865393,-1.181328345499026
p15,2020-02-06,2.063941273443319,1.9259925495275465
p15,2020-02-07,-0.40564515214131697,-0.4386517597121764
p15,2020-02-08,-1.086563157865393,-0.9791391838375132
p15,2020-02-09,-1.0444989405094234,-1.147939331997466
p15,2020-02-10,-1.809545380945439,-1.9073748280286706
p15,2020-02-11,0.8291480606510011,0.3392920715846595
p15,2020-02-12,1.3409590503632731,0.9477377885776243
p15,2020-02-13,0.10616583757095521,-0.4367735277037498
p15,2020-02-15,0.10616583757095521,-0.6389626893652625
p15,2020-02-16,0.10616583757095521,-0.03239520438072424
p15,2020-02-17,0.10616583757095521,0.3719831189423013
p15,2020-02-18,-0.5747521681531209,-0.3706934668445482
p15,2020-02-19,0.8291480606510011,0.743670394907685
p15,2020-02-22,0.10616583757095521,-0.234584366042237
p15,2020-02-23,0.8291480606510011,0.743670394907685
p15,2020-02-24,-1.086563157865393,-0.9791391838375132
p15,2020-02-26,0.8291480606510011,0.9458595565691976
p15,2020-02-27,-0.5747521681531209,-0.3706934668445482
p15,2020-02-28,0.8291480606510011,0.9458595565691976
p15,2020-03-01,-0.5747521681531209,-0.3706934668445482
p15,2020-03-02,0.10616583757095521,0.16979395728078853
p15,2020-03-17,0.8291480606510011,0.3392920715846595
p15,2020-03-18,1.3409590503632731,1.1499269502391372
p15,2020-03-20,-0.40564515214131697,-0.23646259805066366
p15,2020-03-22,-1.086563157865393,-0.7769500221760004
p15,2020-03-23,-0.5747521681531209,-0.16850430518303547
p15,2020-03-26,0.10616583757095521,0.3719831189423013
p15,2020-03-27,0.3173370709387289,0.3374138395762329
p15,2020-03-28,1.3409590503632731,1.35211611190065
p15,2020-03-29,-1.086563157865393,-0.9791391838375132
p15,2020-03-30,-1.086563157865393,-1.181328345499026
p16,2019-11-15,1.3175117770577773,1.6194061781444102
p16,2019-11-16,1.3175117770577773,1.0274008374462598
p16,2019-11-17,0.7120801543588658,0.5187894288685747
p16,2019-11-18,-0.051875962927026446,-0.12299534473178148
p16,2019-11-19,1.3175117770577773,1.6194061781444102
p16,2019-11-20,-0.7409567995333814,-1.293884182409975
p16,2019-11-21,-0.7409567995333814,-0.7018788417118248
p16,2019-11-22,-0.7409567995333814,-0.10987350101367467
p16,2019-11-23,-0.051875962927026446,-0.12299534473178148
p16,2019-11-24,1.4011609909652207,1.6896782665467682
p16,2019-11-25,-0.051875962927026446,-0.12299534473178148
p16,2019-11-26,-0.051875962927026446,-0.12299534473178148
p16,2019-11-27,-1.5049129168192736,-1.343663615312181
p16,2019-11-28,-0.051875962927026446,-0.12299534473178148
p16,2019-11-29,-0.051875962927026446,-0.12299534473178148
p16,2019-11-30,0.7120801543588658,0.5187894288685747
p16,2019-12-01,0.7120801543588658,1.1107947695667248
p16,2019-12-03,-0.051875962927026446,0.4690099959663686
p16,2019-12-04,0.031773250980417174,0.5392820843687267
p16,2019-12-05,-0.051875962927026446,-0.12299534473178148
p16,2019-12-06,-0.051875962927026446,-0.12299534473178148
p16,2019-12-07,-0.6573075856259377,-0.03960141261131656
p16,2019-12-08,-1.262739208324849,-1.1402181618871519
p16,2019-12-09,-1.262739208324849,-1.1402181618871519
p16,2019-12-10,-0.051875962927026446,0.4690099959663686
p16,2019-12-11,1.3175117770577773,1.6194061781444102
p16,2019-12-12,-0.051875962927026446,-0.12299534473178148
p16,2019-12-13,2.0814678943436697,1.6691856110466161
p16,2019-12-21,-0.051875962927026446,0.4690099959663686
p16,2019-12-22,-0.051875962927026446,-0.12299534473178148
p16,2019-12-23,1.3175117770577773,1.0274008374462598
p16,2019-12-24,2.0814678943436697,1.0771802703484659
p16,2019-12-25,-0.051875962927026446,-0.12299534473178148
p16,2019-12-26,-0.051875962927026446,-0.12299534473178148
p16,2019-12-27,-0.7409567995333814,-0.7018788417118248
p16,2019-12-29,1.3175117770577773,1.0274008374462598
p16,2019-12-30,-0.7409567995333814,-0.7018788417118248
p16,2019-12-31,1.3175117770577773,1.6194061781444102
p16,2020-01-01,0.6284309404514223,-0.14348800023193356
p16,2020-01-07,-0.7409567995333814,-1.293884182409975
p16,2020-01-08,-0.051875962927026446,-0.12299534473178148
p16,2020-01-09,-0.051875962927026446,-0.12299534473178148
p16,2020-01-10,0.7120801543588658,1.1107947695667248
p16,2020-01-11,-0.7409567995333814,-1.293884182409975
p16,2020-01-12,-0.051875962927026446,-0.12299534473178148
p16,2020-01-13,1.3175117770577773,1.0274008374462598
p16,2020-01-14,-0.051875962927026446,-0.12299534473178148
p16,2020-01-15,-1.3463884222322926,-1.2104902502895099
p16,2020-01-16,-0.7409567995333814,-0.7018788417118248
p16,2020-01-17,-0.6573075856259377,-0.6316067533094667
p16,2020-01-19,-0.051875962927026446,0.4690099959663686
p16,2020-01-20,-0.051875962927026446,-0.12299534473178148
p16,2020-01-21,-1.3463884222322926,-1.8024955909876599
p16,2020-01-22,0.5535556597718848,0.9776214045440538
p16,2020-01-24,1.2426364963782397,0.964499560825947
p16,2020-01-25,-0.051875962927026446,0.4690099959663686
p16,2020-01-26,2.006592613664132,1.6062843344263031
p16,2020-01-27,0.5535556597718848,0.9776214045440538
p16,2020-01-28,-2.1103445395181852,-1.8522750238898662
p16,2020-01-29,-0.6573075856259377,-0.6316067533094667
p16,2020-02-01,0.6372048736793284,0.4558881522482618
p16,2020-02-02,-0.6573075856259377,-0.03960141261131656
p16,2020-02-04,-0.051875962927026446,-0.12299534473178148
p16,2020-02-07,-0.051875962927026446,-0.12299534473178148
p16,2020-02-10,-2.0354692588386474,-2.3813790879677033
p16,2020-02-11,2.006592613664132,1.6062843344263031
p16,2020-02-12,-0.051875962927026446,0.4690099959663686
p16,2020-02-13,-0.051875962927026446,0.4690099959663686
p16,2020-02-16,-0.7409567995333814,-0.10987350101367467
p16,2020-02-17,-2.1103445395181852,-2.4442803645880162
p16,2020-02-18,-2.0354692588386474,-2.3813790879677033
p16,2020-02-20,0.7120801543588658,0.5187894288685747
p16,2020-02-22,-0.7409567995333814,-1.293884182409975
p16,2020-02-27,-1.3463884222322926,-1.2104902502895099
p16,2020-02-28,-0.051875962927026446,-0.12299534473178148
p16,2020-03-05,-0.051875962927026446,-0.12299534473178148
p16,2020-03-06,-0.6573075856259377,-0.6316067533094667
p16,2020-03-08,-0.051875962927026446,-0.12299534473178148
p16,2020-03-11,-1.3463884222322926,-1.2104902502895099
p16,2020-03-15,2.006592613664132,1.6062843344263031
p16,2020-03-17,-0.7409567995333814,-0.7018788417118248
p16,2020-03-18,1.3175117770577773,1.0274008374462598
