target,feature,rho_pooled,n,persons,mean_rho,median_rho,n_pos,n_sig,n_q10,p_between_persons
comp,sleep_h_lag1,0.15325281655136339,1460,15,0.14708742976589273,0.10004561723791028,13,5,5,0.006912832592516315
comp,sleep_h_avg3,0.11569752351582648,1506,15,0.1080531290555909,0.07652350075030878,11,4,3,0.017620294089672424
comp,time_in_bed_h_lag1,0.14234974273266185,1460,15,0.1400922280721234,0.09121925422545014,13,5,4,0.006005749369883516
comp,time_in_bed_h_avg3,0.10477974279836912,1506,15,0.09717174461975603,0.055164189204048114,11,3,3,0.024607125349454563
comp,sleep_eff_lag1,0.08566297469172879,1460,15,0.06822351807020956,0.06380096911216086,13,3,1,0.03500831505060921
comp,sleep_eff_avg3,0.0687117210025918,1506,15,0.03682399115359992,0.051314584921164835,9,1,0,0.23750285236204108
comp,bedtime_h_lag1,0.011978340212830767,1460,15,0.01216502320116605,-0.010070633605447606,7,2,0,0.7282429956659203
comp,bedtime_h_avg3,-0.018259323286158514,1506,15,-0.008191205056837098,0.0028342541252216447,8,2,2,0.8196439696338313
comp,rhr_night_lag1,0.06266221584568718,1446,15,0.07428067128587092,0.024000214329793254,11,2,0,0.04076383391512122
comp,rhr_night_avg3,0.059737896245734695,1495,15,0.07054165356961843,0.033898150104212085,9,2,1,0.10697874878716836
comp,rhr_day_lag1,0.04139409701528539,1184,14,0.03354591003096562,0.030225760581897833,9,0,0,0.5011173569317409
comp,rhr_day_avg3,0.042057060005880435,1184,13,0.02957360949734487,0.059191423525329794,8,3,1,0.6189720925230875
comp,steps_lag1,0.007017415863003731,1446,15,0.01154687217851893,0.01923827195458233,9,1,1,0.7760818035073049
comp,steps_avg3,0.012006772490004942,1454,14,0.0018400305644589285,-0.005564918980355084,7,2,1,0.9677798657168849
comp,lightly_lag1,0.09417094333911402,1447,15,0.10295247799594491,0.15283987611322947,11,3,1,0.029093606625734302
comp,lightly_avg3,0.07379720145666363,1454,14,0.0691146496244454,0.11907091464288987,10,1,1,0.17047626075731728
comp,mvpa_lag1,0.014223331980781424,1447,15,0.01363966689628275,0.006624411083165475,8,1,0,0.7162152205290155
comp,mvpa_avg3,0.010159311498964816,1454,14,-0.009205077926089541,-0.005628851914812546,7,2,1,0.8480275492539668
comp,sedentary_lag1,-0.04463225870025178,1312,14,-0.03403730808583999,-0.06595654976982036,3,1,0,0.46380317787507697
comp,sedentary_avg3,-0.04395285973054169,1371,14,-0.04183040480129464,-0.0988385700424214,5,3,1,0.3521186239296099
comp,srpe_load_lag1,-0.01121442338025195,1311,13,-0.021484289183590022,0.019679194004659697,8,1,1,0.6042785926588706
comp,srpe_load_avg3,-0.03948481561153568,1308,13,-0.025163301518532428,0.0019828957423802277,7,0,0,0.34895679352282555
comp,ex_min_nonwalk_lag1,-0.04243171051927598,1467,15,-0.03569945974860236,-0.01780441305956026,6,2,1,0.25262184536604976
comp,ex_min_nonwalk_avg3,-0.05061792466933629,1462,15,-0.03283732326631512,-0.05960315350550313,6,1,0,0.4251956471836317
comp,steps_dev28_lag1,0.016713246090722143,1244,13,0.03397007353569607,0.02558587302968245,8,0,0,0.20852450824078503
comp,mvpa_dev28_lag1,0.012394887430420436,1245,13,0.03366167556891597,0.07861784265342671,8,1,0,0.2996585139148206
comp,sleep_h_dev28_lag1,0.1555630719023081,1238,13,0.15645173779726448,0.08175412259689738,12,5,3,0.004764526322680496
mood,sleep_h_lag1,0.023161791622998692,1460,15,0.03768344838978831,0.052999956275635536,12,1,0,0.18105123665758796
mood,sleep_h_avg3,0.024609786881030285,1506,15,0.028800630600947882,-0.005578205526111081,7,1,1,0.38760189115115007
mood,time_in_bed_h_lag1,0.014427754504025442,1460,15,0.02580397621181573,0.02995507720874129,11,1,0,0.3316448846119981
mood,time_in_bed_h_avg3,0.020525480837356544,1506,15,0.02292165369198901,-0.00521350074844901,7,1,1,0.4679092431296641
mood,sleep_eff_lag1,0.07117737756932344,1460,15,0.04404190338893066,0.05964048398128536,11,0,0,0.1456383878443647
mood,sleep_eff_avg3,0.09003091843774261,1506,15,0.0563527383133229,0.08016826847967991,10,0,0,0.03694670597528156
mood,bedtime_h_lag1,0.026925711884412343,1460,15,0.02006949092511593,0.01639064267127246,9,1,0,0.5246050962080232
mood,bedtime_h_avg3,-0.029566830629050737,1506,15,-0.019920764504620714,-0.02065700863342027,7,2,1,0.5742227805214445
mood,rhr_night_lag1,0.0375832499933044,1446,15,0.059805240296969354,0.09722166727266962,10,0,0,0.0820810077281793
mood,rhr_night_avg3,0.03327006736360703,1495,15,0.056423734771913,0.047619351361224894,11,0,0,0.13323071448056242
mood,rhr_day_lag1,0.06917297639819983,1184,14,0.05955452863114003,0.09613548657896362,11,2,0,0.23293576399918478
mood,rhr_day_avg3,0.06515364960434711,1184,13,0.058905824329749806,0.06813853398880226,10,1,0,0.30946431407469094
mood,steps_lag1,0.04676531852996654,1446,15,0.05384786764681726,0.021087563230608956,11,2,0,0.06715391004758932
mood,steps_avg3,0.039095145707455634,1454,14,0.039252172627822955,-0.0074866926734290665,6,1,0,0.2292489359623144
mood,lightly_lag1,0.14187298704191223,1447,15,0.1525571329044721,0.1721476190683071,14,4,1,6.716335140353039e-06
mood,lightly_avg3,0.1145550517422923,1454,14,0.11925364777139835,0.1386483806993456,12,3,0,0.0006116846758895982
mood,mvpa_lag1,0.014891136635891377,1447,15,0.031124785721132454,0.011582977763704433,10,0,0,0.16757196479793665
mood,mvpa_avg3,0.014782033114307274,1454,14,0.02195599981508323,0.026945557942829376,9,1,0,0.482602636663654
mood,sedentary_lag1,-0.053756291022717534,1312,14,-0.06717618901642788,-0.0840574305724762,4,1,0,0.016489645457993505
mood,sedentary_avg3,-0.04872952874369398,1371,14,-0.05863318394550717,-0.046811032545908834,4,2,0,0.05725089234935529
mood,srpe_load_lag1,-0.003993934416589575,1311,13,0.004400338331247343,0.039678595322063075,8,0,0,0.8895676487788303
mood,srpe_load_avg3,-0.015921269482173032,1308,13,-0.004810264474188298,-0.014045780567472094,6,0,0,0.8406130546883358
mood,ex_min_nonwalk_lag1,-0.03509103855152456,1467,15,-0.026484704459600196,-0.030699522930043813,7,1,0,0.29194073477429205
mood,ex_min_nonwalk_avg3,-0.024980904365731325,1462,15,-0.005260982407985085,-0.027688520233882487,6,1,0,0.8901978491735986
mood,steps_dev28_lag1,0.04647442708206676,1244,13,0.056549957698902316,0.08093969289089192,8,1,0,0.06392915584919116
mood,mvpa_dev28_lag1,0.007284566935641564,1245,13,0.02490385987594468,0.03710580450397621,9,0,0,0.2781650602938831
mood,sleep_h_dev28_lag1,0.02638023455218545,1238,13,0.042821781500721516,0.0030687298953797474,7,1,0,0.0776016369169891
