,sleep_h,time_in_bed_h,bedtime_h,sleep_eff,rhr_night,steps,lightly,mvpa,very,srpe_load,ex_min_nonwalk,sedentary,deep_min,rem_min,light_min,deep_pct,rem_pct,wake_min,wake_pct,wake_count,wake_long_n,wake_per_h,min_after_wake,ss_overall,ss_composition,ss_revitalization,ss_duration,ss_deep,ss_restless,hr_sleep_mean,hr_sleep_p5,z_fatburn,z_cardio,z_peak,z_cardio_peak,ex_user_min,ex_avg_hr,ex_cp_min,hr_day_mean,hr_day_p10,hr_dip
sleep_h,1.0,0.9764069979939469,-0.35118281730493633,-0.0016491231270888997,0.04025554073630591,-0.06641133695667124,-0.08235630257870521,-0.030839940608614086,-0.04668062677065886,-0.03451354313475758,-0.022023324684225187,0.0416008104232566,0.5004535745683626,0.5480188432939052,0.7345400075138121,0.009990450804705356,0.15109047003494006,0.4484853305548683,-0.13655164216036947,0.650982787056982,0.19891381079967943,0.06262939337799242,-0.0012106045764003594,0.7211296362357938,0.3146979891123801,0.056389746427867336,0.876903851700326,0.5002379093948365,0.08866549398939845,-0.17129708894743237,-0.16304452705578423,-0.008421356415699539,-0.08758687344487953,-0.055305147577055624,-0.08819045739063981,-0.03154722585726042,-0.02574196224136914,-0.07297022229806915,-0.015253239090968016,0.0016622520715634038,0.1430247515561161
time_in_bed_h,0.9764069979939469,1.0,-0.3574369928131978,-0.06991292441484376,0.02842176871983679,-0.08624757394821232,-0.10488590332537846,-0.04479694956988081,-0.05310400961259268,-0.043214463022691704,-0.028706013245543335,0.04592879467847131,0.4840336849701875,0.5009078788619281,0.7457656488334458,0.0014168884367276567,0.10516565153974,0.6046356047038418,0.04202045875991527,0.6507957672551596,0.29874691439463064,0.08109186944589625,-0.006285398482573817,0.6389192781705257,0.25697403399240765,0.029175768099564243,0.7988317048973858,0.4838526671500083,0.16367554447481172,-0.17700214204485681,-0.17487677077353464,-0.03071027298230973,-0.09073417636071535,-0.06173604549397123,-0.0934237972088302,-0.03808524998175452,-0.03166887528786196,-0.0766542891937621,-0.02793070622484721,-0.0025400331998264476,0.13222365398435706
bedtime_h,-0.35118281730493633,-0.3574369928131978,1.0,0.02891674842452031,0.01818358050557484,0.03188415259092994,0.1220258220283919,0.01721514999531568,0.005276907638725593,-0.003126496782633959,-0.052230978830904676,-0.16372950503424313,-0.181697684015524,-0.18987685241268,-0.2718885527294696,0.01417035716988249,-0.02290013328764778,-0.2552875783078043,-0.0524993142337386,-0.19177193119116373,-0.12803448129119208,0.034482681565038656,-0.03550895829075406,-0.28294140581588034,-0.08576912884062883,-0.08386329523769498,-0.29577167622977263,-0.18138707183944278,0.0046418245329128555,0.0822777811680697,0.1593503103981693,0.05901454013783855,0.01730256161663006,0.018978613348801257,0.015837582904366806,-0.043032540811317736,0.010781516254930141,-0.0037878504596102545,0.10890962993980459,0.1396805406198249,-0.015412888095082938
sleep_eff,-0.0016491231270888997,-0.06991292441484376,0.02891674842452031,1.0,-0.013032070075665378,0.029886904717738867,0.014168832628034912,0.04793986040192355,0.03446442822266594,0.042716150543481275,0.047354929163861796,0.04211253788004645,0.05140478658300552,0.08769968077001049,-0.05776475634920549,0.045204438703567815,0.10880532404771463,-0.32595694762736205,-0.3998301473951654,0.0035518479440292323,-0.26662072289112293,-0.03167588079765472,0.028059402100736715,0.26235735447068764,0.13383918288647925,0.2923101531598406,0.1485164948416097,0.05149501032541106,-0.545139344951413,-0.1566471932860088,-0.08757448817257721,0.035223661785501056,0.03533815728810026,3.0548410311033176e-05,0.034686762266303156,0.03848498130389617,-0.035782209931505986,0.02415300119045348,-0.022047255169516517,-0.036120128401331046,0.10667359601115997
rhr_night,0.04025554073630591,0.02842176871983679,0.01818358050557484,-0.013032070075665378,1.0,-0.037973472372911043,0.07446267273181685,-0.07715575648252118,-0.11749666643189435,-0.1133988031707325,-0.0884941638562084,-0.008207027192626164,0.008019902097344954,-0.007692731346960189,0.06559064865417424,-0.019175011772702057,-0.0281436884772103,-0.0188642323018244,-0.06036399494568654,0.09724670051379031,-0.028411008268845125,0.08898188393034002,-0.006150084343902208,0.11844912447180522,-0.0045508099434689205,0.23407222963645127,0.041600240313832415,0.005618959665080296,0.027250879103283592,0.2667227340045067,0.3314024188043757,0.2076110760408812,-0.06484802102225624,-0.07152705195168646,-0.07924211476768869,-0.08372063610814846,-0.07954907736852633,-0.08410906670855575,0.31145620218502773,0.42612857965676293,0.05791079315372488
steps,-0.06641133695667124,-0.08624757394821232,0.03188415259092994,0.029886904717738867,-0.037973472372911043,1.0,0.42936384761258556,0.743059621942573,0.7373434721345415,0.40560951967661607,0.46385296010182014,-0.530463520463112,0.04504662647173951,0.0188661176961619,-0.11066828954969643,0.08847739031629279,0.06065228917691257,-0.10649830149574012,-0.08560521093232405,-0.07435707703693979,-0.051189782691252926,-0.04939297011707409,0.013071765842809367,-0.031680220870431874,0.06008326985125843,-0.06631600317378461,-0.04063061189678517,0.0462401161589307,-0.07594292220403089,0.09532308422105375,0.09000188968312942,0.5719095100227263,0.4706791709621389,0.2565065597469533,0.48404766744198496,0.4184914796000271,0.1619272085134624,0.4821110286874039,0.5309775764121303,0.18582963090261317,0.4455174188027715
lightly,-0.08235630257870521,-0.10488590332537846,0.1220258220283919,0.014168832628034912,0.07446267273181685,0.42936384761258556,1.0,0.06426651326998042,0.003607530507528043,-0.08441254610357303,-0.02006376540500828,-0.45186531452690337,-0.015776696789557107,-0.023375193747268833,-0.07814848037749708,0.03250176637116943,0.018689758897010824,-0.12941971520858117,-0.0979962237595863,-0.08791328876375358,-0.06903664326358513,-0.0648268923677501,-0.002403982614831277,-0.06292815771120508,0.0015442326514207726,-0.07365509950538963,-0.05544951511329835,-0.016631953118754483,-0.04424202953151123,0.1065162526691162,0.11070258569648318,0.33018642415549854,-0.016881484847960388,-0.05773041547093951,-0.02635986004466399,-0.07764864264156837,-0.16797047201339438,-0.05149427545185877,0.2754440915676212,0.2112783349071465,0.1656987474887267
mvpa,-0.030839940608614086,-0.04479694956988081,0.01721514999531568,0.04793986040192355,-0.07715575648252118,0.743059621942573,0.06426651326998042,1.0,0.915380342450097,0.4701517742601212,0.5237249881943625,-0.4296380103803414,0.05616732248193135,0.021283169411892018,-0.07637310874747417,0.07681766597271741,0.04480944396114448,-0.06706286770090927,-0.06792409846508993,-0.02801023277717318,-0.0399292561888413,-0.018582379103938503,0.002511312326932098,-0.007834827228239145,0.05953249800318763,-0.0733681634793318,0.0022391495248949675,0.05654032329524241,-0.06370886657969686,0.0622513671541542,0.05726473603474623,0.6820970802059314,0.5091704396852866,0.2649418715368176,0.512177417742449,0.4177336336884041,-0.0047955684900013165,0.4611325308028022,0.5735739894504318,0.183077927946691,0.49080901506094743
very,-0.04668062677065886,-0.05310400961259268,0.005276907638725593,0.03446442822266594,-0.11749666643189435,0.7373434721345415,0.003607530507528043,0.915380342450097,1.0,0.5695613601027696,0.5897774607755609,-0.3680283139300165,0.05970625464822095,0.006946881309816939,-0.09166323442091817,0.08946870496806392,0.037003790066122325,-0.04363662307196862,-0.034551819237018624,-0.034267097281026844,-0.0192881851412956,-0.012862449550987186,-0.005727836840755556,-0.02551605191735708,0.04604458708073191,-0.06468121588179314,-0.025805979474843945,0.060623626512155915,-0.04179815523258491,0.03484113631786045,0.03142983065900457,0.5468228141449931,0.6373154962452161,0.35390658262200125,0.6537073737717635,0.5268031589210816,0.2068010555586969,0.6028440334031308,0.5247059833097211,0.13848089565502883,0.47673195608775215
srpe_load,-0.03451354313475758,-0.043214463022691704,-0.003126496782633959,0.042716150543481275,-0.1133988031707325,0.40560951967661607,-0.08441254610357303,0.4701517742601212,0.5695613601027696,1.0,0.6643267370308539,-0.1658790013979532,0.04229612087191791,0.058661376951038915,-0.09721276664155205,0.06303772156609744,0.08481689307345422,-0.050330080080330894,-0.038968931368294664,-0.006479066632360526,-0.06525800963469262,0.019162590200381052,-0.007938829349422137,-0.011498562732216324,0.0782401577734099,-0.09141863666048915,-0.007859985973943318,0.04321039768454776,-0.055790335290635915,0.04633899751469357,0.07221172713916657,0.21758470497574783,0.6320263478446434,0.48030888345925077,0.6941823967657108,0.7623261958800591,0.28867518422646604,0.6961289884310734,0.3790811195065121,0.12186707264362705,0.315720957571855
ex_min_nonwalk,-0.022023324684225187,-0.028706013245543335,-0.052230978830904676,0.047354929163861796,-0.0884941638562084,0.46385296010182014,-0.02006376540500828,0.5237249881943625,0.5897774607755609,0.6643267370308539,1.0,-0.22218133756766895,0.037950656035892254,0.004763280551837423,-0.05702115969811579,0.05230972385103736,0.018653652389989235,-0.04328688864853606,-0.03382142163821249,0.008523459892479263,-0.024019939809442947,0.032795073366986775,-0.025971995415431146,-0.016353312356178987,0.026541875513568416,-0.06124100067666887,-0.010952726214825065,0.03882197481235984,-0.08302935786310985,0.04776558468906275,0.03266738685144423,0.30732247633894283,0.6036916801176391,0.31591422016894904,0.6184093507847035,0.7634481653064014,-0.26373452160099925,0.7095504879919508,0.40620099270309806,0.1649352528407862,0.3345711195105816
sedentary,0.0416008104232566,0.04592879467847131,-0.16372950503424313,0.04211253788004645,-0.008207027192626164,-0.530463520463112,-0.45186531452690337,-0.4296380103803414,-0.3680283139300165,-0.1658790013979532,-0.22218133756766895,1.0,0.008228526918790453,0.03880828800793406,0.04445580734241469,-0.025908238855349024,0.020221839264245915,0.02776403671343384,0.018351190989628643,0.010232968301359835,-0.005040211792582149,-0.03462015333318993,-0.029996902652248147,0.061778710063263735,0.008094668960559923,0.08067635055474234,0.04301351601081775,0.008522089767400473,-0.06550054538099417,-0.0616358556351341,-0.07699220761354746,-0.44663769316401636,-0.19128743840066068,-0.08129795960178496,-0.18297668652034002,-0.12223700677569019,0.08675664890059423,-0.16924781150838453,-0.4950626642824869,-0.27957511761622644,-0.38701464749589903
deep_min,0.5004535745683626,0.4840336849701875,-0.181697684015524,0.05140478658300552,0.008019902097344954,0.04504662647173951,-0.015776696789557107,0.05616732248193135,0.05970625464822095,0.04229612087191791,0.037950656035892254,0.008228526918790453,1.0,0.3557430148767153,0.027429288031333654,0.8237914973716841,0.15715701996959985,0.2095183461444862,-0.11265412419934408,0.3388739175814506,0.08954024194667554,0.03442451650178633,0.002647231043583944,0.45398771857963854,0.47006484705722273,-0.03205262067885739,0.4527031177681833,0.9996950501150446,-0.014839825290711236,-0.031433941148288964,-0.040709093957323604,0.0583199683661686,0.02314144930207387,0.013507885413745226,0.01762073758495521,0.029991150125387608,0.016156866106752935,0.03789787802111185,0.06463668199400825,0.07478947424985896,0.10896452054888381
rem_min,0.5480188432939052,0.5009078788619281,-0.18987685241268,0.08769968077001049,-0.007692731346960189,0.0188661176961619,-0.023375193747268833,0.021283169411892018,0.006946881309816939,0.058661376951038915,0.004763280551837423,0.03880828800793406,0.3557430148767153,1.0,0.027028571455566926,0.06535897788462001,0.8761413999983083,0.09626552332017067,-0.28219472556690867,0.26255126486262886,0.03040808906898086,-0.10724969707179592,0.019802278777250687,0.688936487254378,0.8493897247448089,0.05961235139195231,0.5470069766343023,0.355572194251242,-0.039485507902964526,-0.0959021759295862,-0.0891293528649593,0.009642897207516606,-0.015056904346874506,0.012161312921681057,-0.0077396440331680685,0.0004135528953216267,0.06068220892846391,-0.0016431773773819046,-0.003390951166103389,-0.00010218957107386702,0.11242997519443416
light_min,0.7345400075138121,0.7457656488334458,-0.2718885527294696,-0.05776475634920549,0.06559064865417424,-0.11066828954969643,-0.07814848037749708,-0.07637310874747417,-0.09166323442091817,-0.09721276664155205,-0.05702115969811579,0.04445580734241469,0.027429288031333654,0.027028571455566926,1.0,-0.41000285526411206,-0.34933146398820997,0.4787370830852281,0.04412780100601923,0.5652372963431663,0.22031881154169916,0.13030536074499874,-0.010718973616599936,0.34821621290638677,-0.26135415554655717,0.0850453604798378,0.6087917168149972,0.024639912463404343,0.14773424146106331,-0.17575546606274117,-0.1626372047017259,-0.039046776079886485,-0.09723096363593273,-0.08765584174744076,-0.10732538426129894,-0.06207020111502219,-0.06506485345831109,-0.10227985339193815,-0.03865772255304403,-0.02608472263127241,0.10064666147396992
deep_pct,0.009990450804705356,0.0014168884367276567,0.01417035716988249,0.045204438703567815,-0.019175011772702057,0.08847739031629279,0.03250176637116943,0.07681766597271741,0.08946870496806392,0.06303772156609744,0.05230972385103736,-0.025908238855349024,0.8237914973716841,0.06535897788462001,-0.41000285526411206,1.0,0.08288687070939779,-0.04613263205511832,-0.05932668086207268,0.0024393984068121705,-0.022624866890937276,-0.002857271565536209,0.010681146476902135,0.09301093434123034,0.3447516410820614,-0.0878508363234187,0.015754312897470858,0.8236712547325766,-0.06873019606439335,0.08236720624719938,0.0697562639066698,0.06418656251365881,0.07069910818201906,0.03828632973908475,0.06290958842502013,0.043385439933159874,0.02309697326049635,0.07377883159391221,0.0893974412124211,0.0948481575470221,0.023518789986640653
rem_pct,0.15109047003494006,0.10516565153974,-0.02290013328764778,0.10880532404771463,-0.0281436884772103,0.06065228917691257,0.018689758897010824,0.04480944396114448,0.037003790066122325,0.08481689307345422,0.018653652389989235,0.020221839264245915,0.15715701996959985,0.8761413999983083,-0.34933146398820997,0.08288687070939779,1.0,-0.14007739151359802,-0.295751010995931,-0.023397026295647664,-0.08922563444559724,-0.16223090375215402,0.01818222058031812,0.4427397692888605,0.861378390404627,0.03650520539376075,0.21238312011886104,0.1586245528282184,-0.1057548580911458,-0.022319029607118703,-0.010543777584686206,0.018809633245018876,0.025222209583165987,0.04688171356281173,0.03819521535159494,0.024110195904100944,0.08623719148985586,0.0347424061651358,0.005419503102085143,-0.006297697008386373,0.055189139559757454
wake_min,0.4484853305548683,0.6046356047038418,-0.2552875783078043,-0.32595694762736205,-0.0188642323018244,-0.10649830149574012,-0.12941971520858117,-0.06706286770090927,-0.04363662307196862,-0.050330080080330894,-0.04328688864853606,0.02776403671343384,0.2095183461444862,0.09626552332017067,0.4787370830852281,-0.04613263205511832,-0.14007739151359802,1.0,0.7702937389710053,0.39631437060686614,0.584050138738122,0.1513800041103911,-0.013890507846061209,0.04829115013299918,-0.0899267635917226,-0.07296871004047457,0.15369924017883274,0.2098731393857947,0.41244905518128083,-0.11343708875311734,-0.1494709090364282,-0.08708161786295245,-0.037128982783765536,-0.03246376449475324,-0.04754607137915172,-0.04930859414490646,-0.0123966955170188,-0.04133633668234147,-0.05956657253895739,-0.0037540376818643462,0.04353070811216461
wake_pct,-0.13655164216036947,0.04202045875991527,-0.0524993142337386,-0.3998301473951654,-0.06036399494568654,-0.08560521093232405,-0.0979962237595863,-0.06792409846508993,-0.034551819237018624,-0.038968931368294664,-0.03382142163821249,0.018351190989628643,-0.11265412419934408,-0.28219472556690867,0.04412780100601923,-0.05932668086207268,-0.295751010995931,0.7702937389710053,1.0,0.0010489782468226865,0.5093963341181065,0.14190003640539212,0.011444607836748425,-0.43816995881070636,-0.34008912958157633,-0.1588622332013461,-0.3991011412604416,-0.11160934928402384,0.4390766792078597,0.007499581397393994,-0.04498887447709757,-0.10538740350079995,-0.009341991411592344,-0.010247096305000179,-0.02109035936298768,-0.030706241803768616,-0.020331327630730194,-0.015822733438519872,-0.07475361188328646,-0.0026530357949445978,-0.07535682864960777
wake_count,0.650982787056982,0.6507957672551596,-0.19177193119116373,0.0035518479440292323,0.09724670051379031,-0.07435707703693979,-0.08791328876375358,-0.02801023277717318,-0.034267097281026844,-0.006479066632360526,0.008523459892479263,0.010232968301359835,0.3388739175814506,0.26255126486262886,0.5652372963431663,0.0024393984068121705,-0.023397026295647664,0.39631437060686614,0.0010489782468226865,1.0,0.14736477254079544,0.7467781368067086,-0.023232397013185094,0.42259575271127353,0.108643034146016,-0.020343172094370882,0.5871229094980115,0.3373647727254989,0.2193952739467907,-0.0778912573838754,-0.054388626876449936,0.014992827957837303,-0.03251976332572795,-0.04266342044790124,-0.050833450273622315,-0.0037013459633374614,-0.03331985033204405,-0.030158767864470467,0.024312757391096056,0.05683673096048854,0.09075465915959373
wake_long_n,0.19891381079967943,0.29874691439463064,-0.12803448129119208,-0.26662072289112293,-0.028411008268845125,-0.051189782691252926,-0.06903664326358513,-0.0399292561888413,-0.0192881851412956,-0.06525800963469262,-0.024019939809442947,-0.005040211792582149,0.08954024194667554,0.03040808906898086,0.22031881154169916,-0.022624866890937276,-0.08922563444559724,0.584050138738122,0.5093963341181065,0.14736477254079544,1.0,0.024069074472999535,-0.04208598145536959,-0.05563667894646921,-0.051996981148333274,-0.04127249434442409,-0.031375926986613414,0.09058370193942208,0.27290109969508797,-0.06838940921445198,-0.0940055924924486,-0.06587053673548285,-0.025963082580420672,-0.02527256136686887,-0.030916631155516794,-0.04408026069451881,0.005779703743181705,-0.026357315662257685,-0.04531627021068757,-0.014662536780442912,0.02272955460435492
wake_per_h,0.06262939337799242,0.08109186944589625,0.034482681565038656,-0.03167588079765472,0.08898188393034002,-0.04939297011707409,-0.0648268923677501,-0.018582379103938503,-0.012862449550987186,0.019162590200381052,0.032795073366986775,-0.03462015333318993,0.03442451650178633,-0.10724969707179592,0.13030536074499874,-0.002857271565536209,-0.16223090375215402,0.1513800041103911,0.14190003640539212,0.7467781368067086,0.024069074472999535,1.0,-0.028677818441559214,-0.036450378157284045,-0.1253888314724945,-0.10002855860252068,0.06386511151145657,0.03369334151384199,0.25465568283263534,0.045345574046519295,0.0710845037002291,0.012913918425121127,0.014884105267858083,0.002806363894459848,0.0003751837053078307,0.027770517702340413,0.0003224589109496517,0.018482784191250035,0.03440339292777201,0.06172005894444857,-0.010153192403945426
min_after_wake,-0.0012106045764003594,-0.006285398482573817,-0.03550895829075406,0.028059402100736715,-0.006150084343902208,0.013071765842809367,-0.002403982614831277,0.002511312326932098,-0.005727836840755556,-0.007938829349422137,-0.025971995415431146,-0.029996902652248147,0.002647231043583944,0.019802278777250687,-0.010718973616599936,0.010681146476902135,0.01818222058031812,-0.013890507846061209,0.011444607836748425,-0.023232397013185094,-0.04208598145536959,-0.028677818441559214,1.0,0.006258780002602013,0.027093499014114238,-0.029049149008964492,0.010956896513766589,0.0007482871572155718,0.05082895195738966,0.0010548752984676656,0.01948707779305165,-0.025896044582698452,-0.028479410396509974,0.02119406662251486,-0.023733021204198443,0.004632321612862644,0.03679487182787952,-0.02710502309726995,0.023353522423636138,0.0012931727777434473,0.018361093488809942
ss_overall,0.7211296362357938,0.6389192781705257,-0.28294140581588034,0.26235735447068764,0.11844912447180522,-0.031680220870431874,-0.06292815771120508,-0.007834827228239145,-0.02551605191735708,-0.011498562732216324,-0.016353312356178987,0.061778710063263735,0.45398771857963854,0.688936487254378,0.34821621290638677,0.09301093434123034,0.4427397692888605,0.04829115013299918,-0.43816995881070636,0.42259575271127353,-0.05563667894646921,-0.036450378157284045,0.006258780002602013,1.0,0.5899556000229346,0.48315948207868537,0.8369303253855653,0.45466922304076796,-0.2179562306557693,-0.34924980461728955,-0.32258335697987683,0.002022809403231684,-0.039787506834859813,-0.03977922471374675,-0.04143713901988569,-0.02409858070631713,0.035656502650723704,-0.036034242151666486,-0.05717875447632749,-0.10008875773992856,0.2504094492490602
ss_composition,0.3146979891123801,0.25697403399240765,-0.08576912884062883,0.13383918288647925,-0.0045508099434689205,0.06008326985125843,0.0015442326514207726,0.05953249800318763,0.04604458708073191,0.0782401577734099,0.026541875513568416,0.008094668960559923,0.47006484705722273,0.8493897247448089,-0.26135415554655717,0.3447516410820614,0.861378390404627,-0.0899267635917226,-0.34008912958157633,0.108643034146016,-0.051996981148333274,-0.1253888314724945,0.027093499014114238,0.5899556000229346,1.0,0.020546793514496654,0.3692397163851436,0.4719829127469296,-0.1356803826633056,-0.030425081881263742,-0.014078698671209108,0.03925388061588699,0.018991973935926134,0.02738936625254285,0.022463255246957175,0.016199498222412987,0.07902679501101345,0.031133011891580673,0.041534882900052236,0.04228548366428807,0.09116029176586254
ss_revitalization,0.056389746427867336,0.029175768099564243,-0.08386329523769498,0.2923101531598406,0.23407222963645127,-0.06631600317378461,-0.07365509950538963,-0.0733681634793318,-0.06468121588179314,-0.09141863666048915,-0.06124100067666887,0.08067635055474234,-0.03205262067885739,0.05961235139195231,0.0850453604798378,-0.0878508363234187,0.03650520539376075,-0.07296871004047457,-0.1588622332013461,-0.020343172094370882,-0.04127249434442409,-0.10002855860252068,-0.029049149008964492,0.48315948207868537,0.020546793514496654,1.0,0.10506844932835342,-0.0337505534617242,-0.2879195936640336,-0.5740852994873153,-0.5403949518972984,-0.07859765999431312,-0.03107905111757998,-0.05487586901258837,-0.03897643099480037,-0.04729600445682385,0.026249375694683275,-0.040113513370463795,-0.19488384333468253,-0.2931762265986095,0.2965346686097147
ss_duration,0.876903851700326,0.7988317048973858,-0.29577167622977263,0.1485164948416097,0.041600240313832415,-0.04063061189678517,-0.05544951511329835,0.0022391495248949675,-0.025805979474843945,-0.007859985973943318,-0.010952726214825065,0.04301351601081775,0.4527031177681833,0.5470069766343023,0.6087917168149972,0.015754312897470858,0.21238312011886104,0.15369924017883274,-0.3991011412604416,0.5871229094980115,-0.031375926986613414,0.06386511151145657,0.010956896513766589,0.8369303253855653,0.3692397163851436,0.10506844932835342,1.0,0.4534995515393797,-0.08553060009975737,-0.15289184020986435,-0.11999219896074087,0.03382951551472136,-0.05849305665681079,-0.03361330629616684,-0.05405717825774437,-0.011137126638308589,-0.007778880024782464,-0.04170887118141197,0.017326803461582125,0.0072356856667925695,0.149866444407542
ss_deep,0.5002379093948365,0.4838526671500083,-0.18138707183944278,0.05149501032541106,0.005618959665080296,0.0462401161589307,-0.016631953118754483,0.05654032329524241,0.060623626512155915,0.04321039768454776,0.03882197481235984,0.008522089767400473,0.9996950501150446,0.355572194251242,0.024639912463404343,0.8236712547325766,0.1586245528282184,0.2098731393857947,-0.11160934928402384,0.3373647727254989,0.09058370193942208,0.03369334151384199,0.0007482871572155718,0.45466922304076796,0.4719829127469296,-0.0337505534617242,0.4534995515393797,1.0,-0.01525375883942946,-0.028502439073368697,-0.03692271876965354,0.05685990716604985,0.02310461490741176,0.01307935090231586,0.017580338629233663,0.030828600232498282,0.014903045008041202,0.038193155501395556,0.06285532526817385,0.07468349533362587,0.10700629772461996
ss_restless,0.08866549398939845,0.16367554447481172,0.0046418245329128555,-0.545139344951413,0.027250879103283592,-0.07594292220403089,-0.04424202953151123,-0.06370886657969686,-0.04179815523258491,-0.055790335290635915,-0.08302935786310985,-0.06550054538099417,-0.014839825290711236,-0.039485507902964526,0.14773424146106331,-0.06873019606439335,-0.1057548580911458,0.41244905518128083,0.4390766792078597,0.2193952739467907,0.27290109969508797,0.25465568283263534,0.05082895195738966,-0.2179562306557693,-0.1356803826633056,-0.2879195936640336,-0.08553060009975737,-0.01525375883942946,1.0,0.053761028003432604,0.011141907287645903,-0.06997747676197688,-0.05535052651192753,-0.013339584608170701,-0.06661842015996633,-0.06349302850197064,-0.005866611795539205,-0.07128632556245898,-0.029027671104925833,0.020491304552207722,-0.03889897984156814
hr_sleep_mean,-0.17129708894743237,-0.17700214204485681,0.0822777811680697,-0.1566471932860088,0.2667227340045067,0.09532308422105375,0.1065162526691162,0.0622513671541542,0.03484113631786045,0.04633899751469357,0.04776558468906275,-0.0616358556351341,-0.031433941148288964,-0.0959021759295862,-0.17575546606274117,0.08236720624719938,-0.022319029607118703,-0.11343708875311734,0.007499581397393994,-0.0778912573838754,-0.06838940921445198,0.045345574046519295,0.0010548752984676656,-0.34924980461728955,-0.030425081881263742,-0.5740852994873153,-0.15289184020986435,-0.028502439073368697,0.053761028003432604,1.0,0.8369532432243268,0.19673715647387593,0.05520763181376425,0.04681105407612567,0.04518699975802354,0.052647923717175006,-0.020899702997664034,0.06343119155172251,0.26801707814438236,0.38665680696904575,-0.48595404719142876
hr_sleep_p5,-0.16304452705578423,-0.17487677077353464,0.1593503103981693,-0.08757448817257721,0.3314024188043757,0.09000188968312942,0.11070258569648318,0.05726473603474623,0.03142983065900457,0.07221172713916657,0.03266738685144423,-0.07699220761354746,-0.040709093957323604,-0.0891293528649593,-0.1626372047017259,0.0697562639066698,-0.010543777584686206,-0.1494709090364282,-0.04498887447709757,-0.054388626876449936,-0.0940055924924486,0.0710845037002291,0.01948707779305165,-0.32258335697987683,-0.014078698671209108,-0.5403949518972984,-0.11999219896074087,-0.03692271876965354,0.011141907287645903,0.8369532432243268,1.0,0.20191626525616435,0.04199388510847615,0.06942361000196796,0.03970873557316022,0.04599839231941758,-0.014468878300452879,0.05248164192326833,0.31777561221108014,0.44216634042705866,-0.34289747249035246
z_fatburn,-0.008421356415699539,-0.03071027298230973,0.05901454013783855,0.035223661785501056,0.2076110760408812,0.5719095100227263,0.33018642415549854,0.6820970802059314,0.5468228141449931,0.21758470497574783,0.30732247633894283,-0.44663769316401636,0.0583199683661686,0.009642897207516606,-0.039046776079886485,0.06418656251365881,0.018809633245018876,-0.08708161786295245,-0.10538740350079995,0.014992827957837303,-0.06587053673548285,0.012913918425121127,-0.025896044582698452,0.002022809403231684,0.03925388061588699,-0.07859765999431312,0.03382951551472136,0.05685990716604985,-0.06997747676197688,0.19673715647387593,0.20191626525616435,1.0,0.25787186385005845,0.10565359581466006,0.2378693875764479,0.16164808945801878,-0.23097677224943947,0.15656021557611705,0.6996978505170444,0.3681268010532639,0.47021805924717053
z_cardio,-0.08758687344487953,-0.09073417636071535,0.01730256161663006,0.03533815728810026,-0.06484802102225624,0.4706791709621389,-0.016881484847960388,0.5091704396852866,0.6373154962452161,0.6320263478446434,0.6036916801176391,-0.19128743840066068,0.02314144930207387,-0.015056904346874506,-0.09723096363593273,0.07069910818201906,0.025222209583165987,-0.037128982783765536,-0.009341991411592344,-0.03251976332572795,-0.025963082580420672,0.014884105267858083,-0.028479410396509974,-0.039787506834859813,0.018991973935926134,-0.03107905111757998,-0.05849305665681079,0.02310461490741176,-0.05535052651192753,0.05520763181376425,0.04199388510847615,0.25787186385005845,1.0,0.4000568924571195,0.9461647856660955,0.6429172173297486,0.4052712531625528,0.8216046375279642,0.43141731587996635,0.13793166085530006,0.36398928333147557
z_peak,-0.055305147577055624,-0.06173604549397123,0.018978613348801257,3.0548410311033176e-05,-0.07152705195168646,0.2565065597469533,-0.05773041547093951,0.2649418715368176,0.35390658262200125,0.48030888345925077,0.31591422016894904,-0.08129795960178496,0.013507885413745226,0.012161312921681057,-0.08765584174744076,0.03828632973908475,0.04688171356281173,-0.03246376449475324,-0.010247096305000179,-0.04266342044790124,-0.02527256136686887,0.002806363894459848,0.02119406662251486,-0.03977922471374675,0.02738936625254285,-0.05487586901258837,-0.03361330629616684,0.01307935090231586,-0.013339584608170701,0.04681105407612567,0.06942361000196796,0.10565359581466006,0.4000568924571195,1.0,0.5829602850159282,0.4480444687188605,0.5780992592659878,0.5487590458657798,0.2967533384226753,0.09136193871026589,0.2503429198434568
z_cardio_peak,-0.08819045739063981,-0.0934237972088302,0.015837582904366806,0.034686762266303156,-0.07924211476768869,0.48404766744198496,-0.02635986004466399,0.512177417742449,0.6537073737717635,0.6941823967657108,0.6184093507847035,-0.18297668652034002,0.01762073758495521,-0.0077396440331680685,-0.10732538426129894,0.06290958842502013,0.03819521535159494,-0.04754607137915172,-0.02109035936298768,-0.050833450273622315,-0.030916631155516794,0.0003751837053078307,-0.023733021204198443,-0.04143713901988569,0.022463255246957175,-0.03897643099480037,-0.05405717825774437,0.017580338629233663,-0.06661842015996633,0.04518699975802354,0.03970873557316022,0.2378693875764479,0.9461647856660955,0.5829602850159282,1.0,0.6946144930737267,0.6355631469161439,0.8838702508411611,0.4579333254174625,0.13261601449875823,0.38849118582924286
ex_user_min,-0.03154722585726042,-0.03808524998175452,-0.043032540811317736,0.03848498130389617,-0.08372063610814846,0.4184914796000271,-0.07764864264156837,0.4177336336884041,0.5268031589210816,0.7623261958800591,0.7634481653064014,-0.12223700677569019,0.029991150125387608,0.0004135528953216267,-0.06207020111502219,0.043385439933159874,0.024110195904100944,-0.04930859414490646,-0.030706241803768616,-0.0037013459633374614,-0.04408026069451881,0.027770517702340413,0.004632321612862644,-0.02409858070631713,0.016199498222412987,-0.04729600445682385,-0.011137126638308589,0.030828600232498282,-0.06349302850197064,0.052647923717175006,0.04599839231941758,0.16164808945801878,0.6429172173297486,0.4480444687188605,0.6946144930737267,1.0,0.23321831493194245,0.7703196940282744,0.3213809715938149,0.0870877579032107,0.27357292684831264
ex_avg_hr,-0.02574196224136914,-0.03166887528786196,0.010781516254930141,-0.035782209931505986,-0.07954907736852633,0.1619272085134624,-0.16797047201339438,-0.0047955684900013165,0.2068010555586969,0.28867518422646604,-0.26373452160099925,0.08675664890059423,0.016156866106752935,0.06068220892846391,-0.06506485345831109,0.02309697326049635,0.08623719148985586,-0.0123966955170188,-0.020331327630730194,-0.03331985033204405,0.005779703743181705,0.0003224589109496517,0.03679487182787952,0.035656502650723704,0.07902679501101345,0.026249375694683275,-0.007778880024782464,0.014903045008041202,-0.005866611795539205,-0.020899702997664034,-0.014468878300452879,-0.23097677224943947,0.4052712531625528,0.5780992592659878,0.6355631469161439,0.23321831493194245,1.0,0.6413498474046906,0.12665434539222556,-0.09592407002335422,0.15388857688073684
ex_cp_min,-0.07297022229806915,-0.0766542891937621,-0.0037878504596102545,0.02415300119045348,-0.08410906670855575,0.4821110286874039,-0.05149427545185877,0.4611325308028022,0.6028440334031308,0.6961289884310734,0.7095504879919508,-0.16924781150838453,0.03789787802111185,-0.0016431773773819046,-0.10227985339193815,0.07377883159391221,0.0347424061651358,-0.04133633668234147,-0.015822733438519872,-0.030158767864470467,-0.026357315662257685,0.018482784191250035,-0.02710502309726995,-0.036034242151666486,0.031133011891580673,-0.040113513370463795,-0.04170887118141197,0.038193155501395556,-0.07128632556245898,0.06343119155172251,0.05248164192326833,0.15656021557611705,0.8216046375279642,0.5487590458657798,0.8838702508411611,0.7703196940282744,0.6413498474046906,1.0,0.39741201643538376,0.10779878332712486,0.3297498871299834
hr_day_mean,-0.015253239090968016,-0.02793070622484721,0.10890962993980459,-0.022047255169516517,0.31145620218502773,0.5309775764121303,0.2754440915676212,0.5735739894504318,0.5247059833097211,0.3790811195065121,0.40620099270309806,-0.4950626642824869,0.06463668199400825,-0.003390951166103389,-0.03865772255304403,0.0893974412124211,0.005419503102085143,-0.05956657253895739,-0.07475361188328646,0.024312757391096056,-0.04531627021068757,0.03440339292777201,0.023353522423636138,-0.05717875447632749,0.041534882900052236,-0.19488384333468253,0.017326803461582125,0.06285532526817385,-0.029027671104925833,0.26801707814438236,0.31777561221108014,0.6996978505170444,0.43141731587996635,0.2967533384226753,0.4579333254174625,0.3213809715938149,0.12665434539222556,0.39741201643538376,1.0,0.7244055917136937,0.6242502215765303
hr_day_p10,0.0016622520715634038,-0.0025400331998264476,0.1396805406198249,-0.036120128401331046,0.42612857965676293,0.18582963090261317,0.2112783349071465,0.183077927946691,0.13848089565502883,0.12186707264362705,0.1649352528407862,-0.27957511761622644,0.07478947424985896,-0.00010218957107386702,-0.02608472263127241,0.0948481575470221,-0.006297697008386373,-0.0037540376818643462,-0.0026530357949445978,0.05683673096048854,-0.014662536780442912,0.06172005894444857,0.0012931727777434473,-0.10008875773992856,0.04228548366428807,-0.2931762265986095,0.0072356856667925695,0.07468349533362587,0.020491304552207722,0.38665680696904575,0.44216634042705866,0.3681268010532639,0.13793166085530006,0.09136193871026589,0.13261601449875823,0.0870877579032107,-0.09592407002335422,0.10779878332712486,0.7244055917136937,1.0,0.30515235155752374
hr_dip,0.1430247515561161,0.13222365398435706,-0.015412888095082938,0.10667359601115997,0.05791079315372488,0.4455174188027715,0.1656987474887267,0.49080901506094743,0.47673195608775215,0.315720957571855,0.3345711195105816,-0.38701464749589903,0.10896452054888381,0.11242997519443416,0.10064666147396992,0.023518789986640653,0.055189139559757454,0.04353070811216461,-0.07535682864960777,0.09075465915959373,0.02272955460435492,-0.010153192403945426,0.018361093488809942,0.2504094492490602,0.09116029176586254,0.2965346686097147,0.149866444407542,0.10700629772461996,-0.03889897984156814,-0.48595404719142876,-0.34289747249035246,0.47021805924717053,0.36398928333147557,0.2503429198434568,0.38849118582924286,0.27357292684831264,0.15388857688073684,0.3297498871299834,0.6242502215765303,0.30515235155752374,1.0
