target,feature,rho_pooled,n,persons,mean_rho,n_pos,n_sig,n_q10,p_between
comp,sleep_h_lag1,0.1697114837760467,1280,12,0.18241284849477069,11,5,5,0.0027350772054146578
comp,sleep_h_avg3,0.13140873247135856,1323,12,0.13802440873536545,10,4,3,0.011099154071144627
comp,time_in_bed_h_lag1,0.15737752347969558,1280,12,0.17054772409051497,11,5,4,0.0029380281445722765
comp,time_in_bed_h_avg3,0.11809678972428934,1323,12,0.12199246148418047,10,3,3,0.01960973813562854
comp,bedtime_h_lag1,0.0012315977958422377,1280,12,-0.008639244045081986,4,2,0,0.8331884711212467
comp,bedtime_h_avg3,-0.032522415362099946,1323,12,-0.03800808682050675,5,2,1,0.3554820250987882
comp,sleep_eff_lag1,0.10276866979839873,1280,12,0.10217225108223087,11,2,1,0.001495919326730746
comp,sleep_eff_avg3,0.07904112947590634,1323,12,0.06712747917216148,8,1,0,0.03512154274403807
comp,rhr_night_lag1,0.05970502757807823,1273,12,0.06695933252253101,8,2,0,0.11747293674724046
comp,rhr_night_avg3,0.05566615487581376,1317,12,0.05615386877060156,7,2,1,0.24484216816708068
comp,steps_lag1,0.01830919137210999,1288,12,0.0383659315136246,7,1,1,0.3192725213627433
comp,steps_avg3,0.030806601042350414,1323,12,0.04049449592650369,7,1,1,0.26217047897624046
comp,lightly_lag1,0.10294804098379423,1289,12,0.11135806008266091,9,2,1,0.004787599506492743
comp,lightly_avg3,0.0903374640436079,1323,12,0.10115965655473086,9,1,1,0.01815582734926727
comp,mvpa_lag1,0.02765269966118028,1289,12,0.04589921330822783,7,0,0,0.18748693701292063
comp,mvpa_avg3,0.029329148119074333,1323,12,0.0347126888370275,7,1,1,0.3149152088978232
comp,very_lag1,-0.005353903401682683,1289,12,0.020995033157101797,6,1,1,0.6138718090749669
comp,very_avg3,0.0019612228205057427,1323,12,0.01099852617759819,5,1,1,0.7623073943380504
comp,srpe_load_lag1,-0.008875477452382116,1148,11,-0.026012218501386977,7,1,1,0.5968052249693598
comp,srpe_load_avg3,-0.03956009529751227,1145,11,-0.035343813103412745,5,0,0,0.2602625434739891
comp,ex_min_nonwalk_lag1,-0.048038279360031605,1280,12,-0.050266821210462276,4,2,1,0.1914668056531965
comp,ex_min_nonwalk_avg3,-0.05659195189199658,1277,12,-0.06349875984306906,4,1,0,0.13442592842077158
comp,sedentary_lag1,-0.0589138194470989,1190,12,-0.0711542958315576,2,0,0,0.0037932029668951983
comp,sedentary_avg3,-0.06038590310576534,1244,12,-0.08151911902391389,4,2,1,0.017767446898670738
comp,deep_min_lag1,0.13806287196948497,1272,12,0.15654414614213083,9,5,2,0.007861778867324516
comp,deep_min_avg3,0.1163589438167767,1319,12,0.12112943956545742,8,2,1,0.010677799155039119
comp,rem_min_lag1,0.08112754844272942,1272,12,0.09396569305522673,10,5,3,0.0795995935083367
comp,rem_min_avg3,0.057203740461153514,1319,12,0.06105817518285497,10,1,1,0.09873714164888014
comp,light_min_lag1,0.13443180700940105,1272,12,0.13969380838003964,10,4,2,0.003717485725148508
comp,light_min_avg3,0.10109901401694278,1319,12,0.09584756958227943,7,4,3,0.12884746044011705
comp,deep_pct_lag1,0.05392027762488421,1272,12,0.0665148460823991,8,2,1,0.06336165727389124
comp,deep_pct_avg3,0.06959616954513234,1319,12,0.07257337950854159,8,2,0,0.04842595342950013
comp,rem_pct_lag1,0.021061707239834557,1272,12,0.030093287693060886,8,2,1,0.40348451141497466
comp,rem_pct_avg3,0.0004381404035652892,1319,12,0.00653278085540894,7,1,0,0.855955953378238
comp,wake_min_lag1,0.049394973977789296,1280,12,0.04827502625053879,6,2,1,0.240622998819048
comp,wake_min_avg3,0.005696786588701064,1323,12,0.0016112266261948938,8,0,0,0.968182203229524
comp,wake_pct_lag1,-0.08139705281958166,1272,12,-0.09003148658431337,2,2,2,0.046967589081557674
comp,wake_pct_avg3,-0.07590087623489432,1319,12,-0.08049547429848676,3,0,0,0.03209079026396803
comp,wake_count_lag1,0.14401257682715657,1272,12,0.15609351606715197,10,5,3,0.005797170603598802
comp,wake_count_avg3,0.09372215942797293,1319,12,0.09279658653455403,8,3,2,0.08534531642331339
comp,wake_long_n_lag1,-0.028328047312281363,1272,12,-0.023801794855225645,4,0,0,0.38843174318977763
comp,wake_long_n_avg3,-0.021393949644882063,1319,12,-0.01971190889143651,6,1,0,0.622407303413085
comp,wake_per_h_lag1,0.028385828844066333,1272,12,0.03023101019936152,8,0,0,0.3081913135334369
comp,wake_per_h_avg3,0.010256318568783108,1319,12,0.012400702238437963,7,1,0,0.7248349372385621
comp,min_after_wake_lag1,-0.025834190532793646,1280,12,-0.0005954661769838887,5,1,1,0.9892277304154001
comp,min_after_wake_avg3,-0.020477032168792018,1323,12,0.013248435364218858,8,2,0,0.731758350618743
comp,ss_overall_lag1,0.1647503869836469,1273,12,0.18769391188576665,12,5,5,0.0011374356057779458
comp,ss_overall_avg3,0.10734395948873497,1317,12,0.11086156076069559,10,1,1,0.011427031317461422
comp,ss_composition_lag1,0.0658987289702829,1273,12,0.07991358202611382,9,3,2,0.10764052024381847
comp,ss_composition_avg3,0.054632438809513593,1317,12,0.06083695026195548,7,4,1,0.22139169365058356
comp,ss_revitalization_lag1,0.07401221375124,1273,12,0.08981657753273835,10,3,1,0.023204240042610964
comp,ss_revitalization_avg3,0.013253214482293038,1317,12,0.023958616030137474,8,0,0,0.49399945177762783
comp,ss_duration_lag1,0.17064507701975345,1273,12,0.18819301153571646,11,4,4,0.0021911514883513963
comp,ss_duration_avg3,0.1333509413069684,1317,12,0.13943112600393495,9,3,2,0.011386423490039568
comp,ss_deep_lag1,0.1379706593705476,1273,12,0.15679351094755203,9,5,2,0.008959099709853362
comp,ss_deep_avg3,0.12096533417955659,1317,12,0.12659316997011763,8,3,1,0.009349044073179172
comp,ss_restless_lag1,-0.062036107184462015,1273,12,-0.064487018649586,3,0,0,0.03055644456309241
comp,ss_restless_avg3,-0.046874847511119415,1317,12,-0.0456902804421501,5,0,0,0.12346790265560177
comp,hr_sleep_mean_lag1,-0.004086267792136714,1278,12,-0.022095310020334158,3,2,0,0.6124008508522785
comp,hr_sleep_mean_avg3,0.058574178195989784,1323,12,0.05097178792215293,8,0,0,0.19064661204872574
comp,hr_sleep_p5_lag1,0.004581862060080053,1278,12,-0.015746707270789667,6,2,1,0.7482879784544526
comp,hr_sleep_p5_avg3,0.06810097359650104,1323,12,0.05179041366300583,8,1,0,0.2630168754904693
comp,z_fatburn_lag1,0.0925172403422976,1289,12,0.11107750577314436,11,1,0,0.005045677365569697
comp,z_fatburn_avg3,0.11195367518642944,1323,12,0.11650701417199434,10,2,1,0.003323842082212868
comp,z_cardio_lag1,-0.008577772789944902,1289,12,0.005859202610216783,6,2,1,0.8779862337062819
comp,z_cardio_avg3,-0.006757125811916779,1323,12,0.010951920957810168,8,0,0,0.7887769853852971
comp,z_peak_lag1,-0.011924475631071067,1211,11,0.012336216898699438,7,2,0,0.7596560236149066
comp,z_peak_avg3,-0.03780237193417683,1241,11,-0.027541266181214885,5,2,0,0.5422350618069219
comp,z_cardio_peak_lag1,-0.008424866234700125,1289,12,0.01553614722053815,8,2,1,0.6791167919268467
comp,z_cardio_peak_avg3,-0.01830035836196659,1323,12,-0.0026341795234528557,6,0,0,0.9484034579486726
comp,ex_user_min_lag1,-0.028655394284765014,1211,11,-0.036054027603681385,5,1,1,0.4099395765602883
comp,ex_user_min_avg3,-0.08420933523541892,1241,11,-0.08473211451811245,4,1,1,0.03397945582394188
comp,ex_avg_hr_lag1,0.025218031578451018,545,9,0.045638280214239386,5,0,0,0.4195293616702604
comp,ex_avg_hr_avg3,0.06137072813207298,426,5,0.0621387705457764,5,0,0,0.041155166194904266
comp,ex_cp_min_lag1,-0.03890549493946931,1211,11,-0.04576448832385865,3,1,0,0.2001898895865258
comp,ex_cp_min_avg3,-0.05083909800790081,1241,11,-0.0549745605230551,4,0,0,0.2220424577488911
comp,hr_day_mean_lag1,0.022593297710809812,1264,12,0.050205683029976106,6,2,1,0.17398557345324678
comp,hr_day_mean_avg3,0.054230897362340706,1303,12,0.07000216489249719,8,1,1,0.0482879465739909
comp,hr_day_p10_lag1,-0.029154517737555903,1264,12,-0.01110624680296536,4,0,0,0.7399404226153915
comp,hr_day_p10_avg3,0.028592285432471186,1303,12,0.03893130308253209,6,1,0,0.3509805311738844
comp,hr_dip_lag1,0.03772705353851852,1205,12,0.0697327993039853,8,2,1,0.08475267855062814
comp,hr_dip_avg3,0.023384832591022153,1273,12,0.04021627061232827,7,1,0,0.17715543341543596
mood,sleep_h_lag1,0.03365404858008383,1280,12,0.0554142563362377,10,1,1,0.05820806883494839
mood,sleep_h_avg3,0.03466421152887334,1323,12,0.045948853768559804,7,1,1,0.26251214035378545
mood,time_in_bed_h_lag1,0.02520381142799485,1280,12,0.04286678579763747,10,1,0,0.10257373630242834
mood,time_in_bed_h_avg3,0.028040061473858995,1323,12,0.03715563212508828,7,1,1,0.34242192281809736
mood,bedtime_h_lag1,0.026369066388952696,1280,12,0.019995697356408357,7,1,0,0.5638321195970902
mood,bedtime_h_avg3,-0.03745300167418689,1323,12,-0.036155260475066044,5,2,1,0.3715112564266831
mood,sleep_eff_lag1,0.0895562391390724,1280,12,0.08501148738684983,11,0,0,0.002149214575416246
mood,sleep_eff_avg3,0.10466925574187307,1323,12,0.09072671507538489,10,0,0,0.000640867568911966
mood,rhr_night_lag1,0.035283836071500756,1273,12,0.05715173182491511,8,0,0,0.15952322830815918
mood,rhr_night_avg3,0.031183885316522036,1317,12,0.05135177404565671,9,0,0,0.20262579256962243
mood,steps_lag1,0.04805693616796047,1288,12,0.05939041264653736,8,2,0,0.10600355913112626
mood,steps_avg3,0.04689288952163636,1323,12,0.05347564309085503,6,1,1,0.15126393222637846
mood,lightly_lag1,0.14719567942419357,1289,12,0.15418739937827017,11,4,0,0.00013879580745727443
mood,lightly_avg3,0.12072367235558402,1323,12,0.12342335255469733,10,3,0,0.0019327043308033894
mood,mvpa_lag1,0.017444970960395764,1289,12,0.03029373543501497,7,0,0,0.27802013937110376
mood,mvpa_avg3,0.025586656977299033,1323,12,0.0478657555279885,9,1,0,0.11530574852440692
mood,very_lag1,-0.018734064309312796,1289,12,0.0030555745335988705,5,0,0,0.9307427663599378
mood,very_avg3,-0.0007341483126420535,1323,12,0.02314695877031631,7,1,0,0.4804912629580471
mood,srpe_load_lag1,-0.0160936617647184,1148,11,-0.017287106362761945,6,0,0,0.5835205687245968
mood,srpe_load_avg3,-0.015994517537485695,1145,11,-0.015368514009812019,5,0,0,0.5515447756460412
mood,ex_min_nonwalk_lag1,-0.04487047770010612,1280,12,-0.044844758844131305,4,1,0,0.13256827923401407
mood,ex_min_nonwalk_avg3,-0.027926381530864523,1277,12,-0.036587768916023757,4,0,0,0.303429163315751
mood,sedentary_lag1,-0.0569629806292896,1190,12,-0.08090986287881276,3,1,0,0.004592484290429554
mood,sedentary_avg3,-0.05880697726767369,1244,12,-0.08306058076236193,2,2,1,0.008588786659521027
mood,deep_min_lag1,0.06406942798520777,1272,12,0.07735662081472222,8,2,1,0.052815532134181345
mood,deep_min_avg3,0.05428936084033614,1319,12,0.06323357677046025,9,2,1,0.14240546806944396
mood,rem_min_lag1,0.040603418028422406,1272,12,0.04303800296797755,8,1,1,0.1359736771825994
mood,rem_min_avg3,0.03955196590968594,1319,12,0.046759865097523036,7,2,1,0.16951214436050396
mood,light_min_lag1,0.009101184342800201,1272,12,0.03427206726799103,10,1,0,0.26323982479019986
mood,light_min_avg3,-0.009206719887958402,1319,12,0.0026625106174454883,8,1,0,0.9544958952203626
mood,deep_pct_lag1,0.056730043146438425,1272,12,0.055825747455968855,7,2,0,0.11429197995047664
mood,deep_pct_avg3,0.05418779640081319,1319,12,0.05624872828933029,7,1,0,0.1319815663073182
mood,rem_pct_lag1,0.04014171819884818,1272,12,0.03368179204685514,8,0,0,0.2712566289909316
mood,rem_pct_avg3,0.04870053052552423,1319,12,0.04735347308051396,6,1,0,0.18588079726271883
mood,wake_min_lag1,0.0039061431714524585,1280,12,0.007739256309748199,6,1,0,0.8200483609752868
mood,wake_min_avg3,-0.023828809110976363,1323,12,-0.02170100341162978,5,1,0,0.527565095368689
mood,wake_pct_lag1,-0.0415671014425196,1272,12,-0.042461162377521615,3,1,0,0.2452349519240386
mood,wake_pct_avg3,-0.053120896943350183,1319,12,-0.055232880916760575,4,1,0,0.11332899424004067
mood,wake_count_lag1,-0.003931894639369157,1272,12,0.01501210153068523,8,0,0,0.6476063865531299
mood,wake_count_avg3,-0.026046328482740938,1319,12,-0.017874744288766817,6,0,0,0.6368518146394165
mood,wake_long_n_lag1,-0.048315346233951194,1272,12,-0.05610699741935455,4,0,0,0.055078057678234336
mood,wake_long_n_avg3,-0.03898919685704713,1319,12,-0.03460670013424212,4,1,0,0.27872520186461885
mood,wake_per_h_lag1,-0.05597019999257647,1272,12,-0.049101342133347194,5,1,0,0.16966771709883338
mood,wake_per_h_avg3,-0.08025835145647603,1319,12,-0.07764826588625387,4,1,0,0.015139816694452265
mood,min_after_wake_lag1,-0.036638505908851524,1280,12,-0.008307010160509986,5,2,1,0.8627226503207962
mood,min_after_wake_avg3,-0.05833372023571032,1323,12,-0.003123582690047566,5,1,0,0.9403031173442405
mood,ss_overall_lag1,0.06559779388421295,1273,12,0.09231499784470747,11,1,1,0.004441394362995566
mood,ss_overall_avg3,0.05026698065613583,1317,12,0.0609711393301716,8,2,1,0.19516399769008003
mood,ss_composition_lag1,0.05661717258940428,1273,12,0.053756189482099793,9,2,1,0.12937036575518748
mood,ss_composition_avg3,0.06835542734282422,1317,12,0.06682954288026595,7,3,2,0.19638393842094015
mood,ss_revitalization_lag1,0.04992086235377181,1273,12,0.06868947483231198,10,1,0,0.039623924318744286
mood,ss_revitalization_avg3,0.022871420551582134,1317,12,0.028958928567214135,8,0,0,0.3274237489874956
mood,ss_duration_lag1,0.04448569182396821,1273,12,0.07238719246437592,9,1,1,0.024667171407948277
mood,ss_duration_avg3,0.03590729610998426,1317,12,0.0562099900218432,9,1,1,0.21528338942999017
mood,ss_deep_lag1,0.06648076597042472,1273,12,0.07994165774996792,8,2,1,0.053008414836793784
mood,ss_deep_avg3,0.06012497099031268,1317,12,0.06950691985401869,8,2,1,0.11233597410292798
mood,ss_restless_lag1,-0.08108823113410354,1273,12,-0.07801531457717482,2,2,0,0.06376087188534887
mood,ss_restless_avg3,-0.08558144885854327,1317,12,-0.07951599214048324,4,2,0,0.026198743350394557
mood,hr_sleep_mean_lag1,0.05012188829714679,1278,12,0.02563771271528012,6,1,0,0.5413478179773376
mood,hr_sleep_mean_avg3,0.06138230311693819,1323,12,0.05579769031806405,8,0,0,0.12597962089493212
mood,hr_sleep_p5_lag1,0.05465260810325144,1278,12,0.027382657468646692,7,2,0,0.5868301385682883
mood,hr_sleep_p5_avg3,0.07035297549134355,1323,12,0.06653977405580311,9,2,0,0.1342406406519016
mood,z_fatburn_lag1,0.09462569138444794,1289,12,0.11086707465482953,10,3,0,0.0037867383240742145
mood,z_fatburn_avg3,0.11729766599084684,1323,12,0.1433056725246266,10,3,1,0.0015964479262704273
mood,z_cardio_lag1,0.009091230974174472,1289,12,0.026217484927700475,8,0,0,0.38038442097246145
mood,z_cardio_avg3,0.015313909595044833,1323,12,0.043454454934320576,7,0,0,0.2715692336172333
mood,z_peak_lag1,0.03256960786673992,1211,11,0.0007779412582270627,5,1,0,0.9805327986585088
mood,z_peak_avg3,-0.003294843107400117,1241,11,-0.01428370968158138,5,1,0,0.6642337240114573
mood,z_cardio_peak_lag1,0.007638767246779481,1289,12,0.028887779161714606,7,0,0,0.36167344300490467
mood,z_cardio_peak_avg3,0.010165845228011791,1323,12,0.029557702249008666,7,0,0,0.38542220786090414
mood,ex_user_min_lag1,-0.01592921858315754,1211,11,-0.04330951077495179,4,0,0,0.21641640077197036
mood,ex_user_min_avg3,-0.03889283978156236,1241,11,-0.05911886895302662,2,0,0,0.0477120535552635
mood,ex_avg_hr_lag1,-0.025770242238702307,545,9,-0.02493128643793265,3,2,0,0.7309914587333943
mood,ex_avg_hr_avg3,0.04447091923077139,426,5,0.045004374166568314,3,0,0,0.23003896884931918
mood,ex_cp_min_lag1,-0.018005311324754632,1211,11,-0.043733229025237665,3,0,0,0.20324549419765622
mood,ex_cp_min_avg3,-0.028817153476379184,1241,11,-0.02728985078357796,4,0,0,0.4569725628708825
mood,hr_day_mean_lag1,0.01278730660438308,1264,12,0.045645292282549654,6,0,0,0.19546349128588836
mood,hr_day_mean_avg3,0.05192619285783291,1303,12,0.08786099438930313,8,2,0,0.04812058162193856
mood,hr_day_p10_lag1,-0.025929784933263478,1264,12,-0.003916791407705381,6,0,0,0.9137685358986711
mood,hr_day_p10_avg3,0.024996992232485065,1303,12,0.05226362359868214,8,1,0,0.25253059590874255
mood,hr_dip_lag1,-0.01729149811267041,1205,12,0.020427861876221785,7,0,0,0.4966819547926029
mood,hr_dip_avg3,0.02716590380118286,1273,12,0.04742417982810448,9,0,0,0.09157482142041827
