pid,n_days,sleep_h,steps,deep_min,rem_min,light_min,deep_pct,rem_pct,wake_min,wake_pct,wake_count,wake_long_n,wake_per_h,min_after_wake,ss_overall,ss_composition,ss_revitalization,ss_duration,ss_deep,ss_restless,hr_sleep_mean,hr_sleep_p5,z_fatburn,z_cardio,z_peak,z_cardio_peak,ex_user_min,ex_avg_hr,ex_cp_min,hr_day_mean,hr_day_p10,hr_dip
p01,138,99.27536231884058,96.37681159420289,99.27536231884058,99.27536231884058,99.27536231884058,99.27536231884058,99.27536231884058,99.27536231884058,99.27536231884058,99.27536231884058,99.27536231884058,99.27536231884058,99.27536231884058,99.27536231884058,99.27536231884058,99.27536231884058,99.27536231884058,99.27536231884058,99.27536231884058,99.27536231884058,99.27536231884058,96.37681159420289,96.37681159420289,96.37681159420289,96.37681159420289,96.37681159420289,24.637681159420293,96.37681159420289,96.37681159420289,96.37681159420289,96.37681159420289
p04,142,86.61971830985915,91.54929577464789,86.61971830985915,86.61971830985915,86.61971830985915,86.61971830985915,86.61971830985915,86.61971830985915,86.61971830985915,86.61971830985915,86.61971830985915,86.61971830985915,86.61971830985915,86.61971830985915,86.61971830985915,86.61971830985915,86.61971830985915,86.61971830985915,86.61971830985915,85.91549295774648,85.91549295774648,91.54929577464789,91.54929577464789,91.54929577464789,91.54929577464789,91.54929577464789,54.929577464788736,91.54929577464789,90.14084507042254,90.14084507042254,82.3943661971831
p05,134,76.11940298507463,89.55223880597015,76.11940298507463,76.11940298507463,76.11940298507463,76.11940298507463,76.11940298507463,76.11940298507463,76.11940298507463,76.11940298507463,76.11940298507463,76.11940298507463,76.11940298507463,76.11940298507463,76.11940298507463,76.11940298507463,76.11940298507463,76.11940298507463,76.11940298507463,76.11940298507463,76.11940298507463,90.29850746268657,90.29850746268657,90.29850746268657,90.29850746268657,90.29850746268657,24.62686567164179,90.29850746268657,90.29850746268657,90.29850746268657,74.6268656716418
p06,147,98.63945578231292,99.31972789115646,97.95918367346938,97.95918367346938,97.95918367346938,97.95918367346938,97.95918367346938,98.63945578231292,97.95918367346938,97.95918367346938,97.95918367346938,97.95918367346938,98.63945578231292,97.27891156462584,97.27891156462584,97.27891156462584,97.27891156462584,97.27891156462584,97.27891156462584,98.63945578231292,98.63945578231292,99.31972789115646,99.31972789115646,99.31972789115646,99.31972789115646,99.31972789115646,48.97959183673469,99.31972789115646,99.31972789115646,99.31972789115646,97.95918367346938
p07,132,93.93939393939394,96.21212121212122,93.93939393939394,93.93939393939394,93.93939393939394,93.93939393939394,93.93939393939394,93.93939393939394,93.93939393939394,93.93939393939394,93.93939393939394,93.93939393939394,93.93939393939394,93.18181818181817,93.18181818181817,93.18181818181817,93.18181818181817,93.18181818181817,93.18181818181817,93.93939393939394,93.93939393939394,96.21212121212122,96.21212121212122,96.21212121212122,96.21212121212122,96.21212121212122,80.3030303030303,96.21212121212122,96.21212121212122,96.21212121212122,92.42424242424242
p08,103,91.2621359223301,91.2621359223301,91.2621359223301,91.2621359223301,91.2621359223301,91.2621359223301,91.2621359223301,91.2621359223301,91.2621359223301,91.2621359223301,91.2621359223301,91.2621359223301,91.2621359223301,91.2621359223301,91.2621359223301,91.2621359223301,91.2621359223301,91.2621359223301,91.2621359223301,91.2621359223301,91.2621359223301,91.2621359223301,91.2621359223301,91.2621359223301,91.2621359223301,91.2621359223301,79.6116504854369,91.2621359223301,91.2621359223301,91.2621359223301,89.32038834951457
p09,102,92.15686274509804,80.3921568627451,87.25490196078431,87.25490196078431,87.25490196078431,87.25490196078431,87.25490196078431,92.15686274509804,87.25490196078431,87.25490196078431,87.25490196078431,87.25490196078431,92.15686274509804,90.19607843137256,90.19607843137256,90.19607843137256,90.19607843137256,90.19607843137256,90.19607843137256,91.17647058823529,91.17647058823529,80.3921568627451,80.3921568627451,80.3921568627451,80.3921568627451,80.3921568627451,4.901960784313726,80.3921568627451,72.54901960784314,72.54901960784314,67.64705882352942
p10,95,84.21052631578947,88.42105263157895,84.21052631578947,84.21052631578947,84.21052631578947,84.21052631578947,84.21052631578947,84.21052631578947,84.21052631578947,84.21052631578947,84.21052631578947,84.21052631578947,84.21052631578947,84.21052631578947,84.21052631578947,84.21052631578947,84.21052631578947,84.21052631578947,84.21052631578947,84.21052631578947,84.21052631578947,88.42105263157895,88.42105263157895,88.42105263157895,88.42105263157895,88.42105263157895,20.0,88.42105263157895,87.36842105263159,87.36842105263159,80.0
p11,106,100.0,100.0,100.0,100.0,100.0,100.0,100.0,100.0,100.0,100.0,100.0,100.0,100.0,100.0,100.0,100.0,100.0,100.0,100.0,100.0,100.0,100.0,100.0,100.0,100.0,100.0,30.18867924528302,100.0,100.0,100.0,100.0
p14,123,82.11382113821138,78.04878048780488,80.48780487804879,80.48780487804879,80.48780487804879,80.48780487804879,80.48780487804879,82.11382113821138,80.48780487804879,80.48780487804879,80.48780487804879,80.48780487804879,82.11382113821138,80.48780487804879,80.48780487804879,80.48780487804879,80.48780487804879,80.48780487804879,80.48780487804879,82.11382113821138,82.11382113821138,78.04878048780488,78.04878048780488,78.04878048780488,78.04878048780488,78.04878048780488,30.081300813008134,78.04878048780488,70.73170731707317,70.73170731707317,66.66666666666666
p15,93,100.0,98.9247311827957,100.0,100.0,100.0,100.0,100.0,100.0,100.0,100.0,100.0,100.0,100.0,100.0,100.0,100.0,100.0,100.0,100.0,100.0,100.0,98.9247311827957,98.9247311827957,98.9247311827957,98.9247311827957,98.9247311827957,76.34408602150538,98.9247311827957,96.7741935483871,96.7741935483871,96.7741935483871
p16,82,98.78048780487805,95.1219512195122,98.78048780487805,98.78048780487805,98.78048780487805,98.78048780487805,98.78048780487805,98.78048780487805,98.78048780487805,98.78048780487805,98.78048780487805,98.78048780487805,98.78048780487805,98.78048780487805,98.78048780487805,98.78048780487805,98.78048780487805,98.78048780487805,98.78048780487805,98.78048780487805,98.78048780487805,95.1219512195122,95.1219512195122,95.1219512195122,95.1219512195122,95.1219512195122,1.2195121951219512,95.1219512195122,91.46341463414635,91.46341463414635,90.2439024390244
