config,pid,kind,n_label,n_conds,n_featvars,q95_null
spec1,p01,bad,65,40,13,0.1422498446700639
spec1,p04,bad,44,48,13,0.13002925701978024
spec1,p04,good,44,43,13,0.13674072014937266
spec1,p05,bad,50,37,12,0.2351676131819024
spec1,p05,good,11,33,11,0.12421852327798551
spec1,p06,bad,72,50,13,0.19848066535992603
spec1,p06,good,24,48,11,0.12197473643735227
spec1,p07,bad,29,57,13,0.13473729204758308
spec1,p07,good,50,47,13,0.21431932490098968
spec1,p08,bad,28,46,13,0.16029483095768637
spec1,p08,good,48,47,13,0.1328156909215634
spec1,p09,bad,23,36,11,0.12322409254051882
spec1,p09,good,32,46,11,0.15063891370033963
spec1,p10,bad,25,39,13,0.12989989689589201
spec1,p10,good,43,38,11,0.14457769321716302
spec1,p11,bad,32,49,13,0.15044370755541053
spec1,p14,bad,47,51,13,0.2304403850405744
spec1,p14,good,21,50,12,0.1636038583321656
spec1,p15,bad,42,46,13,0.1748441982888106
spec1,p15,good,34,39,13,0.11644810744763312
spec1,p16,bad,27,21,8,0.13732787016534648
spec1,p16,good,25,28,11,0.1382401571946874
spec2,p01,bad,65,51,15,0.1488466700205448
spec2,p04,bad,44,68,15,0.14659598637763982
spec2,p04,good,44,55,15,0.15029008697839905
spec2,p05,bad,50,44,14,0.25973243510427796
spec2,p05,good,11,40,13,0.12854424218342675
spec2,p06,bad,72,60,15,0.19848066535992603
spec2,p06,good,24,57,13,0.12197473643735227
spec2,p07,bad,29,67,15,0.16511528940109857
spec2,p07,good,50,56,15,0.23497544648087892
spec2,p08,bad,28,54,15,0.1520916321178964
spec2,p08,good,48,53,15,0.1368937818506346
spec2,p09,bad,23,49,13,0.16703824737710257
spec2,p09,good,32,52,13,0.15339144561608462
spec2,p10,bad,25,47,15,0.16704349024983547
spec2,p10,good,43,44,13,0.15985562097480066
spec2,p11,bad,32,60,15,0.1540928657559959
spec2,p14,bad,47,61,15,0.24570710633188092
spec2,p14,good,21,58,14,0.18459748566666345
spec2,p15,bad,42,55,15,0.1748441982888106
spec2,p15,good,34,45,15,0.11644810744763312
spec2,p16,bad,27,24,10,0.14388769630688764
spec2,p16,good,25,34,13,0.1382401571946874
r1,p01,bad,65,55,18,0.1603597435346859
r1,p04,bad,44,68,18,0.1451767643531633
r1,p04,good,44,61,18,0.1579675691099898
r1,p05,bad,50,71,17,0.39636724498815284
r1,p05,good,11,48,16,0.14745617284017817
r1,p06,bad,72,68,18,0.19892613895256553
r1,p06,good,24,62,16,0.16774146556592512
r1,p07,bad,29,72,18,0.13839414225207444
r1,p07,good,50,61,18,0.21431932490098968
r1,p08,bad,28,61,18,0.18127826585114293
r1,p08,good,48,61,18,0.1368937818506346
r1,p09,bad,23,56,16,0.1391947512533113
r1,p09,good,32,67,16,0.18428783044831962
r1,p10,bad,25,51,18,0.14687078972175338
r1,p10,good,43,55,16,0.15985562097480066
r1,p11,bad,32,60,18,0.16130578121218053
r1,p14,bad,47,71,18,0.2488948781884336
r1,p14,good,21,68,17,0.2389217424495147
r1,p15,bad,42,56,18,0.1748441982888106
r1,p15,good,34,52,18,0.1415774688937961
r1,p16,bad,27,30,13,0.13732787016534648
r1,p16,good,25,39,16,0.14612713783144501
r2,p01,bad,65,69,21,0.1603597435346859
r2,p04,bad,44,92,21,0.15749873290505226
r2,p04,good,44,76,21,0.1579675691099898
r2,p05,bad,50,82,20,0.39636724498815284
r2,p05,good,11,58,19,0.14745617284017817
r2,p06,bad,72,81,21,0.19892613895256553
r2,p06,good,24,73,19,0.16774146556592512
r2,p07,bad,29,86,21,0.16511528940109857
r2,p07,good,50,72,21,0.24223611661019015
r2,p08,bad,28,73,21,0.18127826585114293
r2,p08,good,48,70,21,0.1561737483435485
r2,p09,bad,23,74,19,0.16703824737710257
r2,p09,good,32,77,19,0.18428783044831962
r2,p10,bad,25,63,21,0.16704349024983547
r2,p10,good,43,63,19,0.16869672190346913
r2,p11,bad,32,74,21,0.16130578121218053
r2,p14,bad,47,87,21,0.26237686770284724
r2,p14,good,21,80,20,0.2389217424495147
r2,p15,bad,42,67,21,0.1748441982888106
r2,p15,good,34,60,21,0.1415774688937961
r2,p16,bad,27,37,16,0.15465127385286476
r2,p16,good,25,48,19,0.14612713783144501
r2_wide,p01,bad,65,88,30,0.1658762929548463
r2_wide,p04,bad,44,127,30,0.17947345501346917
r2_wide,p04,good,44,97,29,0.16347808248673915
r2_wide,p05,bad,50,103,28,0.39636724498815284
r2_wide,p05,good,11,73,26,0.16384183486081644
r2_wide,p06,bad,72,105,30,0.2096375543286494
r2_wide,p06,good,24,88,27,0.16774146556592512
r2_wide,p07,bad,29,111,30,0.183342270407111
r2_wide,p07,good,50,97,30,0.24223611661019015
r2_wide,p08,bad,28,94,30,0.19293903398866363
r2_wide,p08,good,48,88,29,0.15888091479982133
r2_wide,p09,bad,23,95,28,0.16734048783952585
r2_wide,p09,good,32,95,26,0.1895083887167665
r2_wide,p10,bad,25,84,30,0.1821806736120994
r2_wide,p10,good,43,78,27,0.17643770986907187
r2_wide,p11,bad,32,97,30,0.18607193827681354
r2_wide,p14,bad,47,118,30,0.31235290200484056
r2_wide,p14,good,21,102,28,0.24891167995733002
r2_wide,p15,bad,42,89,30,0.18496198126685598
r2_wide,p15,good,34,79,30,0.14415736010917024
r2_wide,p16,bad,27,54,24,0.17065917546075474
r2_wide,p16,good,25,58,26,0.14847744946015265
r1_watch,p01,bad,65,54,18,0.1603597435346859
r1_watch,p04,bad,44,69,18,0.1451767643531633
r1_watch,p04,good,44,60,17,0.1579675691099898
r1_watch,p05,bad,50,71,17,0.39636724498815284
r1_watch,p05,good,11,48,16,0.14745617284017817
r1_watch,p06,bad,72,69,18,0.19837633015011386
r1_watch,p06,good,24,63,17,0.16774146556592512
r1_watch,p07,bad,29,72,18,0.13839414225207444
r1_watch,p07,good,50,63,18,0.21430659851440997
r1_watch,p08,bad,28,62,18,0.19062113053430935
r1_watch,p08,good,48,61,18,0.1429187225406164
r1_watch,p09,bad,23,58,18,0.1391947512533113
r1_watch,p09,good,32,67,16,0.18428783044831962
r1_watch,p10,bad,25,51,18,0.14687078972175338
r1_watch,p10,good,43,56,17,0.15985562097480066
r1_watch,p11,bad,32,59,18,0.1659131126110877
r1_watch,p14,bad,47,71,18,0.2488948781884336
r1_watch,p14,good,21,68,17,0.2389217424495147
r1_watch,p15,bad,42,50,18,0.18496198126685598
r1_watch,p15,good,34,52,18,0.1415774688937961
r1_watch,p16,bad,27,31,14,0.15465127385286476
r1_watch,p16,good,25,39,16,0.14612713783144501
