pid,kind,feature,dir,thr,n_in,k_in,rate_in,rate_out,score,p_global,p_feature,n_days,n_label
p01,bad,srpe_load_lag1,above,0.0,28,22,0.7857142857142857,0.3793103448275862,0.22530018437967503,0.0,0.0,119,56
p01,bad,sleep_eff_lag1,below,95.0,20,15,0.75,0.41414141414141414,0.11715357590052233,0.11956521739130435,0.03260869565217391,119,56
p01,bad,sleep_eff_avg3,below,96.0,31,20,0.6451612903225806,0.40229885057471265,0.06717752985343628,0.3804347826086957,0.043478260869565216,119,56
p01,bad,sleep_h_avg3,below,5.5,23,15,0.6521739130434783,0.42105263157894735,0.027847137489968976,0.6521739130434783,0.021739130434782608,119,56
p01,bad,sedentary_avg3,above,720.0,48,26,0.5416666666666666,0.4142857142857143,-0.011377383336240998,0.8478260869565217,0.10869565217391304,119,56
p01,bad,lightly_lag1,below,200.0,22,14,0.6363636363636364,0.4421052631578947,-0.012591769720714296,0.8586956521739131,0.13043478260869565,119,56
p01,bad,lightly_avg3,below,240.0,54,28,0.5185185185185185,0.421875,-0.033360249515345664,0.9456521739130435,0.1956521739130435,119,56
p01,bad,sleep_h_lag1,below,5.5,37,18,0.4864864864864865,0.4634146341463415,-0.12895310087423112,1.0,0.4891304347826087,119,56
p01,bad,srpe_load_avg3,above,100.0,34,17,0.5,0.475,-0.13430937371951007,1.0,0.41304347826086957,119,56
p01,bad,sedentary_lag1,above,720.0,54,26,0.48148148148148145,0.4918032786885246,-0.13786571832309236,1.0,0.7391304347826086,119,56
p01,bad,bedtime_h_avg3,above,7.0,10,6,0.6,0.4537037037037037,-0.1410341562535174,1.0,0.5760869565217391,119,56
p01,bad,bedtime_h_lag1,above,6.5,31,15,0.4838709677419355,0.4659090909090909,-0.1462092305963026,1.0,0.5652173913043478,119,56
p01,bad,steps_avg3,below,13000.0,50,21,0.42,0.5,-0.2062520276543307,1.0,0.8586956521739131,119,56
p01,bad,mvpa_avg3,below,80.0,56,23,0.4107142857142857,0.5161290322580645,-0.22446324246243593,1.0,0.967391304347826,119,56
p01,bad,mvpa_lag1,below,60.0,48,20,0.4166666666666667,0.5217391304347826,-0.23324453308901244,1.0,0.9347826086956522,119,56
p01,bad,rhr_night_lag1,above,52.0,42,17,0.40476190476190477,0.5064935064935064,-0.23606702978141564,1.0,0.9239130434782609,119,56
p01,bad,steps_lag1,below,12000.0,48,19,0.3958333333333333,0.5362318840579711,-0.2660256190984653,1.0,0.9565217391304348,119,56
p01,bad,rhr_night_avg3,above,52.0,48,14,0.2916666666666667,0.5857142857142857,-0.403300125095652,1.0,1.0,119,56
p04,bad,bedtime_h_avg3,above,6.0,35,17,0.4857142857142857,0.2631578947368421,0.06678190917568527,0.4318181818181818,0.0,115,39
p04,bad,mvpa_lag1,below,40.0,53,23,0.4339622641509434,0.25,0.05950190698960345,0.4431818181818182,0.03409090909090909,115,39
p04,bad,lightly_lag1,below,200.0,41,18,0.43902439024390244,0.2777777777777778,0.02112126994332053,0.7159090909090909,0.056818181818181816,115,39
p04,bad,bedtime_h_lag1,above,6.5,20,10,0.5,0.2976190476190476,0.0016758668107723085,0.8409090909090909,0.10227272727272728,115,39
p04,bad,sleep_h_lag1,below,6.0,13,7,0.5384615384615384,0.3076923076923077,-0.01625798337398726,0.9090909090909091,0.17045454545454544,115,39
p04,bad,sedentary_avg3,above,660.0,40,17,0.425,0.30985915492957744,-0.02476746968141863,0.9431818181818182,0.18181818181818182,115,39
p04,bad,steps_lag1,below,9000.0,42,17,0.40476190476190477,0.29577464788732394,-0.025348171175233136,0.9431818181818182,0.25,115,39
p04,bad,steps_avg3,below,9000.0,27,12,0.4444444444444444,0.3103448275862069,-0.03448885088547865,0.9545454545454546,0.19318181818181818,115,39
p04,bad,sleep_eff_lag1,below,93.0,47,18,0.3829787234042553,0.2982456140350877,-0.04034078739995689,0.9659090909090909,0.3068181818181818,115,39
p04,bad,rhr_night_avg3,above,68.0,32,13,0.40625,0.3037974683544304,-0.048603443551292425,0.9772727272727273,0.4318181818181818,115,39
p04,bad,sleep_eff_avg3,below,92.0,26,11,0.4230769230769231,0.3058823529411765,-0.05044045391388252,0.9772727272727273,0.07954545454545454,115,39
p04,bad,sleep_h_avg3,below,7.0,45,17,0.37777777777777777,0.30303030303030304,-0.051951450046804404,0.9772727272727273,0.2840909090909091,115,39
p04,bad,lightly_avg3,below,200.0,38,15,0.39473684210526316,0.3157894736842105,-0.0598108810480214,0.9772727272727273,0.2840909090909091,115,39
p04,bad,sedentary_lag1,above,660.0,38,14,0.3684210526315789,0.3235294117647059,-0.08968928021056796,1.0,0.3409090909090909,115,39
p04,bad,rhr_night_lag1,above,68.0,33,12,0.36363636363636365,0.323943661971831,-0.10207400029223226,1.0,0.5113636363636364,115,39
p04,bad,mvpa_avg3,below,40.0,50,17,0.34,0.34375,-0.1193823036493894,1.0,0.5795454545454546,115,39
p04,bad,srpe_load_lag1,above,300.0,18,7,0.3888888888888889,0.32989690721649484,-0.12684698794718324,1.0,0.6590909090909091,115,39
p04,bad,srpe_load_avg3,above,200.0,28,7,0.25,0.367816091954023,-0.24105274253201517,1.0,0.8863636363636364,115,39
p04,good,sleep_eff_avg3,above,93.0,42,21,0.5,0.2608695652173913,0.09438789394788899,0.3068181818181818,0.022727272727272728,115,41
p04,good,sleep_eff_lag1,above,93.0,40,20,0.5,0.28125,0.07074278797099753,0.38636363636363635,0.0,115,41
p04,good,steps_avg3,above,11000.0,50,22,0.44,0.28125,0.03036987210235348,0.6931818181818182,0.11363636363636363,115,41
p04,good,rhr_night_avg3,below,65.0,23,12,0.5217391304347826,0.3068181818181818,0.02280611682400313,0.7840909090909091,0.20454545454545456,115,41
p04,good,bedtime_h_avg3,below,4.5,27,13,0.48148148148148145,0.30952380952380953,-0.002094303026718758,0.875,0.09090909090909091,115,41
p04,good,mvpa_lag1,above,50.0,48,20,0.4166666666666667,0.3076923076923077,-0.019197710346537555,0.9204545454545454,0.14772727272727273,115,41
p04,good,sedentary_avg3,below,570.0,13,7,0.5384615384615384,0.3163265306122449,-0.024892206293924468,0.9318181818181818,0.23863636363636365,115,41
p04,good,bedtime_h_lag1,below,4.5,42,18,0.42857142857142855,0.3225806451612903,-0.03140634996980812,0.9318181818181818,0.20454545454545456,115,41
p04,good,sedentary_lag1,below,630.0,52,20,0.38461538461538464,0.2962962962962963,-0.03159358294744413,0.9318181818181818,0.25,115,41
p04,good,rhr_night_lag1,below,67.0,48,20,0.4166666666666667,0.32142857142857145,-0.0329339740828013,0.9318181818181818,0.2840909090909091,115,41
p04,good,steps_lag1,above,11000.0,51,20,0.39215686274509803,0.3225806451612903,-0.05230919658101335,1.0,0.3181818181818182,115,41
p04,good,lightly_avg3,above,240.0,47,18,0.3829787234042553,0.3283582089552239,-0.07045338232009307,1.0,0.4318181818181818,115,41
p04,good,mvpa_avg3,above,50.0,40,15,0.375,0.33783783783783783,-0.0956101024799206,1.0,0.32954545454545453,115,41
p04,good,lightly_lag1,above,280.0,22,9,0.4090909090909091,0.34065934065934067,-0.1081037439711369,1.0,0.6136363636363636,115,41
p04,good,srpe_load_avg3,below,100.0,30,11,0.36666666666666664,0.35294117647058826,-0.13420415443041145,1.0,0.48863636363636365,115,41
p04,good,srpe_load_lag1,below,100.0,55,17,0.3090909090909091,0.4,-0.19717875479422758,1.0,0.9318181818181818,115,41
p04,good,sleep_h_lag1,above,7.5,35,11,0.3142857142857143,0.391304347826087,-0.2057977672282624,1.0,0.8409090909090909,115,41
p04,good,sleep_h_avg3,above,8.0,10,2,0.2,0.36633663366336633,-0.309655685682673,1.0,0.9886363636363636,115,41
p05,bad,lightly_lag1,below,240.0,33,19,0.5757575757575758,0.3142857142857143,0.09378402262888602,0.717948717948718,0.05128205128205128,105,42
p05,bad,sleep_eff_avg3,below,95.0,33,19,0.5757575757575758,0.35714285714285715,0.05092687977174315,0.782051282051282,0.0641025641025641,105,42
p05,bad,sleep_h_lag1,below,5.5,26,15,0.5769230769230769,0.3898305084745763,-0.0003475392633779939,0.8846153846153846,0.07692307692307693,105,42
p05,bad,sleep_eff_lag1,below,95.0,33,18,0.5454545454545454,0.38461538461538464,-0.004758805177888958,0.8846153846153846,0.0641025641025641,105,42
p05,bad,sleep_h_avg3,below,5.5,12,8,0.6666666666666666,0.4025974025974026,-0.011979815199788746,0.9230769230769231,0.08974358974358974,105,42
p05,bad,lightly_avg3,below,260.0,48,21,0.4375,0.3333333333333333,-0.026322786929224073,0.9487179487179487,0.32051282051282054,105,42
p05,bad,mvpa_avg3,below,70.0,38,17,0.4473684210526316,0.34375,-0.042288346884491124,0.9743589743589743,0.1282051282051282,105,42
p05,bad,rhr_night_lag1,above,64.0,30,15,0.5,0.41818181818181815,-0.08664330591008057,0.9743589743589743,0.44871794871794873,105,42
p05,bad,bedtime_h_lag1,above,6.0,33,16,0.48484848484848486,0.4230769230769231,-0.09803910660768084,1.0,0.3717948717948718,105,42
p05,bad,mvpa_lag1,below,60.0,39,16,0.41025641025641024,0.390625,-0.11983410564599523,1.0,0.5384615384615384,105,42
p05,bad,sedentary_avg3,above,690.0,48,19,0.3958333333333333,0.4,-0.12979373504049424,1.0,0.6538461538461539,105,42
p05,bad,rhr_night_avg3,above,64.0,36,16,0.4444444444444444,0.4339622641509434,-0.13855196538551207,1.0,0.5128205128205128,105,42
p05,bad,steps_avg3,below,12000.0,40,15,0.375,0.3870967741935484,-0.14486903883563115,1.0,0.6666666666666666,105,42
p05,bad,sedentary_lag1,above,720.0,43,17,0.3953488372093023,0.4423076923076923,-0.17865663032312828,1.0,0.6794871794871795,105,42
p05,bad,bedtime_h_avg3,above,6.0,29,11,0.3793103448275862,0.4666666666666667,-0.23978870935799326,1.0,0.7051282051282052,105,42
p05,bad,srpe_load_avg3,above,0.0,20,7,0.35,0.4411764705882353,-0.25998692272029067,1.0,0.8076923076923077,105,42
p05,bad,steps_lag1,below,10000.0,27,8,0.2962962962962963,0.4342105263157895,-0.27568199313931385,1.0,0.9487179487179487,105,42
p05,good,rhr_night_lag1,below,64.0,42,6,0.14285714285714285,0.023255813953488372,0.04390294288841097,0.5641025641025641,0.1794871794871795,105,11
p05,good,rhr_night_avg3,below,63.0,38,5,0.13157894736842105,0.0392156862745098,0.01832214248280456,0.7564102564102564,0.23076923076923078,105,11
p05,good,bedtime_h_lag1,below,5.5,26,4,0.15384615384615385,0.05084745762711865,0.010651882362176117,0.8076923076923077,0.1282051282051282,105,11
p05,good,sleep_eff_avg3,above,96.0,30,4,0.13333333333333333,0.05084745762711865,0.0022482366150623906,0.8461538461538461,0.0641025641025641,105,11
p05,good,sleep_eff_lag1,above,96.0,30,4,0.13333333333333333,0.05454545454545454,-0.0014497603032735049,0.8717948717948718,0.0641025641025641,105,11
p05,good,sedentary_lag1,below,660.0,35,5,0.14285714285714285,0.08333333333333333,-0.020731945284798353,0.9615384615384616,0.4358974358974359,105,11
p05,good,lightly_avg3,above,280.0,24,4,0.16666666666666666,0.08974358974358974,-0.022957909736300505,0.9615384615384616,0.1794871794871795,105,11
p05,good,mvpa_lag1,above,90.0,46,6,0.13043478260869565,0.08771929824561403,-0.026541726870693783,0.9743589743589743,0.38461538461538464,105,11
p05,good,mvpa_avg3,above,80.0,49,6,0.12244897959183673,0.09433962264150944,-0.036992145043411195,0.9871794871794872,0.4358974358974359,105,11
p05,good,bedtime_h_avg3,below,5.5,20,2,0.1,0.07246376811594203,-0.04459787413178884,1.0,0.2948717948717949,105,11
p05,good,sleep_h_lag1,above,6.5,21,2,0.09523809523809523,0.078125,-0.051606791203052775,1.0,0.3717948717948718,105,11
p05,good,lightly_lag1,above,280.0,33,4,0.12121212121212122,0.1,-0.051839167324157706,1.0,0.44871794871794873,105,11
p05,good,steps_avg3,above,14000.0,22,3,0.13636363636363635,0.1,-0.05251082735763733,1.0,0.5897435897435898,105,11
p05,good,steps_lag1,above,16000.0,13,2,0.15384615384615385,0.1,-0.056742736817262024,1.0,0.6666666666666666,105,11
p05,good,sedentary_avg3,below,660.0,28,3,0.10714285714285714,0.1,-0.0628823079452005,1.0,0.5256410256410257,105,11
p05,good,sleep_h_avg3,above,6.5,19,1,0.05263157894736842,0.08571428571428572,-0.07636253322375576,1.0,0.48717948717948717,105,11
p06,bad,sleep_h_lag1,below,6.0,48,28,0.5833333333333334,0.31645569620253167,0.1263551259511148,0.16666666666666666,0.00980392156862745,129,54
p06,bad,sleep_h_avg3,below,6.0,40,24,0.6,0.3409090909090909,0.10504710736484418,0.24509803921568626,0.0392156862745098,129,54
p06,bad,sleep_eff_lag1,below,98.0,48,27,0.5625,0.3291139240506329,0.09363379095938362,0.27450980392156865,0.00980392156862745,129,54
p06,bad,bedtime_h_avg3,above,6.5,17,12,0.7058823529411765,0.3783783783783784,0.0902862883594826,0.29411764705882354,0.0392156862745098,129,54
p06,bad,sleep_eff_avg3,below,98.0,59,31,0.5254237288135594,0.3333333333333333,0.06706243423979386,0.39215686274509803,0.09803921568627451,129,54
p06,bad,bedtime_h_lag1,above,6.0,47,25,0.5319148936170213,0.35,0.04232141926770794,0.5490196078431373,0.08823529411764706,129,54
p06,bad,lightly_avg3,below,260.0,13,9,0.6923076923076923,0.38596491228070173,0.03772396585267468,0.5686274509803921,0.09803921568627451,129,54
p06,bad,sedentary_avg3,above,660.0,25,15,0.6,0.38,0.027391277851273377,0.6176470588235294,0.049019607843137254,129,54
p06,bad,steps_avg3,below,10000.0,15,9,0.6,0.39285714285714285,-0.035392715292065835,0.9019607843137255,0.24509803921568626,129,54
p06,bad,lightly_lag1,below,300.0,53,25,0.4716981132075472,0.38666666666666666,-0.04284639057685258,0.9117647058823529,0.2549019607843137,129,54
p06,bad,sedentary_lag1,above,630.0,50,24,0.48,0.39473684210526316,-0.04676771815020614,0.9117647058823529,0.23529411764705882,129,54
p06,bad,mvpa_avg3,below,50.0,31,15,0.4838709677419355,0.3958333333333333,-0.07613347302054502,0.9901960784313726,0.45098039215686275,129,54
p06,bad,steps_lag1,below,6000.0,10,6,0.6,0.4067796610169492,-0.09411011356676285,0.9901960784313726,0.5490196078431373,129,54
p06,bad,rhr_night_avg3,above,50.0,58,23,0.39655172413793105,0.43478260869565216,-0.15389691919454085,1.0,0.7156862745098039,129,54
p06,bad,srpe_load_avg3,above,100.0,26,11,0.4230769230769231,0.4158415841584158,-0.16039968513112185,1.0,0.49019607843137253,129,54
p06,bad,mvpa_lag1,below,30.0,26,11,0.4230769230769231,0.4215686274509804,-0.16612672842368642,1.0,0.7941176470588235,129,54
p06,bad,rhr_night_lag1,above,50.0,50,18,0.36,0.4666666666666667,-0.22528103699483792,1.0,0.8431372549019608,129,54
p06,bad,srpe_load_lag1,above,0.0,39,13,0.3333333333333333,0.4606741573033708,-0.25434649623421923,1.0,0.9705882352941176,129,54
p06,good,sleep_h_lag1,above,6.5,51,19,0.37254901960784315,0.06578947368421052,0.18741382352569053,0.00980392156862745,0.0,129,24
p06,good,sleep_h_avg3,above,6.5,48,15,0.3125,0.1,0.09945512167731493,0.20588235294117646,0.0,129,24
p06,good,bedtime_h_avg3,below,5.0,16,7,0.4375,0.14285714285714285,0.08812649049471236,0.23529411764705882,0.0,129,24
p06,good,bedtime_h_lag1,below,5.5,46,13,0.2826086956521739,0.13580246913580246,0.037437946313338244,0.6666666666666666,0.029411764705882353,129,24
p06,good,rhr_night_lag1,below,50.0,52,13,0.25,0.136986301369863,0.01534381624452566,0.8137254901960784,0.21568627450980393,129,24
p06,good,rhr_night_avg3,below,49.0,34,9,0.2647058823529412,0.15053763440860216,-0.004527358993064223,0.9215686274509803,0.29411764705882354,129,24
p06,good,mvpa_lag1,above,80.0,56,9,0.16071428571428573,0.19444444444444445,-0.10751874803855173,1.0,0.8235294117647058,129,24
p06,good,lightly_avg3,above,380.0,19,3,0.15789473684210525,0.18518518518518517,-0.1299814747859069,1.0,0.8921568627450981,129,24
p06,good,steps_lag1,above,16000.0,49,7,0.14285714285714285,0.20253164556962025,-0.13156830836417438,1.0,0.9019607843137255,129,24
p06,good,steps_avg3,above,16000.0,35,5,0.14285714285714285,0.1956521739130435,-0.13305078586450853,1.0,0.9215686274509803,129,24
p06,good,sedentary_avg3,below,570.0,28,4,0.14285714285714285,0.1958762886597938,-0.13888715935277599,1.0,0.9117647058823529,129,24
p06,good,sleep_eff_avg3,above,98.0,52,7,0.1346153846153846,0.21052631578947367,-0.14375834584654743,1.0,0.9411764705882353,129,24
p06,good,sedentary_lag1,below,570.0,45,6,0.13333333333333333,0.20987654320987653,-0.14730590686637973,1.0,0.9607843137254902,129,24
p06,good,mvpa_avg3,above,120.0,16,2,0.125,0.1891891891891892,-0.15421243985213207,1.0,0.9803921568627451,129,24
p06,good,sleep_eff_lag1,above,98.0,51,7,0.13725490196078433,0.2236842105263158,-0.15557405721088854,1.0,0.9411764705882353,129,24
p06,good,lightly_lag1,above,380.0,35,4,0.11428571428571428,0.20430107526881722,-0.15895001672391973,1.0,1.0,129,24
p07,bad,bedtime_h_avg3,above,6.0,37,13,0.35135135135135137,0.17105263157894737,0.04720143473206134,0.6091954022988506,0.04597701149425287,114,26
p07,bad,lightly_lag1,below,200.0,14,6,0.42857142857142855,0.19387755102040816,0.019927548283597107,0.7471264367816092,0.1839080459770115,114,26
p07,bad,sedentary_lag1,above,600.0,42,12,0.2857142857142857,0.18461538461538463,-0.012946797169627933,0.9425287356321839,0.21839080459770116,114,26
p07,bad,mvpa_lag1,below,60.0,24,8,0.3333333333333333,0.19318181818181818,-0.013462031298021732,0.9425287356321839,0.2413793103448276,114,26
p07,bad,bedtime_h_lag1,above,6.5,19,7,0.3684210526315789,0.2087912087912088,-0.017298485028470395,0.9425287356321839,0.1724137931034483,114,26
p07,bad,sleep_h_lag1,below,6.0,12,5,0.4166666666666667,0.21428571428571427,-0.02102825238046771,0.9425287356321839,0.16091954022988506,114,26
p07,bad,steps_lag1,below,9000.0,10,4,0.4,0.20588235294117646,-0.03770477173766679,0.9655172413793104,0.39080459770114945,114,26
p07,bad,sleep_eff_lag1,below,94.0,17,6,0.35294117647058826,0.21505376344086022,-0.04195890200181118,0.9655172413793104,0.3218390804597701,114,26
p07,bad,steps_avg3,below,11000.0,10,4,0.4,0.21568627450980393,-0.04750869330629426,0.9770114942528736,0.5172413793103449,114,26
p07,bad,sleep_h_avg3,below,6.5,18,6,0.3333333333333333,0.21052631578947367,-0.04774077215284511,0.9770114942528736,0.22988505747126436,114,26
p07,bad,sleep_eff_avg3,below,95.0,32,9,0.28125,0.20987654320987653,-0.054232474753397875,0.9770114942528736,0.42528735632183906,114,26
p07,bad,lightly_avg3,below,220.0,20,6,0.3,0.21739130434782608,-0.07191603037883224,1.0,0.47126436781609193,114,26
p07,bad,mvpa_avg3,below,70.0,26,7,0.2692307692307692,0.22093023255813954,-0.08388747730746568,1.0,0.5172413793103449,114,26
p07,bad,rhr_night_avg3,above,59.0,14,4,0.2857142857142857,0.22448979591836735,-0.10727791681727633,1.0,0.5172413793103449,114,26
p07,bad,rhr_night_lag1,above,59.0,14,4,0.2857142857142857,0.23157894736842105,-0.11436706826733004,1.0,0.6896551724137931,114,26
p07,bad,sedentary_avg3,above,630.0,25,5,0.2,0.21951219512195122,-0.13090765411542638,1.0,0.632183908045977,114,26
p07,bad,srpe_load_avg3,above,400.0,23,5,0.21739130434782608,0.23333333333333334,-0.1366949773161427,1.0,0.7701149425287356,114,26
p07,bad,srpe_load_lag1,above,500.0,15,1,0.06666666666666667,0.25252525252525254,-0.24065866391905769,1.0,1.0,114,26
p07,good,sleep_h_avg3,above,7.5,24,14,0.5833333333333334,0.33707865168539325,0.051264724808493145,0.7011494252873564,0.011494252873563218,114,45
p07,good,sleep_h_lag1,above,8.0,23,13,0.5652173913043478,0.3333333333333333,0.034777159716836314,0.8045977011494253,0.011494252873563218,114,45
p07,good,sleep_eff_avg3,above,96.0,35,17,0.4857142857142857,0.34615384615384615,-0.016214042241318782,0.9425287356321839,0.034482758620689655,114,45
p07,good,sedentary_lag1,below,570.0,43,19,0.4418604651162791,0.359375,-0.055044143760786646,0.9885057471264368,0.40229885057471265,114,45
p07,good,srpe_load_lag1,below,100.0,26,12,0.46153846153846156,0.375,-0.08744417304765095,1.0,0.4827586206896552,114,45
p07,good,mvpa_lag1,above,90.0,56,22,0.39285714285714285,0.39285714285714285,-0.11705488668201441,1.0,0.6666666666666666,114,45
p07,good,mvpa_avg3,above,130.0,12,6,0.5,0.38,-0.1262218296065778,1.0,0.6666666666666666,114,45
p07,good,srpe_load_avg3,below,200.0,27,11,0.4074074074074074,0.38372093023255816,-0.1385757965039847,1.0,0.4827586206896552,114,45
p07,good,steps_lag1,above,22000.0,11,5,0.45454545454545453,0.38613861386138615,-0.17342903842150567,1.0,0.7586206896551724,114,45
p07,good,sleep_eff_lag1,above,96.0,35,12,0.34285714285714286,0.4,-0.19168504717311077,1.0,0.6206896551724138,114,45
p07,good,bedtime_h_avg3,below,4.5,12,5,0.4166666666666667,0.38613861386138615,-0.19288115195613958,1.0,0.7586206896551724,114,45
p07,good,bedtime_h_lag1,below,4.0,10,4,0.4,0.38,-0.21182241879649033,1.0,0.9080459770114943,114,45
p07,good,lightly_avg3,above,280.0,23,8,0.34782608695652173,0.4044943820224719,-0.21638383565264951,1.0,0.9080459770114943,114,45
p07,good,lightly_lag1,above,280.0,32,10,0.3125,0.425,-0.24547647883381263,1.0,0.9885057471264368,114,45
p07,good,rhr_night_lag1,below,57.0,35,10,0.2857142857142857,0.4189189189189189,-0.25565528493596323,1.0,0.8390804597701149,114,45
p07,good,rhr_night_avg3,below,56.0,24,7,0.2916666666666667,0.42045454545454547,-0.2713099421129027,1.0,0.9770114942528736,114,45
p07,good,steps_avg3,above,18000.0,41,12,0.2926829268292683,0.4507042253521127,-0.27461404902152386,1.0,0.9195402298850575,114,45
p07,good,sedentary_avg3,below,540.0,25,7,0.28,0.43902439024390244,-0.2961876518700867,1.0,1.0,114,45
p08,bad,lightly_avg3,below,200.0,13,9,0.6923076923076923,0.2647058823529412,0.15898299578043523,0.11864406779661017,0.01694915254237288,86,28
p08,bad,sleep_h_avg3,below,7.0,26,13,0.5,0.25862068965517243,0.061982373494848364,0.4745762711864407,0.0,86,28
p08,bad,mvpa_lag1,below,100.0,29,14,0.4827586206896552,0.2545454545454545,0.05931273876249771,0.4745762711864407,0.03389830508474576,86,28
p08,bad,sleep_h_lag1,below,7.0,30,14,0.4666666666666667,0.2545454545454545,0.04777581769582778,0.6271186440677966,0.01694915254237288,86,28
p08,bad,steps_avg3,below,17000.0,35,15,0.42857142857142855,0.2608695652173913,0.01897376559939784,0.8305084745762712,0.05084745762711865,86,28
p08,bad,mvpa_avg3,below,120.0,39,16,0.41025641025641024,0.2619047619047619,0.008886132449242856,0.8813559322033898,0.06779661016949153,86,28
p08,bad,steps_lag1,below,17000.0,39,15,0.38461538461538464,0.28888888888888886,-0.03997726341881824,1.0,0.3559322033898305,86,28
p08,bad,bedtime_h_lag1,above,7.0,12,6,0.5,0.3013698630136986,-0.047591692620276405,1.0,0.3389830508474576,86,28
p08,bad,lightly_lag1,below,180.0,12,6,0.5,0.3055555555555556,-0.05177738516213337,1.0,0.2542372881355932,86,28
p08,bad,sedentary_avg3,above,600.0,22,9,0.4090909090909091,0.29310344827586204,-0.06054785158765827,1.0,0.15254237288135594,86,28
p08,bad,sleep_eff_lag1,below,94.0,35,13,0.37142857142857144,0.3,-0.06834392631108938,1.0,0.3559322033898305,86,28
p08,bad,sleep_eff_avg3,below,94.0,38,14,0.3684210526315789,0.30434782608695654,-0.0705076945328186,1.0,0.4915254237288136,86,28
p08,bad,sedentary_lag1,above,630.0,17,7,0.4117647058823529,0.31746031746031744,-0.10135245706900362,1.0,0.3728813559322034,86,28
p08,bad,rhr_night_avg3,above,58.0,11,5,0.45454545454545453,0.3150684931506849,-0.10235891771080444,1.0,0.576271186440678,86,28
p08,bad,rhr_night_lag1,above,56.0,22,8,0.36363636363636365,0.31746031746031744,-0.12013058973423849,1.0,0.5423728813559322,86,28
p08,bad,srpe_load_lag1,above,300.0,40,11,0.275,0.3695652173913043,-0.20848668305987342,1.0,0.9491525423728814,86,28
p08,bad,bedtime_h_avg3,above,6.0,30,8,0.26666666666666666,0.37037037037037035,-0.22854541483126417,1.0,0.8983050847457628,86,28
p08,bad,srpe_load_avg3,above,400.0,20,4,0.2,0.36923076923076925,-0.2885744159595693,1.0,0.9491525423728814,86,28
p08,good,mvpa_lag1,above,120.0,41,22,0.5365853658536586,0.3488372093023256,0.03862494415741802,0.576271186440678,0.05084745762711865,86,39
p08,good,sleep_h_lag1,above,8.0,18,12,0.6666666666666666,0.40298507462686567,0.034505618815637906,0.576271186440678,0.05084745762711865,86,39
p08,good,sleep_eff_lag1,above,94.0,35,20,0.5714285714285714,0.38,0.028571292589733677,0.6271186440677966,0.11864406779661017,86,39
p08,good,mvpa_avg3,above,150.0,20,12,0.6,0.4098360655737705,-0.023258123258564467,0.9152542372881356,0.13559322033898305,86,39
p08,good,sedentary_avg3,below,570.0,36,18,0.5,0.4318181818181818,-0.08707750557087657,1.0,0.3559322033898305,86,39
p08,good,steps_lag1,above,18000.0,36,17,0.4722222222222222,0.4166666666666667,-0.09680873759457331,1.0,0.4406779661016949,86,39
p08,good,lightly_lag1,above,240.0,36,17,0.4722222222222222,0.4166666666666667,-0.09680873759457331,1.0,0.3898305084745763,86,39
p08,good,lightly_avg3,above,240.0,30,15,0.5,0.43137254901960786,-0.09983403674787028,1.0,0.3389830508474576,86,39
p08,good,steps_avg3,above,18000.0,40,19,0.475,0.43902439024390244,-0.1096720947420855,1.0,0.4576271186440678,86,39
p08,good,srpe_load_avg3,below,300.0,36,17,0.4722222222222222,0.4489795918367347,-0.12912166276464132,1.0,0.5084745762711864,86,39
p08,good,srpe_load_lag1,below,200.0,22,11,0.5,0.4375,-0.1302819530752044,1.0,0.576271186440678,86,39
p08,good,bedtime_h_avg3,below,5.5,24,11,0.4583333333333333,0.45,-0.1710894164831857,1.0,0.559322033898305,86,39
p08,good,sleep_h_avg3,above,7.5,24,11,0.4583333333333333,0.45,-0.1710894164831857,1.0,0.5254237288135594,86,39
p08,good,sedentary_lag1,below,510.0,20,9,0.45,0.45,-0.19180497914290706,1.0,0.7796610169491526,86,39
p08,good,rhr_night_lag1,below,53.0,12,6,0.5,0.4520547945205479,-0.1982766241271257,1.0,0.711864406779661,86,39
p08,good,bedtime_h_lag1,below,5.5,32,13,0.40625,0.49056603773584906,-0.2353720129327111,1.0,0.8305084745762712,86,39
p08,good,sleep_eff_avg3,above,94.0,34,13,0.38235294117647056,0.5,-0.2610003514839122,1.0,0.9322033898305084,86,39
p08,good,rhr_night_avg3,below,54.0,24,8,0.3333333333333333,0.5,-0.3202802131162036,1.0,0.8983050847457628,86,39
p09,bad,sedentary_avg3,above,750.0,32,11,0.34375,0.06060606060606061,0.1434962729372249,0.047619047619047616,0.0,90,21
p09,bad,sleep_h_lag1,below,5.5,18,9,0.5,0.14705882352941177,0.14324821606038815,0.047619047619047616,0.0,90,21
p09,bad,lightly_avg3,below,160.0,40,14,0.35,0.14634146341463414,0.07500186829585734,0.4444444444444444,0.06349206349206349,90,21
p09,bad,sedentary_lag1,above,780.0,25,8,0.32,0.10526315789473684,0.06678671727417462,0.5079365079365079,0.015873015873015872,90,21
p09,bad,lightly_lag1,below,120.0,15,6,0.4,0.2,-0.0017577191740533737,0.9365079365079365,0.12698412698412698,90,21
p09,bad,mvpa_lag1,below,10.0,20,7,0.35,0.2,-0.0188104521320554,0.9841269841269841,0.06349206349206349,90,21
p09,bad,steps_lag1,below,4000.0,13,5,0.38461538461538464,0.20967741935483872,-0.03258295354247054,1.0,0.12698412698412698,90,21
p09,bad,sleep_eff_lag1,below,93.0,38,10,0.2631578947368421,0.1875,-0.03778537610298702,1.0,0.31746031746031744,90,21
p09,bad,mvpa_avg3,below,20.0,30,9,0.3,0.21568627450980393,-0.049040648070214576,1.0,0.19047619047619047,90,21
p09,bad,steps_avg3,below,5000.0,23,7,0.30434782608695654,0.22413793103448276,-0.06809965082475819,1.0,0.2698412698412698,90,21
p09,bad,bedtime_h_lag1,above,8.5,32,8,0.25,0.2037037037037037,-0.07118126387748816,1.0,0.6349206349206349,90,21
p09,bad,sleep_h_avg3,below,6.5,27,7,0.25925925925925924,0.2033898305084746,-0.07168774627980681,1.0,0.4444444444444444,90,21
p09,bad,bedtime_h_avg3,above,8.0,42,9,0.21428571428571427,0.22727272727272727,-0.11021604196221488,1.0,0.7301587301587301,90,21
p09,bad,sleep_eff_avg3,below,93.0,39,7,0.1794871794871795,0.2553191489361702,-0.16554763082147025,1.0,0.9365079365079365,90,21
p09,bad,rhr_night_avg3,above,63.0,25,4,0.16,0.2542372881355932,-0.19020381204981332,1.0,0.9682539682539683,90,21
p09,bad,rhr_night_lag1,above,61.0,37,5,0.13513513513513514,0.2765957446808511,-0.21746367205577483,1.0,1.0,90,21
p09,good,sleep_eff_avg3,above,93.0,41,19,0.4634146341463415,0.24444444444444444,0.07611554673741441,0.5714285714285714,0.07936507936507936,90,31
p09,good,mvpa_lag1,above,20.0,37,16,0.43243243243243246,0.23684210526315788,0.04987276314035524,0.7142857142857143,0.09523809523809523,90,31
p09,good,lightly_lag1,above,180.0,29,13,0.4482758620689655,0.2608695652173913,0.0232595462700666,0.8095238095238095,0.1111111111111111,90,31
p09,good,steps_lag1,above,7000.0,33,14,0.42424242424242425,0.2619047619047619,0.010448828045537095,0.8412698412698413,0.09523809523809523,90,31
p09,good,sleep_h_lag1,above,7.5,30,14,0.4666666666666667,0.30357142857142855,-0.001250156330146246,0.873015873015873,0.15873015873015872,90,31
p09,good,steps_avg3,above,7000.0,35,14,0.4,0.2826086956521739,-0.02710364631910145,0.9365079365079365,0.2857142857142857,90,31
p09,good,rhr_night_avg3,below,61.0,40,16,0.4,0.29545454545454547,-0.03197343933053187,0.9523809523809523,0.30158730158730157,90,31
p09,good,mvpa_avg3,above,30.0,37,14,0.3783783783783784,0.29545454545454547,-0.05481667081563518,1.0,0.3492063492063492,90,31
p09,good,sleep_eff_lag1,above,93.0,37,15,0.40540540540540543,0.32653061224489793,-0.06306765384549651,1.0,0.31746031746031744,90,31
p09,good,rhr_night_lag1,below,60.0,28,12,0.42857142857142855,0.3392857142857143,-0.07420275247840208,1.0,0.42857142857142855,90,31
p09,good,lightly_avg3,above,180.0,30,11,0.36666666666666664,0.3137254901960784,-0.09498846815590162,1.0,0.36507936507936506,90,31
p09,good,sedentary_lag1,below,630.0,16,7,0.4375,0.3404255319148936,-0.1094418985630384,1.0,0.5714285714285714,90,31
p09,good,bedtime_h_lag1,below,6.5,13,6,0.46153846153846156,0.3424657534246575,-0.11040821040977614,1.0,0.6190476190476191,90,31
p09,good,sleep_h_avg3,above,8.0,17,7,0.4117647058823529,0.3333333333333333,-0.11722547294201949,1.0,0.6190476190476191,90,31
p09,good,sedentary_avg3,below,660.0,15,6,0.4,0.34,-0.1417577191740534,1.0,0.5714285714285714,90,31
p09,good,bedtime_h_avg3,below,7.0,20,7,0.35,0.3484848484848485,-0.1672953006169039,1.0,0.6507936507936508,90,31
p10,bad,sleep_h_lag1,below,7.0,23,13,0.5652173913043478,0.19298245614035087,0.17512803690981876,0.03278688524590164,0.0,88,25
p10,bad,sleep_eff_lag1,below,91.0,24,13,0.5416666666666666,0.19642857142857142,0.15431696410249487,0.04918032786885246,0.0,88,25
p10,bad,lightly_avg3,below,260.0,36,14,0.3888888888888889,0.20833333333333334,0.03951322084489611,0.5245901639344263,0.09836065573770492,88,25
p10,bad,sedentary_avg3,above,630.0,26,10,0.38461538461538464,0.23529411764705882,-0.011010522528714567,0.8852459016393442,0.16393442622950818,88,25
p10,bad,sleep_h_avg3,below,7.0,19,8,0.42105263157894735,0.24615384615384617,-0.014737642233542375,0.9016393442622951,0.09836065573770492,88,25
p10,bad,steps_lag1,below,12000.0,42,14,0.3333333333333333,0.23809523809523808,-0.027972430475514898,0.9508196721311475,0.2786885245901639,88,25
p10,bad,sedentary_lag1,above,630.0,29,11,0.3793103448275862,0.2608695652173913,-0.033991607908717886,0.9836065573770492,0.19672131147540983,88,25
p10,bad,sleep_eff_avg3,below,91.0,30,10,0.3333333333333333,0.25925925925925924,-0.0669563039907973,1.0,0.47540983606557374,88,25
p10,bad,mvpa_avg3,below,50.0,35,11,0.3142857142857143,0.2653061224489796,-0.07979954185115504,1.0,0.47540983606557374,88,25
p10,bad,bedtime_h_lag1,above,7.0,16,6,0.375,0.28125,-0.09644017445247197,1.0,0.5081967213114754,88,25
p10,bad,rhr_night_lag1,above,68.0,31,10,0.3225806451612903,0.2857142857142857,-0.10002197824115536,1.0,0.5573770491803278,88,25
p10,bad,rhr_night_avg3,above,68.0,41,12,0.2926829268292683,0.27906976744186046,-0.10297959111127164,1.0,0.5901639344262295,88,25
p10,bad,srpe_load_avg3,above,100.0,25,8,0.32,0.2777777777777778,-0.10572790260886633,1.0,0.3770491803278688,88,25
p10,bad,lightly_lag1,below,260.0,36,10,0.2777777777777778,0.2916666666666667,-0.13318496640852873,1.0,0.639344262295082,88,25
p10,bad,srpe_load_lag1,above,100.0,22,7,0.3181818181818182,0.2982456140350877,-0.13464174048816294,1.0,0.5245901639344263,88,25
p10,bad,steps_avg3,below,12000.0,38,10,0.2631578947368421,0.30434782608695654,-0.15463320218994356,1.0,0.8360655737704918,88,25
p10,bad,mvpa_lag1,below,40.0,36,9,0.25,0.3125,-0.17499676160774613,1.0,0.8688524590163934,88,25
p10,bad,bedtime_h_avg3,above,6.5,27,6,0.2222222222222222,0.3157894736842105,-0.20971851879012096,1.0,0.9180327868852459,88,25
p10,good,lightly_avg3,above,340.0,10,10,1.0,0.4189189189189189,0.3035409123144645,0.0,0.0,88,43
p10,good,lightly_lag1,above,320.0,21,17,0.8095238095238095,0.38095238095238093,0.2190377536548861,0.0,0.0,88,43
p10,good,sleep_h_lag1,above,7.5,40,24,0.6,0.375,0.07095619827393507,0.3114754098360656,0.03278688524590164,88,43
p10,good,steps_lag1,above,12000.0,42,24,0.5714285714285714,0.40476190476190477,0.017297874356839937,0.47540983606557374,0.09836065573770492,88,43
p10,good,sedentary_avg3,below,600.0,36,21,0.5833333333333334,0.4146341463414634,0.007365550301313417,0.5573770491803278,0.11475409836065574,88,43
p10,good,sleep_h_avg3,above,7.5,34,20,0.5882352941176471,0.42,0.0022130414651927444,0.6065573770491803,0.04918032786885246,88,43
p10,good,sedentary_lag1,below,480.0,11,8,0.7272727272727273,0.453125,-0.01877529301024622,0.7049180327868853,0.11475409836065574,88,43
p10,good,sleep_eff_lag1,above,92.0,31,18,0.5806451612903226,0.42857142857142855,-0.020911785051218823,0.7377049180327869,0.13114754098360656,88,43
p10,good,sleep_eff_avg3,above,92.0,31,18,0.5806451612903226,0.4339622641509434,-0.026302620630733686,0.7377049180327869,0.19672131147540983,88,43
p10,good,bedtime_h_lag1,below,5.5,15,10,0.6666666666666666,0.4461538461538462,-0.02902259464171636,0.7540983606557377,0.16393442622950818,88,43
p10,good,rhr_night_avg3,below,67.0,26,15,0.5769230769230769,0.4482758620689655,-0.05879289285776723,0.9344262295081968,0.4262295081967213,88,43
p10,good,rhr_night_lag1,below,67.0,21,12,0.5714285714285714,0.4576271186440678,-0.09216495567374328,0.9672131147540983,0.5081967213114754,88,43
p10,good,mvpa_lag1,above,60.0,34,16,0.47058823529411764,0.5,-0.18548748366888634,1.0,0.8360655737704918,88,43
p10,good,steps_avg3,above,14000.0,26,12,0.46153846153846156,0.5,-0.21244417304765095,1.0,0.8360655737704918,88,43
p10,good,mvpa_avg3,above,70.0,27,10,0.37037037037037035,0.543859649122807,-0.3285367784434385,1.0,0.9836065573770492,88,43
p10,good,bedtime_h_avg3,below,6.0,23,8,0.34782608695652173,0.5409836065573771,-0.3528730601875547,1.0,0.9836065573770492,88,43
p11,bad,sedentary_lag1,above,720.0,15,8,0.5333333333333333,0.26436781609195403,0.03679848541855385,0.7012987012987013,0.06493506493506493,104,32
p11,bad,sleep_eff_lag1,below,96.0,26,12,0.46153846153846156,0.2564102564102564,0.03114557054209266,0.7662337662337663,0.07792207792207792,104,32
p11,bad,bedtime_h_lag1,above,6.0,32,13,0.40625,0.2638888888888889,-0.00869486408575093,0.8961038961038961,0.16883116883116883,104,32
p11,bad,lightly_avg3,below,300.0,50,18,0.36,0.2641509433962264,-0.022765313724397662,0.948051948051948,0.2077922077922078,104,32
p11,bad,mvpa_avg3,below,50.0,37,14,0.3783783783783784,0.2727272727272727,-0.03208939808836242,0.974025974025974,0.35064935064935066,104,32
p11,bad,rhr_night_lag1,above,65.0,21,9,0.42857142857142855,0.27710843373493976,-0.0324114388697293,0.974025974025974,0.23376623376623376,104,32
p11,bad,steps_avg3,below,12000.0,51,18,0.35294117647058826,0.2692307692307692,-0.03288771541817137,0.974025974025974,0.4155844155844156,104,32
p11,bad,lightly_lag1,below,200.0,18,8,0.4444444444444444,0.27906976744186046,-0.03347745642796923,0.974025974025974,0.2597402597402597,104,32
p11,bad,steps_lag1,below,11000.0,52,18,0.34615384615384615,0.2692307692307692,-0.03772248849138307,0.974025974025974,0.4025974025974026,104,32
p11,bad,sleep_h_lag1,below,7.0,49,17,0.3469387755102041,0.2727272727272727,-0.04348517663412835,0.987012987012987,0.2077922077922078,104,32
p11,bad,mvpa_lag1,below,20.0,22,9,0.4090909090909091,0.2804878048780488,-0.04793220818984503,0.987012987012987,0.4155844155844156,104,32
p11,bad,rhr_night_avg3,above,64.0,43,15,0.3488372093023256,0.2833333333333333,-0.059149345843702295,1.0,0.35064935064935066,104,32
p11,bad,sleep_eff_avg3,below,96.0,29,10,0.3448275862068966,0.2972972972972973,-0.09789220980539248,1.0,0.5194805194805194,104,32
p11,bad,sedentary_avg3,above,660.0,23,8,0.34782608695652173,0.2911392405063291,-0.10302869413650673,1.0,0.4805194805194805,104,32
p11,bad,sleep_h_avg3,below,7.0,44,14,0.3181818181818182,0.3050847457627119,-0.10509344644597624,1.0,0.44155844155844154,104,32
p11,bad,bedtime_h_avg3,above,5.5,46,13,0.2826086956521739,0.3333333333333333,-0.1600929178841926,1.0,0.8571428571428571,104,32
p11,bad,srpe_load_lag1,above,100.0,26,5,0.19230769230769232,0.3076923076923077,-0.22262294997442503,1.0,0.8831168831168831,104,32
p11,bad,srpe_load_avg3,above,200.0,17,3,0.17647058823529413,0.2972972972972973,-0.2353871601718074,1.0,0.7142857142857143,104,32
p13,bad,sleep_h_avg3,below,6.5,10,5,0.5,0.18181818181818182,0.054771411797305464,0.8,0.06666666666666667,42,12
p13,bad,bedtime_h_lag1,above,7.0,11,4,0.36363636363636365,0.20833333333333334,-0.05667109719201949,1.0,0.26666666666666666,42,12
p13,bad,bedtime_h_avg3,above,6.5,12,4,0.3333333333333333,0.25,-0.11188216010263866,1.0,0.4,42,12
p13,bad,steps_lag1,below,12000.0,14,4,0.2857142857142857,0.23809523809523808,-0.12088335899414707,1.0,0.8666666666666667,42,12
p13,bad,mvpa_lag1,below,60.0,14,4,0.2857142857142857,0.23809523809523808,-0.12088335899414707,1.0,0.8666666666666667,42,12
p13,bad,sedentary_lag1,above,660.0,11,3,0.2727272727272727,0.22727272727272727,-0.12981392153351257,1.0,0.9333333333333333,42,12
p13,bad,rhr_night_lag1,above,58.0,13,4,0.3076923076923077,0.2631578947368421,-0.1363529231206612,1.0,0.5333333333333333,42,12
p13,bad,sleep_eff_lag1,below,93.0,15,4,0.26666666666666666,0.25,-0.14102723896817188,1.0,0.4666666666666667,42,12
p13,bad,rhr_night_avg3,above,58.0,14,4,0.2857142857142857,0.26666666666666666,-0.14945478756557565,1.0,0.6666666666666666,42,12
p13,bad,lightly_lag1,below,260.0,11,3,0.2727272727272727,0.25,-0.15254119426078533,1.0,0.8666666666666667,42,12
p13,bad,sleep_h_lag1,below,6.5,16,4,0.25,0.2631578947368421,-0.16133887489446863,1.0,0.4666666666666667,42,12
p13,bad,lightly_avg3,below,280.0,11,3,0.2727272727272727,0.3,-0.20254119426078532,1.0,0.9333333333333333,42,12
p13,bad,mvpa_avg3,below,70.0,12,3,0.25,0.3157894736842105,-0.22684943405524916,1.0,1.0,42,12
p13,bad,sedentary_avg3,above,600.0,12,3,0.25,0.3333333333333333,-0.24439329370437196,1.0,1.0,42,12
p13,bad,steps_avg3,below,12000.0,11,2,0.18181818181818182,0.35,-0.29863339932899935,1.0,1.0,42,12
p14,bad,mvpa_lag1,below,50.0,27,13,0.48148148148148145,0.3050847457627119,0.0023447607343788923,0.9552238805970149,0.11940298507462686,94,35
p14,bad,sedentary_avg3,above,660.0,25,10,0.4,0.2391304347826087,-0.00509985814069952,0.9850746268656716,0.1791044776119403,94,35
p14,bad,sleep_eff_avg3,below,89.0,11,6,0.5454545454545454,0.3076923076923077,-0.027604552002319482,1.0,0.417910447761194,94,35
p14,bad,mvpa_avg3,below,50.0,18,9,0.5,0.3181818181818182,-0.027874778592018257,1.0,0.2537313432835821,94,35
p14,bad,sleep_h_lag1,below,7.5,42,17,0.40476190476190477,0.30434782608695654,-0.03392134937486574,1.0,0.19402985074626866,94,35
p14,bad,lightly_lag1,below,160.0,39,16,0.41025641025641024,0.3191489361702128,-0.04835804181620801,1.0,0.16417910447761194,94,35
p14,bad,sedentary_lag1,above,630.0,35,13,0.37142857142857144,0.2857142857142857,-0.054058212025375085,1.0,0.3582089552238806,94,35
p14,bad,sleep_h_avg3,below,7.0,27,11,0.4074074074074074,0.3064516129032258,-0.061306479174652345,1.0,0.3880597014925373,94,35
p14,bad,sleep_eff_lag1,below,89.0,17,8,0.47058823529411764,0.323943661971831,-0.06229565001094994,1.0,0.5074626865671642,94,35
p14,bad,steps_lag1,below,8000.0,14,7,0.5,0.3333333333333333,-0.06534465413858054,1.0,0.29850746268656714,94,35
p14,bad,steps_avg3,below,10000.0,17,8,0.47058823529411764,0.3283582089552239,-0.06671019699434283,1.0,0.34328358208955223,94,35
p14,bad,srpe_load_avg3,above,100.0,44,18,0.4090909090909091,0.3617021276595745,-0.08482568886950625,1.0,0.373134328358209,94,35
p14,bad,lightly_avg3,below,140.0,17,7,0.4117647058823529,0.34328358208955223,-0.1271757216982384,1.0,0.44776119402985076,94,35
p14,bad,bedtime_h_avg3,above,4.5,22,8,0.36363636363636365,0.3283582089552239,-0.13102848122914493,1.0,0.7014925373134329,94,35
p14,bad,rhr_night_lag1,above,66.0,24,8,0.3333333333333333,0.3548387096774194,-0.17511892279362293,1.0,0.7761194029850746,94,35
p14,bad,bedtime_h_lag1,above,6.0,10,4,0.4,0.34615384615384615,-0.17797626495033647,1.0,0.835820895522388,94,35
p14,bad,srpe_load_lag1,above,200.0,19,7,0.3684210526315789,0.3888888888888889,-0.1973961651261505,1.0,0.835820895522388,94,35
p14,bad,rhr_night_avg3,above,65.0,39,11,0.28205128205128205,0.3958333333333333,-0.23040008319390037,1.0,0.9253731343283582,94,35
p14,good,srpe_load_avg3,below,100.0,43,15,0.3488372093023256,0.125,0.09918398748963103,0.5373134328358209,0.0,94,21
p14,good,sleep_eff_lag1,above,92.0,44,14,0.3181818181818182,0.11363636363636363,0.08635493568037202,0.582089552238806,0.04477611940298507,94,21
p14,good,sleep_eff_avg3,above,95.0,12,6,0.5,0.19480519480519481,0.058972975588227394,0.7014925373134329,0.1044776119402985,94,21
p14,good,lightly_lag1,above,180.0,21,8,0.38095238095238093,0.16923076923076924,0.038276908749055844,0.7761194029850746,0.04477611940298507,94,21
p14,good,sedentary_avg3,below,600.0,22,8,0.36363636363636365,0.20408163265306123,-0.006751904926982272,0.9850746268656716,0.08955223880597014,94,21
p14,good,lightly_avg3,above,180.0,22,7,0.3181818181818182,0.1935483870967742,-0.029944513549849422,1.0,0.23880597014925373,94,21
p14,good,sedentary_lag1,below,600.0,29,8,0.27586206896551724,0.1951219512195122,-0.04813613783448481,1.0,0.373134328358209,94,21
p14,good,mvpa_lag1,above,140.0,11,4,0.36363636363636365,0.2,-0.048337763858686156,1.0,0.4626865671641791,94,21
p14,good,mvpa_avg3,above,120.0,11,3,0.2727272727272727,0.2191780821917808,-0.12171927645256612,1.0,0.7164179104477612,94,21
p14,good,rhr_night_avg3,below,63.0,22,5,0.22727272727272727,0.24615384615384617,-0.14492493820564262,1.0,0.7014925373134329,94,21
p14,good,steps_lag1,above,12000.0,42,8,0.19047619047619047,0.25,-0.15018110390143563,1.0,0.8955223880597015,94,21
p14,good,sleep_h_lag1,above,8.0,34,6,0.17647058823529413,0.24074074074074073,-0.15725218470504387,1.0,0.8507462686567164,94,21
p14,good,bedtime_h_lag1,below,3.5,40,7,0.175,0.25,-0.16254697003116933,1.0,0.7761194029850746,94,21
p14,good,rhr_night_lag1,below,64.0,30,5,0.16666666666666666,0.25,-0.1766356575964832,1.0,0.8059701492537313,94,21
p14,good,steps_avg3,above,18000.0,11,2,0.18181818181818182,0.2328767123287671,-0.18151011165776648,1.0,0.8955223880597015,94,21
p14,good,bedtime_h_avg3,below,3.5,28,4,0.14285714285714285,0.2786885245901639,-0.22169939528314608,1.0,0.835820895522388,94,21
p14,good,sleep_h_avg3,above,8.0,27,3,0.1111111111111111,0.2903225806451613,-0.25180293275017407,1.0,1.0,94,21
p15,bad,sleep_h_lag1,below,7.5,40,22,0.55,0.3488372093023256,0.04945108958208222,0.4642857142857143,0.05357142857142857,83,37
p15,bad,rhr_night_avg3,above,54.0,33,17,0.5151515151515151,0.4,-0.04781895413789755,0.8928571428571429,0.19642857142857142,83,37
p15,bad,sleep_h_avg3,below,7.0,13,8,0.6153846153846154,0.4142857142857143,-0.059060904563028815,0.8928571428571429,0.16071428571428573,83,37
p15,bad,srpe_load_lag1,above,600.0,27,14,0.5185185185185185,0.41818181818181815,-0.07832857231971391,0.8928571428571429,0.44642857142857145,83,37
p15,bad,sleep_eff_lag1,below,96.0,28,14,0.5,0.41818181818181815,-0.09185334985735472,0.9821428571428571,0.32142857142857145,83,37
p15,bad,bedtime_h_avg3,above,5.5,28,14,0.5,0.41818181818181815,-0.09185334985735472,0.9821428571428571,0.35714285714285715,83,37
p15,bad,mvpa_lag1,below,110.0,38,18,0.47368421052631576,0.4222222222222222,-0.09743443413280639,0.9821428571428571,0.375,83,37
p15,bad,sedentary_lag1,above,630.0,31,15,0.4838709677419355,0.4222222222222222,-0.10252236190943392,0.9821428571428571,0.3392857142857143,83,37
p15,bad,bedtime_h_lag1,above,5.5,25,12,0.48,0.43103448275862066,-0.1307244434690205,1.0,0.39285714285714285,83,37
p15,bad,srpe_load_avg3,above,600.0,22,11,0.5,0.4406779661016949,-0.1334599191768993,1.0,0.625,83,37
p15,bad,rhr_night_lag1,above,54.0,29,13,0.4482758620689655,0.4444444444444444,-0.16031533295698652,1.0,0.48214285714285715,83,37
p15,bad,sleep_eff_avg3,below,96.0,40,17,0.425,0.46511627906976744,-0.18002459382160862,1.0,0.6964285714285714,83,37
p15,bad,mvpa_avg3,below,90.0,20,9,0.45,0.4444444444444444,-0.18624942358735147,1.0,0.5892857142857143,83,37
p15,bad,sedentary_avg3,above,630.0,33,14,0.42424242424242425,0.46,-0.187646410049701,1.0,0.7142857142857143,83,37
p15,bad,steps_avg3,below,13000.0,23,10,0.43478260869565216,0.45,-0.19365631667801347,1.0,0.6071428571428571,83,37
p15,bad,steps_lag1,below,13000.0,31,13,0.41935483870967744,0.46153846153846156,-0.197385430802969,1.0,0.8035714285714286,83,37
p15,bad,lightly_lag1,below,160.0,19,8,0.42105263157894735,0.453125,-0.2217087960796962,1.0,0.8392857142857143,83,37
p15,bad,lightly_avg3,below,180.0,22,7,0.3181818181818182,0.4918032786885246,-0.32819940514159984,1.0,0.9464285714285714,83,37
p15,good,srpe_load_lag1,below,100.0,19,11,0.5789473684210527,0.31746031746031744,0.045295197191283665,0.4642857142857143,0.05357142857142857,83,31
p15,good,sedentary_lag1,below,600.0,31,15,0.4838709677419355,0.3333333333333333,-0.013633473020545017,0.8571428571428571,0.16071428571428573,83,31
p15,good,sleep_h_avg3,above,7.5,39,17,0.4358974358974359,0.3181818181818182,-0.025136576564771584,0.9285714285714286,0.25,83,31
p15,good,sleep_eff_lag1,above,96.0,28,13,0.4642857142857143,0.32727272727272727,-0.03195968987613146,0.9464285714285714,0.16071428571428573,83,31
p15,good,bedtime_h_avg3,below,5.0,37,16,0.43243243243243246,0.32608695652173914,-0.03937208811822601,0.9464285714285714,0.3392857142857143,83,31
p15,good,mvpa_lag1,above,120.0,39,16,0.41025641025641024,0.3409090909090909,-0.07011819655508611,1.0,0.35714285714285715,83,31
p15,good,lightly_avg3,above,200.0,35,14,0.4,0.3541666666666667,-0.09866161733359424,1.0,0.42857142857142855,83,31
p15,good,srpe_load_avg3,below,200.0,10,5,0.5,0.352112676056338,-0.11552308244085072,1.0,0.5892857142857143,83,31
p15,good,rhr_night_lag1,below,53.0,13,6,0.46153846153846156,0.35714285714285715,-0.12508531412797577,1.0,0.4642857142857143,83,31
p15,good,rhr_night_avg3,below,53.0,16,7,0.4375,0.3582089552238806,-0.12722532187202537,1.0,0.6428571428571429,83,31
p15,good,sedentary_avg3,below,600.0,31,12,0.3870967741935484,0.36538461538461536,-0.12805586187189974,1.0,0.6428571428571429,83,31
p15,good,sleep_h_lag1,above,8.0,29,11,0.3793103448275862,0.37037037037037035,-0.14349241306169694,1.0,0.6428571428571429,83,31
p15,good,lightly_lag1,above,200.0,38,14,0.3684210526315789,0.37777777777777777,-0.14393764622363983,1.0,0.6607142857142857,83,31
p15,good,steps_lag1,above,16000.0,26,10,0.38461538461538464,0.3684210526315789,-0.14413745751323467,1.0,0.5892857142857143,83,31
p15,good,sleep_eff_avg3,above,96.0,31,11,0.3548387096774194,0.38461538461538464,-0.17345090719972647,1.0,0.7142857142857143,83,31
p15,good,bedtime_h_lag1,below,5.0,40,13,0.325,0.4186046511627907,-0.21776148153617345,1.0,0.8928571428571429,83,31
p15,good,mvpa_avg3,above,120.0,31,10,0.3225806451612903,0.40384615384615385,-0.2181538463730235,1.0,0.9821428571428571,83,31
p15,good,steps_avg3,above,14000.0,36,11,0.3055555555555556,0.425531914893617,-0.24548921206556346,1.0,0.9821428571428571,83,31
p16,bad,sleep_h_lag1,below,6.0,15,12,0.8,0.20634920634920634,0.34179144030428915,0.0,0.0,79,26
p16,bad,bedtime_h_lag1,above,14.0,15,10,0.6666666666666666,0.23809523809523808,0.17903601341689174,0.019230769230769232,0.0,79,26
p16,bad,sleep_h_avg3,below,6.5,33,16,0.48484848484848486,0.20454545454545456,0.12049236192378768,0.11538461538461539,0.057692307692307696,79,26
p16,bad,bedtime_h_avg3,above,13.0,27,14,0.5185185185185185,0.22,0.11985324586210425,0.11538461538461539,0.019230769230769232,79,26
p16,bad,sleep_eff_lag1,below,90.0,17,10,0.5882352941176471,0.2459016393442623,0.1141491045108931,0.11538461538461539,0.019230769230769232,79,26
p16,bad,sedentary_lag1,above,900.0,28,13,0.4642857142857143,0.2,0.0953130373965958,0.15384615384615385,0.0,79,26
p16,bad,lightly_lag1,below,80.0,33,14,0.42424242424242425,0.2558139534883721,0.01653963646192691,0.5,0.09615384615384616,79,26
p16,bad,steps_lag1,below,1000.0,24,11,0.4583333333333333,0.2692307692307692,0.009679814286045085,0.5961538461538461,0.057692307692307696,79,26
p16,bad,lightly_avg3,below,80.0,30,13,0.43333333333333335,0.2653061224489796,0.008466251857171536,0.5961538461538461,0.09615384615384616,79,26
p16,bad,rhr_night_lag1,above,66.0,39,15,0.38461538461538464,0.2564102564102564,-0.007498630940185769,0.7115384615384616,0.15384615384615385,79,26
p16,bad,sedentary_avg3,above,900.0,23,10,0.43478260869565216,0.2653061224489796,-0.008962439126993071,0.7115384615384616,0.09615384615384616,79,26
p16,bad,sleep_eff_avg3,below,91.0,17,8,0.47058823529411764,0.2833333333333333,-0.02168532137245227,0.7884615384615384,0.19230769230769232,79,26
p16,bad,rhr_night_avg3,above,67.0,23,9,0.391304347826087,0.2962962962962963,-0.07472251647247483,0.9615384615384616,0.2692307692307692,79,26
p16,good,steps_avg3,above,3000.0,14,9,0.6428571428571429,0.2153846153846154,0.17225543143678873,0.0,0.0,79,23
p16,good,sedentary_lag1,below,870.0,27,13,0.48148148148148145,0.19444444444444445,0.11298506205264633,0.09615384615384616,0.019230769230769232,79,23
p16,good,steps_lag1,above,2000.0,26,12,0.46153846153846156,0.2,0.08755582695234904,0.1346153846153846,0.019230769230769232,79,23
p16,good,lightly_lag1,above,100.0,20,10,0.5,0.21428571428571427,0.08500920014410565,0.17307692307692307,0.038461538461538464,79,23
p16,good,sleep_eff_lag1,above,93.0,22,10,0.45454545454545453,0.23214285714285715,0.03705728717719131,0.3076923076923077,0.07692307692307693,79,23
p16,good,mvpa_avg3,above,10.0,14,7,0.5,0.24615384615384617,0.02183483304090661,0.40384615384615385,0.057692307692307696,79,23
p16,good,sedentary_avg3,below,870.0,32,12,0.375,0.225,0.004336684659592083,0.5,0.07692307692307693,79,23
p16,good,lightly_avg3,above,100.0,21,9,0.42857142857142855,0.2413793103448276,0.003317684520382863,0.5,0.07692307692307693,79,23
p16,good,mvpa_lag1,above,0.0,22,9,0.4090909090909091,0.24074074074074073,-0.008185144052536952,0.6346153846153846,0.1346153846153846,79,23
p16,good,bedtime_h_avg3,below,12.0,30,11,0.36666666666666664,0.23404255319148937,-0.015305531151312557,0.6923076923076923,0.21153846153846154,79,23
p16,good,sleep_h_lag1,above,7.0,27,10,0.37037037037037035,0.2549019607843137,-0.03957909010494515,0.8653846153846154,0.21153846153846154,79,23
p16,good,sleep_h_avg3,above,7.0,23,8,0.34782608695652173,0.25925925925925924,-0.07114871288943686,0.9807692307692307,0.21153846153846154,79,23
p16,good,rhr_night_lag1,below,66.0,25,8,0.32,0.2830188679245283,-0.11096899275561684,1.0,0.5576923076923077,79,23
p16,good,rhr_night_avg3,below,66.0,25,7,0.28,0.28846153846153844,-0.14562480008772272,1.0,0.5576923076923077,79,23
p16,good,bedtime_h_lag1,below,11.5,21,6,0.2857142857142857,0.2982456140350877,-0.1601088565788057,1.0,0.8076923076923077,79,23
p16,good,sleep_eff_avg3,above,93.0,14,4,0.2857142857142857,0.2857142857142857,-0.16850240661319468,1.0,0.5576923076923077,79,23
