pid,date,wear_min,wear_min_night,hr_readings
p01,2019-11-01,1421,353,10680
p01,2019-11-02,1393,358,10154
p01,2019-11-03,1368,359,10050
p01,2019-11-04,1414,357,10315
p01,2019-11-05,1412,353,10972
p01,2019-11-06,1423,353,10800
p01,2019-11-07,1426,356,10389
p01,2019-11-08,1344,347,9901
p01,2019-11-09,1419,360,10808
p01,2019-11-10,1404,358,10653
p01,2019-11-11,1407,353,10937
p01,2019-11-12,1365,349,9985
p01,2019-11-13,1320,350,9936
p01,2019-11-14,1394,348,10092
p01,2019-11-15,1381,346,10570
p01,2019-11-16,1279,357,9767
p01,2019-11-17,1388,356,10013
p01,2019-11-18,1412,346,11312
p01,2019-11-19,1346,322,9665
p01,2019-11-20,1405,349,10314
p01,2019-11-21,1406,347,10778
p01,2019-11-22,1371,344,10312
p01,2019-11-23,1417,359,11065
p01,2019-11-24,1401,356,10382
p01,2019-11-25,1416,348,10727
p01,2019-11-26,1254,359,10260
p01,2019-11-27,1406,347,10328
p01,2019-11-28,1407,350,10155
p01,2019-11-29,1425,350,10821
p01,2019-11-30,1415,359,10269
p01,2019-12-01,1419,355,10799
p01,2019-12-02,1105,175,8198
p01,2019-12-03,1419,358,11302
p01,2019-12-04,1392,347,10208
p01,2019-12-05,1404,346,10454
p01,2019-12-06,1357,348,10066
p01,2019-12-07,1414,355,10485
p01,2019-12-08,1427,359,10503
p01,2019-12-09,1424,347,10769
p01,2019-12-10,1414,344,10650
p01,2019-12-11,1416,345,10527
p01,2019-12-12,1319,242,9725
p01,2019-12-13,1432,355,10853
p01,2019-12-14,1434,360,10933
p01,2019-12-15,1425,360,11176
p01,2019-12-16,1424,345,10822
p01,2019-12-17,1420,346,10827
p01,2019-12-18,1313,358,9977
p01,2019-12-19,1433,358,10849
p01,2019-12-20,1433,353,10974
p01,2019-12-21,1418,360,10921
p01,2019-12-22,1413,360,10977
p01,2019-12-23,1424,360,10922
p01,2019-12-24,1433,358,10762
p01,2019-12-25,1252,358,9015
p01,2019-12-26,1418,360,10905
p01,2019-12-27,1431,360,10670
p01,2019-12-28,1421,360,10737
p01,2019-12-29,1429,356,10816
p01,2019-12-30,1117,358,8236
p01,2019-12-31,1410,358,10447
p01,2020-01-01,1436,360,10891
p01,2020-01-02,1416,357,10236
p01,2020-01-03,1429,360,11146
p01,2020-01-04,1413,360,11171
p01,2020-01-05,1415,359,10423
p01,2020-01-06,1276,350,9593
p01,2020-01-07,1417,358,11157
p01,2020-01-08,1415,344,9987
p01,2020-01-09,1419,350,10648
p01,2020-01-10,1419,351,10597
p01,2020-01-11,1410,357,10359
p01,2020-01-12,1414,360,10004
p01,2020-01-13,1226,343,9047
p01,2020-01-14,1338,360,10663
p01,2020-01-15,1431,352,10610
p01,2020-01-16,1406,347,10253
p01,2020-01-17,1413,345,10851
p01,2020-01-18,1405,360,11540
p01,2020-01-19,1411,358,10481
p01,2020-01-20,1324,347,9805
p01,2020-01-21,1419,350,10594
p01,2020-01-22,1425,352,10552
p01,2020-01-23,1414,351,10612
p01,2020-01-24,1343,358,10143
p01,2020-01-25,1415,360,11196
p01,2020-01-26,1388,358,10556
p01,2020-01-27,1418,347,10076
p01,2020-01-28,1408,343,10111
p01,2020-01-29,1416,348,9924
p01,2020-01-30,1324,359,10302
p01,2020-01-31,1427,350,10700
p01,2020-02-01,1167,360,8833
p01,2020-02-02,1368,357,9963
p01,2020-02-03,1413,348,10357
p01,2020-02-04,1414,345,10287
p01,2020-02-05,1396,335,10987
p01,2020-02-06,1420,360,11284
p01,2020-02-07,1272,351,9927
p01,2020-02-08,1412,360,10656
p01,2020-02-09,1412,354,10412
p01,2020-02-10,1401,345,11282
p01,2020-02-11,1423,353,10764
p01,2020-02-12,1412,347,10666
p01,2020-02-13,1384,326,11176
p01,2020-02-14,1414,344,10799
p01,2020-02-15,1049,354,7550
p01,2020-02-16,1288,360,9437
p01,2020-02-17,1415,349,10609
p01,2020-02-18,1020,360,7467
p01,2020-02-19,1415,358,10724
p01,2020-02-20,1397,355,10149
p01,2020-02-21,1411,358,11863
p01,2020-02-22,1421,355,10614
p01,2020-02-23,1412,356,10408
p01,2020-02-24,974,348,7341
p01,2020-02-25,1415,359,10884
p01,2020-02-26,1414,359,11456
p01,2020-02-27,1400,348,10949
p01,2020-02-28,1418,358,11066
p01,2020-02-29,1392,360,11191
p01,2020-03-01,1372,360,10686
p01,2020-03-02,1413,351,10693
p01,2020-03-03,1417,348,10584
p01,2020-03-04,1408,351,10876
p01,2020-03-05,1331,349,10527
p01,2020-03-06,1392,350,10773
p01,2020-03-07,1422,360,10763
p01,2020-03-08,1408,358,10517
p01,2020-03-09,1402,344,10624
p01,2020-03-10,1116,357,9226
p01,2020-03-11,633,4,4861
p01,2020-03-12,1414,348,10471
p01,2020-03-13,1417,360,10315
p01,2020-03-14,1337,360,10263
p01,2020-03-15,1406,360,10337
p01,2020-03-16,1407,356,10377
p01,2020-03-17,1024,342,7407
p01,2020-03-18,1408,360,10083
p01,2020-03-19,1377,347,10117
p01,2020-03-20,1387,352,9827
p01,2020-03-21,1398,357,10462
p01,2020-03-22,1257,358,9250
p01,2020-03-23,1425,360,10350
p01,2020-03-24,1416,358,10480
p01,2020-03-25,1416,359,10610
p01,2020-03-26,1423,360,10400
p01,2020-03-27,1433,358,10773
p01,2020-03-28,1411,360,10782
p01,2020-03-29,1429,360,10177
p01,2020-03-30,1407,343,10508
p01,2020-03-31,1316,360,9802
p02,2019-11-05,138,0,770
p02,2019-11-06,1388,334,10293
p02,2019-11-07,1400,355,9474
p02,2019-11-08,1406,355,10578
p02,2019-11-09,1385,354,9386
p02,2019-11-10,1415,353,10904
p02,2019-11-11,1400,344,11166
p02,2019-11-12,1356,351,11382
p02,2019-11-13,1352,347,9169
p02,2019-11-14,1360,356,8680
p02,2019-11-15,1350,353,9650
p02,2019-11-16,1371,336,10255
p02,2019-11-17,1392,352,9324
p02,2019-11-18,1364,354,12306
p02,2019-11-19,663,357,4474
p02,2019-11-20,1414,357,9921
p02,2019-11-21,1404,358,9921
p02,2019-11-22,1411,359,13724
p02,2019-11-23,1395,351,9061
p02,2019-11-24,1427,359,9328
p02,2019-11-25,1402,342,12174
p02,2019-11-26,1405,353,9440
p02,2019-11-27,1408,356,12001
p02,2019-11-28,1414,355,9858
p02,2019-11-29,1158,350,8234
p02,2019-11-30,914,38,6195
p02,2019-12-01,1411,346,10141
p02,2019-12-02,1434,357,10556
p02,2019-12-03,1411,345,11296
p02,2019-12-04,1402,344,9733
p02,2019-12-05,1402,354,11829
p02,2019-12-06,1410,353,10181
p02,2019-12-07,1162,353,7754
p02,2019-12-08,1412,355,11721
p02,2019-12-09,1414,355,10961
p02,2019-12-10,1421,356,10374
p02,2019-12-11,1423,356,10304
p02,2019-12-12,1423,349,11810
p02,2019-12-13,1413,356,11287
p02,2019-12-14,1420,355,10040
p02,2019-12-15,1374,359,11676
p02,2019-12-16,1415,353,11615
p02,2019-12-17,1415,353,10470
p02,2019-12-18,1410,354,11004
p02,2019-12-19,1412,358,9232
p02,2019-12-20,1411,357,11079
p02,2019-12-21,1395,357,9329
p02,2019-12-22,1213,351,9329
p02,2019-12-23,1414,354,10122
p02,2019-12-24,1399,359,9709
p02,2019-12-25,1419,354,9984
p02,2019-12-26,1410,356,10061
p02,2019-12-27,1417,351,9738
p02,2019-12-28,1409,350,10863
p02,2019-12-29,1404,350,9306
p02,2019-12-30,1411,359,11225
p02,2019-12-31,522,354,3429
p02,2020-01-01,157,0,1015
p02,2020-01-02,1386,357,10026
p02,2020-01-03,1364,353,8455
p02,2020-01-04,1367,352,8769
p02,2020-01-05,1392,360,8946
p02,2020-01-06,1355,341,12567
p02,2020-01-07,1358,357,10272
p02,2020-01-08,1374,360,8888
p02,2020-01-09,1432,359,9311
p02,2020-01-10,1430,360,12174
p02,2020-01-11,1316,357,8646
p02,2020-01-12,1433,360,20388
p02,2020-01-13,1428,359,9729
p02,2020-01-14,1430,354,11451
p02,2020-01-15,1428,358,11503
p02,2020-01-16,1431,356,10221
p02,2020-01-17,1420,356,11303
p02,2020-01-18,1374,359,11564
p02,2020-01-19,1430,355,10062
p02,2020-01-20,1431,359,10256
p02,2020-01-21,1434,357,11767
p02,2020-01-22,1426,355,10867
p02,2020-01-23,1434,360,10647
p02,2020-01-24,1437,360,11480
p02,2020-01-25,1430,360,10435
p02,2020-01-26,1006,360,6673
p02,2020-01-27,1063,0,9713
p02,2020-01-28,1415,357,9128
p02,2020-01-29,1411,354,8782
p02,2020-01-30,1422,360,11522
p02,2020-01-31,1423,354,9168
p02,2020-02-01,1417,357,9261
p02,2020-02-02,1293,360,8292
p02,2020-02-03,1418,356,9474
p02,2020-02-04,1405,352,7872
p02,2020-02-05,1421,358,9732
p02,2020-02-06,1418,359,8781
p02,2020-02-07,1409,357,8857
p02,2020-02-08,1416,355,10291
p02,2020-02-09,1419,357,9056
p02,2020-02-10,1105,359,7604
p02,2020-02-11,1426,360,10255
p02,2020-02-12,1429,352,10911
p02,2020-02-13,1435,360,11229
p02,2020-02-14,1412,358,9351
p02,2020-02-15,1435,358,11016
p02,2020-02-16,1433,360,11871
p02,2020-02-17,1247,360,10520
p02,2020-02-18,1430,360,9888
p02,2020-02-19,1427,360,9027
p02,2020-02-20,1426,357,9733
p02,2020-02-21,1419,357,10502
p02,2020-02-22,1382,357,8712
p02,2020-02-23,1425,360,10122
p02,2020-02-24,1284,357,8485
p02,2020-02-25,1263,202,7599
p02,2020-02-26,1414,355,10872
p02,2020-02-27,1434,360,11621
p02,2020-02-28,1425,358,9396
p02,2020-02-29,1428,354,10261
p02,2020-03-01,1422,356,9705
p02,2020-03-02,1424,356,11174
p02,2020-03-03,1290,357,11423
p02,2020-03-04,1431,357,10229
p02,2020-03-05,1436,360,10290
p02,2020-03-06,1428,356,10160
p02,2020-03-07,1434,359,9862
p02,2020-03-08,1423,354,9934
p02,2020-03-09,1315,360,10573
p02,2020-03-10,1166,111,7427
p02,2020-03-11,1423,360,9659
p02,2020-03-12,1425,355,10112
p02,2020-03-13,1424,358,10135
p02,2020-03-14,1428,360,11850
p02,2020-03-15,1425,358,9768
p02,2020-03-16,1234,356,8755
p02,2020-03-17,1016,0,8189
p02,2020-03-18,1428,357,9668
p02,2020-03-19,1419,348,15804
p02,2020-03-20,1422,356,10810
p02,2020-03-21,1429,360,10754
p02,2020-03-22,1211,360,9371
p02,2020-03-23,1428,357,11947
p02,2020-03-24,1399,355,9490
p02,2020-03-25,1427,358,10408
p02,2020-03-26,1107,196,9870
p02,2020-03-27,1375,318,9664
p02,2020-03-28,1428,358,10129
p02,2020-03-29,1002,315,7072
p02,2020-03-30,1411,354,9790
p02,2020-03-31,1264,349,8462
p03,2019-11-01,1041,250,7573
p03,2019-11-02,669,353,4525
p03,2019-11-05,663,0,4877
p03,2019-11-06,1105,358,8557
p03,2019-11-07,916,359,6898
p03,2019-11-08,964,358,6967
p03,2019-11-09,203,0,1556
p03,2019-11-11,547,0,4140
p03,2019-11-12,918,347,6662
p03,2019-11-13,486,329,3315
p03,2019-11-14,1004,360,7829
p03,2019-11-15,595,106,4416
p03,2019-11-16,494,357,4125
p03,2019-12-10,593,0,4578
p03,2019-12-11,1323,285,9806
p03,2019-12-12,1415,356,10463
p03,2019-12-13,1358,355,9962
p03,2019-12-14,725,352,5601
p03,2019-12-15,1,0,1
p03,2019-12-16,1167,108,8672
p03,2019-12-17,1398,349,10595
p03,2019-12-18,72,72,527
p03,2019-12-19,81,0,611
p03,2019-12-20,1226,352,9418
p03,2019-12-21,1207,358,9276
p03,2019-12-22,1348,358,10448
p03,2019-12-23,1405,360,10668
p03,2019-12-24,1348,352,10634
p03,2019-12-25,1253,358,9469
p03,2019-12-26,1025,60,7620
p03,2019-12-27,50,50,386
p03,2019-12-28,1288,297,9589
p03,2019-12-29,1179,353,8449
p03,2019-12-30,1284,356,10231
p03,2019-12-31,1312,356,9799
p03,2020-01-01,860,358,6426
p03,2020-01-02,1035,357,7294
p03,2020-01-03,853,51,6327
p03,2020-01-04,1334,356,9735
p03,2020-01-05,1119,235,8068
p03,2020-01-06,1227,355,9015
p03,2020-01-07,1202,357,8986
p03,2020-01-08,1176,352,8778
p03,2020-01-09,1409,357,10847
p03,2020-01-10,1005,359,7500
p03,2020-01-11,571,357,4045
p03,2020-01-12,538,0,4003
p03,2020-01-13,1159,353,8620
p03,2020-01-14,1121,360,8191
p03,2020-01-15,991,360,7653
p03,2020-01-16,1147,357,8874
p03,2020-01-17,810,358,6137
p03,2020-01-18,736,352,5333
p03,2020-01-19,660,359,4794
p03,2020-01-20,1158,334,8646
p03,2020-01-21,141,141,1151
p03,2020-01-22,1058,339,7964
p03,2020-01-23,897,358,6559
p03,2020-01-24,1034,328,7688
p03,2020-01-25,575,357,4516
p03,2020-01-26,758,331,5247
p03,2020-01-27,1055,0,8035
p03,2020-01-28,1078,344,8097
p03,2020-01-29,1104,354,8259
p03,2020-01-30,1412,340,10804
p03,2020-01-31,1058,358,7936
p03,2020-02-01,709,355,5645
p03,2020-02-02,1122,343,7706
p03,2020-02-03,1215,345,8928
p03,2020-02-04,1366,341,9962
p03,2020-02-05,1227,347,9054
p03,2020-02-06,1225,352,10038
p03,2020-02-07,993,331,7350
p03,2020-02-08,53,0,362
p03,2020-02-09,714,359,4955
p03,2020-02-10,1222,332,8817
p03,2020-02-11,1051,349,7751
p03,2020-02-12,1383,357,10473
p03,2020-02-13,927,356,7199
p03,2020-02-14,652,120,5016
p03,2020-02-15,840,360,6714
p03,2020-02-16,1353,356,11249
p03,2020-02-17,1114,355,9026
p03,2020-02-18,926,348,7517
p03,2020-02-19,907,360,7200
p03,2020-02-20,746,0,6018
p03,2020-02-21,928,358,7077
p03,2020-02-22,1102,360,8709
p03,2020-02-23,659,296,4790
p03,2020-02-24,999,357,8099
p03,2020-02-25,1097,359,8799
p03,2020-02-26,878,321,7102
p03,2020-02-27,795,358,6306
p03,2020-02-28,95,95,809
p03,2020-03-04,448,0,3805
p03,2020-03-05,779,349,6058
p03,2020-03-06,820,360,6614
p03,2020-03-07,750,345,5553
p03,2020-03-08,569,360,4492
p03,2020-03-09,955,360,7075
p03,2020-03-10,687,359,5238
p03,2020-03-11,636,330,4686
p03,2020-03-12,452,354,3197
p03,2020-03-13,325,0,1925
p03,2020-03-14,205,54,1441
p03,2020-03-15,547,360,4374
p03,2020-03-17,10,0,80
p03,2020-03-18,483,360,3511
p03,2020-03-19,348,0,2921
p03,2020-03-20,1207,349,9334
p03,2020-03-21,859,358,6595
p03,2020-03-22,1276,358,10002
p03,2020-03-23,1208,355,9799
p03,2020-03-24,1272,360,10259
p03,2020-03-26,777,326,5849
p03,2020-03-27,1142,360,9112
p03,2020-03-29,1052,353,8282
p03,2020-03-30,594,359,4321
p03,2020-03-31,927,359,7376
p04,2019-11-06,950,0,7645
p04,2019-11-07,1412,354,11342
p04,2019-11-08,1261,359,10254
p04,2019-11-09,1391,355,9684
p04,2019-11-10,1366,354,9693
p04,2019-11-11,1401,357,11314
p04,2019-11-12,1429,357,11586
p04,2019-11-13,1420,357,10859
p04,2019-11-14,1411,358,11576
p04,2019-11-15,1410,354,10624
p04,2019-11-16,1003,8,7662
p04,2019-11-17,1409,350,10577
p04,2019-11-18,1406,359,10716
p04,2019-11-19,1407,353,10746
p04,2019-11-20,1414,355,11336
p04,2019-11-21,1418,358,10606
p04,2019-11-22,1318,355,10096
p04,2019-11-23,1413,358,11805
p04,2019-11-24,1412,357,10745
p04,2019-11-25,1415,360,11335
p04,2019-11-26,1424,359,12519
p04,2019-11-27,1420,357,10409
p04,2019-11-28,1418,359,11162
p04,2019-11-29,1160,355,7950
p04,2019-11-30,1405,356,11231
p04,2019-12-01,1413,356,10064
p04,2019-12-02,1427,358,11653
p04,2019-12-03,1416,358,11998
p04,2019-12-04,1414,359,10750
p04,2019-12-05,1409,356,11359
p04,2019-12-06,1414,359,10570
p04,2019-12-07,1355,357,10607
p04,2019-12-08,1415,350,10687
p04,2019-12-09,1415,353,11790
p04,2019-12-10,1436,357,11326
p04,2019-12-11,1211,360,10246
p04,2019-12-12,1071,10,8907
p04,2019-12-13,1433,360,10842
p04,2019-12-14,1430,360,13079
p04,2019-12-15,1419,354,10538
p04,2019-12-16,1427,360,11139
p04,2019-12-17,1433,354,11480
p04,2019-12-18,1427,360,10942
p04,2019-12-19,1373,360,10273
p04,2019-12-20,1432,360,10640
p04,2019-12-21,1435,360,10815
p04,2019-12-22,1434,360,10556
p04,2019-12-23,1382,359,11009
p04,2019-12-24,1434,357,10499
p04,2019-12-25,1433,359,12277
p04,2019-12-26,1427,359,13471
p04,2019-12-27,1437,360,10755
p04,2019-12-28,986,358,8619
p04,2019-12-29,1423,353,10419
p04,2019-12-30,1433,360,12217
p04,2019-12-31,1426,360,10355
p04,2020-01-01,1437,360,10422
p04,2020-01-02,1427,358,11013
p04,2020-01-03,975,358,7860
p04,2020-01-04,1431,360,11118
p04,2020-01-05,1430,360,10238
p04,2020-01-06,1428,357,9857
p04,2020-01-07,1425,354,9731
p04,2020-01-08,1439,360,11319
p04,2020-01-09,1433,359,11593
p04,2020-01-10,1398,358,10634
p04,2020-01-11,1420,358,10347
p04,2020-01-12,1437,358,11877
p04,2020-01-13,1288,359,9571
p04,2020-01-14,1418,343,11255
p04,2020-01-15,1435,358,12061
p04,2020-01-16,1427,358,10395
p04,2020-01-17,1434,357,9973
p04,2020-01-18,1423,358,10892
p04,2020-01-19,1417,351,9993
p04,2020-01-20,1325,360,10242
p04,2020-01-21,1432,357,11191
p04,2020-01-22,1428,356,10118
p04,2020-01-23,1433,359,11631
p04,2020-01-24,1435,359,11285
p04,2020-01-25,1437,359,10685
p04,2020-01-26,1425,356,10143
p04,2020-01-27,1141,290,8817
p04,2020-01-28,1431,357,12540
p04,2020-01-29,1431,360,13097
p04,2020-01-30,1432,358,10045
p04,2020-01-31,1430,360,10723
p04,2020-02-01,1436,360,13543
p04,2020-02-02,1362,287,9928
p04,2020-02-03,1431,356,13229
p04,2020-02-04,1429,357,12885
p04,2020-02-05,1432,359,10641
p04,2020-02-06,1429,360,10616
p04,2020-02-07,1424,358,11381
p04,2020-02-08,1377,355,9972
p04,2020-02-09,1229,153,9690
p04,2020-02-10,1435,360,10430
p04,2020-02-11,1419,355,10444
p04,2020-02-12,1425,360,12141
p04,2020-02-13,1419,357,10437
p04,2020-02-14,1266,356,9109
p04,2020-02-15,783,357,6037
p04,2020-02-16,1078,2,7871
p04,2020-02-17,1423,355,10981
p04,2020-02-18,1434,355,11565
p04,2020-02-19,1428,357,10764
p04,2020-02-20,1425,359,11569
p04,2020-02-21,1433,355,11151
p04,2020-02-22,1439,360,11246
p04,2020-02-23,687,356,4701
p04,2020-02-24,1440,360,11966
p04,2020-02-25,1430,360,11036
p04,2020-02-26,1431,359,12479
p04,2020-02-27,1435,360,12208
p04,2020-02-28,1434,360,11000
p04,2020-02-29,1432,356,11553
p04,2020-03-01,1112,360,8271
p04,2020-03-02,1431,360,10561
p04,2020-03-03,1431,360,10725
p04,2020-03-04,1424,358,12017
p04,2020-03-05,1432,358,10833
p04,2020-03-06,1428,355,10807
p04,2020-03-07,1438,360,10907
p04,2020-03-08,1259,357,9527
p04,2020-03-09,1434,360,11689
p04,2020-03-10,1434,358,13154
p04,2020-03-11,1439,359,12287
p04,2020-03-12,1438,359,11159
p04,2020-03-13,1426,355,11844
p04,2020-03-14,930,357,6973
p04,2020-03-15,1430,360,10970
p04,2020-03-16,1438,360,10665
p04,2020-03-17,1434,358,11052
p04,2020-03-18,1417,360,11603
p04,2020-03-19,1432,358,11480
p04,2020-03-20,1434,360,12404
p04,2020-03-21,930,353,7222
p04,2020-03-22,1433,357,10989
p04,2020-03-23,1432,359,12203
p04,2020-03-24,1438,360,11999
p04,2020-03-25,1415,359,11738
p04,2020-03-26,1433,360,11963
p04,2020-03-27,1439,360,10806
p04,2020-03-28,1226,355,10375
p04,2020-03-29,1435,360,10855
p04,2020-03-30,1318,360,9644
p05,2019-11-01,1332,343,8652
p05,2019-11-02,1362,349,9710
p05,2019-11-03,1371,358,9329
p05,2019-11-04,1367,349,9141
p05,2019-11-05,1344,353,8637
p05,2019-11-06,1372,354,8882
p05,2019-11-07,1356,355,9567
p05,2019-11-08,1362,349,8931
p05,2019-11-09,1401,359,9715
p05,2019-11-10,525,356,3573
p05,2019-11-12,499,0,3374
p05,2019-11-13,1370,349,9292
p05,2019-11-14,1374,349,9030
p05,2019-11-15,1375,355,9810
p05,2019-11-16,1372,357,9246
p05,2019-11-17,1376,360,9809
p05,2019-11-18,1266,354,8390
p05,2019-11-19,1395,353,10302
p05,2019-11-20,1375,355,9459
p05,2019-11-21,1393,353,9748
p05,2019-11-22,1401,357,9988
p05,2019-11-23,1376,350,10056
p05,2019-11-24,1411,356,10037
p05,2019-11-25,1343,354,9019
p05,2019-11-26,1203,342,7778
p05,2019-11-27,1413,354,10161
p05,2019-11-28,1371,355,9525
p05,2019-11-29,1404,357,9477
p05,2019-11-30,1377,358,9886
p05,2019-12-01,1364,359,9296
p05,2019-12-02,1355,352,8777
p05,2019-12-03,1364,349,8759
p05,2019-12-04,1410,358,9986
p05,2019-12-05,905,346,6532
p05,2019-12-06,1351,353,10254
p05,2019-12-07,1318,351,8678
p05,2019-12-08,1319,352,9584
p05,2019-12-09,1393,341,9550
p05,2019-12-10,1366,352,8907
p05,2019-12-11,1349,354,9785
p05,2019-12-12,1259,360,9841
p05,2019-12-13,1366,351,9338
p05,2019-12-14,1359,346,9663
p05,2019-12-15,1402,349,10201
p05,2019-12-16,1393,358,9922
p05,2019-12-17,1376,357,9530
p05,2019-12-18,1380,345,9414
p05,2019-12-19,1235,349,8233
p05,2019-12-20,1302,356,8659
p05,2019-12-21,888,0,6171
p05,2019-12-22,1190,350,8034
p05,2019-12-23,1365,354,9405
p05,2019-12-24,1386,357,10279
p05,2019-12-25,1367,355,9968
p05,2019-12-26,1395,354,9926
p05,2019-12-27,1392,352,9910
p05,2019-12-28,1386,352,10010
p05,2019-12-29,1213,311,8588
p05,2019-12-30,1405,349,10276
p05,2019-12-31,1362,352,9526
p05,2020-01-01,1343,354,9781
p05,2020-01-02,1408,359,11365
p05,2020-01-03,1427,360,10509
p05,2020-01-04,1426,360,10459
p05,2020-01-05,1195,355,9091
p05,2020-01-06,1432,360,10408
p05,2020-01-07,1291,358,9624
p05,2020-01-08,1114,51,7439
p05,2020-01-09,1403,359,9884
p05,2020-01-10,1432,360,9618
p05,2020-01-11,1422,360,10585
p05,2020-01-12,1132,360,7997
p05,2020-01-13,1403,357,9309
p05,2020-01-14,1413,356,9736
p05,2020-01-15,1336,357,10331
p05,2020-01-16,1398,360,10000
p05,2020-01-17,1426,357,10064
p05,2020-01-18,1382,360,10079
p05,2020-01-19,1408,360,10059
p05,2020-01-20,1368,301,9538
p05,2020-01-21,1289,360,8798
p05,2020-01-22,1130,53,7910
p05,2020-01-23,1421,351,9650
p05,2020-01-24,1303,356,9594
p05,2020-01-25,1420,360,10874
p05,2020-01-26,1264,360,8921
p05,2020-01-27,1410,359,9341
p05,2020-01-28,1407,357,9117
p05,2020-01-29,1421,360,9611
p05,2020-01-30,1178,359,8227
p05,2020-01-31,1089,29,7148
p05,2020-02-01,1376,360,10264
p05,2020-02-02,1410,360,9952
p05,2020-02-03,1430,360,9911
p05,2020-02-04,1391,358,8977
p05,2020-02-05,1430,359,9744
p05,2020-02-06,1374,360,9521
p05,2020-02-07,1420,358,9459
p05,2020-02-08,1309,358,9195
p05,2020-02-09,1403,359,10311
p05,2020-02-10,1417,342,9771
p05,2020-02-11,1416,357,9861
p05,2020-02-12,1431,360,9755
p05,2020-02-13,1420,357,10755
p05,2020-02-14,1405,360,9918
p05,2020-02-15,1318,358,9528
p05,2020-02-16,1432,360,10499
p05,2020-02-17,1423,360,10386
p05,2020-02-18,1393,359,9634
p05,2020-02-19,1420,359,9973
p05,2020-02-20,913,359,6145
p05,2020-02-21,25,0,178
p05,2020-02-28,194,0,1530
p05,2020-02-29,861,356,6613
p05,2020-03-01,1407,360,11135
p05,2020-03-02,1424,360,11207
p05,2020-03-03,1427,356,10983
p05,2020-03-04,1437,360,11162
p05,2020-03-05,1430,359,10985
p05,2020-03-06,1392,357,10562
p05,2020-03-07,1242,353,9185
p05,2020-03-08,1433,360,11085
p05,2020-03-09,1422,360,10985
p05,2020-03-10,1434,358,11300
p05,2020-03-11,1404,357,10920
p05,2020-03-12,1430,355,11023
p05,2020-03-13,1423,360,11032
p05,2020-03-14,1276,351,9767
p05,2020-03-15,1438,360,11466
p05,2020-03-16,1428,358,11100
p05,2020-03-17,1434,358,11056
p05,2020-03-18,1423,357,10721
p05,2020-03-19,1430,355,10779
p05,2020-03-20,1427,354,11036
p05,2020-03-21,1112,360,8295
p05,2020-03-22,1439,359,10820
p05,2020-03-23,1432,357,10837
p05,2020-03-24,1429,359,11128
p05,2020-03-25,1430,360,11018
p05,2020-03-26,1438,360,11150
p05,2020-03-27,1337,358,10152
p05,2020-03-28,1434,360,11094
p05,2020-03-29,1432,358,11150
p05,2020-03-30,1431,358,10954
p05,2020-03-31,325,325,2407
p06,2019-11-01,258,0,1688
p06,2019-11-02,1386,341,10531
p06,2019-11-03,1400,347,9847
p06,2019-11-04,1342,357,10100
p06,2019-11-05,1392,344,10364
p06,2019-11-06,1409,351,10450
p06,2019-11-07,1414,354,10428
p06,2019-11-08,1400,353,10070
p06,2019-11-09,1399,348,9842
p06,2019-11-10,1353,353,9852
p06,2019-11-11,1395,331,10525
p06,2019-11-12,1422,359,10922
p06,2019-11-13,1408,351,10957
p06,2019-11-14,1403,351,11335
p06,2019-11-15,1414,355,10432
p06,2019-11-16,1417,349,11257
p06,2019-11-17,1289,359,9908
p06,2019-11-18,1424,355,11304
p06,2019-11-19,1404,351,10315
p06,2019-11-20,1409,353,10891
p06,2019-11-21,1402,342,10088
p06,2019-11-22,1409,349,10169
p06,2019-11-23,1385,346,11537
p06,2019-11-24,1270,344,9446
p06,2019-11-25,1371,340,9325
p06,2019-11-26,1377,342,9221
p06,2019-11-27,1397,352,9499
p06,2019-11-28,1398,342,9783
p06,2019-11-29,1392,349,10038
p06,2019-11-30,1357,352,9901
p06,2019-12-01,1397,348,10309
p06,2019-12-02,1353,355,8795
p06,2019-12-03,1283,341,8598
p06,2019-12-04,1385,357,9779
p06,2019-12-05,1419,359,10183
p06,2019-12-06,1383,347,9621
p06,2019-12-07,1406,353,9883
p06,2019-12-08,1321,360,9965
p06,2019-12-09,1440,360,11346
p06,2019-12-10,1422,353,9757
p06,2019-12-11,1430,360,10546
p06,2019-12-12,1422,359,9918
p06,2019-12-13,1425,355,10041
p06,2019-12-14,1342,360,10030
p06,2019-12-15,1436,360,10239
p06,2019-12-16,1437,360,10138
p06,2019-12-17,1431,358,10593
p06,2019-12-18,1432,360,10076
p06,2019-12-19,1412,358,10190
p06,2019-12-20,1425,358,9005
p06,2019-12-21,1378,359,9743
p06,2019-12-22,1428,360,10894
p06,2019-12-23,1425,357,10177
p06,2019-12-24,1411,358,10850
p06,2019-12-25,1431,360,10384
p06,2019-12-26,1283,355,9037
p06,2019-12-27,1435,359,10480
p06,2019-12-28,1437,360,10103
p06,2019-12-29,1436,359,11075
p06,2019-12-30,1434,360,10558
p06,2019-12-31,1434,358,10511
p06,2020-01-01,1368,360,9679
p06,2020-01-02,1434,360,10863
p06,2020-01-03,1435,360,11382
p06,2020-01-04,1367,359,10035
p06,2020-01-05,1433,360,10667
p06,2020-01-06,1428,360,11083
p06,2020-01-07,1432,358,11262
p06,2020-01-08,1429,358,10353
p06,2020-01-09,1375,360,9738
p06,2020-01-10,1428,357,10155
p06,2020-01-11,1434,360,10367
p06,2020-01-12,1433,360,10241
p06,2020-01-13,1431,356,10149
p06,2020-01-14,1294,358,9623
p06,2020-01-15,1436,358,11072
p06,2020-01-16,1440,360,10663
p06,2020-01-17,1429,358,10668
p06,2020-01-18,1437,360,10575
p06,2020-01-19,1351,359,9973
p06,2020-01-20,1436,360,10558
p06,2020-01-21,1437,359,10775
p06,2020-01-22,1431,360,10331
p06,2020-01-23,1432,360,10096
p06,2020-01-24,1435,360,10324
p06,2020-01-25,1293,358,9725
p06,2020-01-26,1436,360,10254
p06,2020-01-27,1430,358,10707
p06,2020-01-28,1438,358,10044
p06,2020-01-29,1367,360,9835
p06,2020-01-30,1433,359,10683
p06,2020-01-31,1438,358,11029
p06,2020-02-01,1427,360,10635
p06,2020-02-02,1434,360,10600
p06,2020-02-03,1435,360,10659
p06,2020-02-04,1250,360,9012
p06,2020-02-05,1439,360,10812
p06,2020-02-06,1433,360,11430
p06,2020-02-07,1434,360,10797
p06,2020-02-08,1437,359,10863
p06,2020-02-09,1353,359,10830
p06,2020-02-10,1431,358,10704
p06,2020-02-11,1436,359,11363
p06,2020-02-12,1432,359,10747
p06,2020-02-13,1440,360,10524
p06,2020-02-14,1433,356,10654
p06,2020-02-15,1434,358,10846
p06,2020-02-16,1385,360,10563
p06,2020-02-17,1435,360,11335
p06,2020-02-18,1432,358,11103
p06,2020-02-19,1438,360,10917
p06,2020-02-20,1372,358,10361
p06,2020-02-21,1429,360,11402
p06,2020-02-22,1439,360,11252
p06,2020-02-23,1436,359,10865
p06,2020-02-24,1436,360,11285
p06,2020-02-25,1357,357,9970
p06,2020-02-26,1435,360,11544
p06,2020-02-27,1435,358,11592
p06,2020-02-28,1434,359,10690
p06,2020-02-29,1435,359,10319
p06,2020-03-01,1423,358,10617
p06,2020-03-02,1434,358,10948
p06,2020-03-03,1165,360,8805
p06,2020-03-04,1117,44,9652
p06,2020-03-05,1433,360,10614
p06,2020-03-06,1436,360,10819
p06,2020-03-07,1422,358,10782
p06,2020-03-08,1436,360,10802
p06,2020-03-09,1438,358,11638
p06,2020-03-10,1409,332,10584
p06,2020-03-11,1432,360,11549
p06,2020-03-12,1356,355,10069
p06,2020-03-13,1438,360,10930
p06,2020-03-14,1435,360,11019
p06,2020-03-15,1425,359,10465
p06,2020-03-16,1428,359,10837
p06,2020-03-17,1437,360,10821
p06,2020-03-18,1288,360,10233
p06,2020-03-19,1435,357,10855
p06,2020-03-20,1432,358,10951
p06,2020-03-21,1431,358,11332
p06,2020-03-22,1432,354,10774
p06,2020-03-23,1433,354,11037
p06,2020-03-24,1358,360,9954
p06,2020-03-25,1435,359,10965
p06,2020-03-26,1436,360,11303
p06,2020-03-27,1436,360,10323
p06,2020-03-28,1435,360,10622
p06,2020-03-29,1434,357,10393
p06,2020-03-30,1357,359,10803
p06,2020-03-31,1319,359,9954
p07,2019-11-06,469,0,4032
p07,2019-11-07,1316,354,10742
p07,2019-11-08,1230,354,8505
p07,2019-11-09,1245,350,15179
p07,2019-11-10,877,0,5537
p07,2019-11-11,1355,359,10327
p07,2019-11-12,1345,352,9256
p07,2019-11-13,1333,358,9886
p07,2019-11-14,1270,360,9613
p07,2019-11-15,1180,355,9235
p07,2019-11-16,1340,356,12367
p07,2019-11-17,1386,352,11550
p07,2019-11-18,1391,358,11150
p07,2019-11-19,1420,359,11289
p07,2019-11-20,1403,358,11282
p07,2019-11-21,1363,355,10490
p07,2019-11-22,1331,310,8875
p07,2019-11-23,1389,352,11224
p07,2019-11-24,1411,359,12084
p07,2019-11-25,1309,358,9674
p07,2019-11-26,1273,359,9784
p07,2019-11-27,1376,355,10386
p07,2019-11-28,1361,355,10246
p07,2019-11-29,1292,336,7902
p07,2019-11-30,1382,346,10943
p07,2019-12-01,1391,357,11899
p07,2019-12-02,1380,355,10675
p07,2019-12-03,1305,360,9974
p07,2019-12-04,1405,357,11307
p07,2019-12-05,1417,360,11554
p07,2019-12-06,1354,344,10585
p07,2019-12-07,1418,354,11371
p07,2019-12-08,1426,358,12698
p07,2019-12-09,1357,360,12112
p07,2019-12-10,1430,360,11099
p07,2019-12-11,1413,360,10859
p07,2019-12-12,1411,357,12945
p07,2019-12-13,1430,358,14530
p07,2019-12-14,1386,360,10628
p07,2019-12-15,1377,360,12086
p07,2019-12-16,1429,360,11672
p07,2019-12-17,1396,359,10201
p07,2019-12-18,1425,356,11261
p07,2019-12-19,1409,360,10714
p07,2019-12-20,1261,360,9887
p07,2019-12-21,1419,359,11078
p07,2019-12-22,1420,360,9927
p07,2019-12-23,1422,360,12395
p07,2019-12-24,1418,359,10695
p07,2019-12-25,1316,360,10748
p07,2019-12-26,1295,359,14418
p07,2019-12-27,1416,360,11314
p07,2019-12-28,1422,360,10722
p07,2019-12-29,1422,356,10412
p07,2019-12-30,1423,360,10569
p07,2019-12-31,1406,358,9958
p07,2020-01-01,1376,360,9994
p07,2020-01-02,1329,360,10418
p07,2020-01-03,1420,358,9783
p07,2020-01-04,1023,359,11384
p07,2020-01-05,1060,0,7655
p07,2020-01-06,1408,359,9815
p07,2020-01-07,1414,358,9517
p07,2020-01-08,1289,359,9538
p07,2020-01-09,1396,356,9930
p07,2020-01-10,1292,358,8308
p07,2020-01-11,1395,358,9369
p07,2020-01-12,1399,358,8950
p07,2020-01-13,1412,359,9796
p07,2020-01-14,1416,360,10057
p07,2020-01-15,1198,359,7540
p07,2020-01-16,1002,0,7772
p07,2020-01-17,1431,360,10528
p07,2020-01-18,1418,359,10134
p07,2020-01-19,1420,360,9487
p07,2020-01-20,1420,360,10307
p07,2020-01-21,1357,360,12036
p07,2020-01-22,1420,360,10219
p07,2020-01-23,1428,358,11193
p07,2020-01-24,1390,359,9604
p07,2020-01-25,1406,359,12260
p07,2020-01-26,1390,356,9760
p07,2020-01-27,1287,359,9189
p07,2020-01-28,1421,356,10645
p07,2020-01-29,1433,358,11056
p07,2020-01-30,1407,355,9936
p07,2020-01-31,1422,356,11862
p07,2020-02-01,1422,359,10997
p07,2020-02-02,1391,360,10115
p07,2020-02-03,1235,359,9129
p07,2020-02-04,1419,358,11103
p07,2020-02-05,1438,360,11424
p07,2020-02-06,1434,359,10438
p07,2020-02-07,1435,360,12415
p07,2020-02-08,1429,359,12099
p07,2020-02-09,1435,360,16155
p07,2020-02-10,1363,356,11404
p07,2020-02-11,1434,356,11357
p07,2020-02-12,1432,359,11891
p07,2020-02-13,1429,355,12561
p07,2020-02-14,1432,360,11880
p07,2020-02-15,1435,358,13286
p07,2020-02-16,1437,360,11968
p07,2020-02-17,1040,322,8459
p07,2020-02-18,1422,353,11417
p07,2020-02-19,1437,359,10764
p07,2020-02-20,788,357,7292
p07,2020-02-21,729,0,6582
p07,2020-02-22,1431,360,11762
p07,2020-02-23,1439,360,11940
p07,2020-02-24,1436,358,11361
p07,2020-02-25,1436,360,11975
p07,2020-02-26,1431,360,11835
p07,2020-02-27,1432,359,11498
p07,2020-02-28,1351,355,11268
p07,2020-02-29,1440,360,11664
p07,2020-03-01,1433,358,11161
p07,2020-03-02,1435,360,10472
p07,2020-03-03,1434,357,10587
p07,2020-03-04,1435,360,11775
p07,2020-03-05,1437,359,11387
p07,2020-03-06,1433,360,10444
p07,2020-03-07,1333,360,9993
p07,2020-03-08,1436,359,15175
p07,2020-03-09,1435,360,10925
p07,2020-03-10,1435,360,10706
p07,2020-03-11,1438,359,11922
p07,2020-03-12,1433,360,11425
p07,2020-03-13,1436,360,10590
p07,2020-03-14,1359,360,11320
p07,2020-03-15,1440,360,10870
p07,2020-03-16,1431,357,11915
p07,2020-03-17,1434,360,12460
p07,2020-03-18,1428,357,11757
p07,2020-03-19,1432,357,11122
p07,2020-03-20,1256,360,9982
p07,2020-03-21,1431,358,11605
p07,2020-03-22,1437,360,11197
p07,2020-03-23,1433,360,11832
p07,2020-03-24,1437,358,15219
p07,2020-03-25,1433,358,11003
p07,2020-03-26,1429,359,11505
p07,2020-03-27,1429,358,9610
p07,2020-03-28,1433,355,10310
p07,2020-03-29,1102,360,8006
p07,2020-03-30,1428,360,10678
p07,2020-03-31,998,357,9062
p08,2019-11-11,834,0,7422
p08,2019-11-12,1383,358,12849
p08,2019-11-13,1391,357,11159
p08,2019-11-14,1352,354,11714
p08,2019-11-15,1339,356,13095
p08,2019-11-16,1371,360,12547
p08,2019-11-17,1415,359,13307
p08,2019-11-18,1408,360,11955
p08,2019-11-19,1403,358,12335
p08,2019-11-20,1399,358,10910
p08,2019-11-21,1296,358,10868
p08,2019-11-22,1403,352,12516
p08,2019-11-23,1406,360,12580
p08,2019-11-24,1353,346,11792
p08,2019-11-25,1418,358,12418
p08,2019-11-26,1381,360,12096
p08,2019-11-27,1381,360,11580
p08,2019-11-28,1239,345,11396
p08,2019-11-29,1422,357,12794
p08,2019-11-30,1416,342,12910
p08,2019-12-01,1423,360,13440
p08,2019-12-02,1362,360,11496
p08,2019-12-03,1378,360,12116
p08,2019-12-04,1230,360,10520
p08,2019-12-05,1305,360,10926
p08,2019-12-06,1396,360,12982
p08,2019-12-07,1401,358,11186
p08,2019-12-08,1408,359,13232
p08,2019-12-09,1428,360,11852
p08,2019-12-10,1427,360,12642
p08,2019-12-11,1422,357,13801
p08,2019-12-12,1423,357,12071
p08,2019-12-13,553,360,4516
p08,2019-12-17,406,0,4510
p08,2019-12-18,1374,360,11306
p08,2019-12-19,1426,360,11436
p08,2019-12-20,1356,358,10965
p08,2019-12-21,1360,358,12726
p08,2019-12-22,1419,360,12063
p08,2019-12-23,1399,359,12410
p08,2019-12-24,1398,360,10492
p08,2019-12-25,1035,360,8748
p08,2019-12-26,622,0,5443
p08,2019-12-27,1377,356,11951
p08,2019-12-28,1409,359,10902
p08,2019-12-29,1403,354,12250
p08,2019-12-30,1352,359,11532
p08,2019-12-31,1380,359,11726
p08,2020-01-01,1423,358,12350
p08,2020-01-02,1207,357,10206
p08,2020-01-03,930,0,6899
p08,2020-01-04,1419,360,12667
p08,2020-01-05,1366,357,11774
p08,2020-01-06,1410,360,11571
p08,2020-01-07,1425,360,12869
p08,2020-01-08,1418,357,13414
p08,2020-01-09,1263,359,11228
p08,2020-01-10,1416,360,13229
p08,2020-01-11,1416,357,12562
p08,2020-01-12,1401,353,10627
p08,2020-01-13,1327,357,10518
p08,2020-01-14,1371,359,10334
p08,2020-01-15,1389,359,10529
p08,2020-01-16,1385,359,10301
p08,2020-01-17,1392,357,10495
p08,2020-01-18,1428,358,11217
p08,2020-01-19,1420,358,11206
p08,2020-01-20,1014,358,7936
p08,2020-01-21,1405,360,13760
p08,2020-01-22,1409,358,10418
p08,2020-01-23,1388,360,11564
p08,2020-01-24,1429,360,11267
p08,2020-01-25,1409,359,10916
p08,2020-01-26,1420,358,11930
p08,2020-01-27,1350,360,10840
p08,2020-01-28,1408,353,11336
p08,2020-01-29,1411,359,11556
p08,2020-01-30,1345,354,10210
p08,2020-01-31,1377,354,11330
p08,2020-02-01,1412,359,12535
p08,2020-02-02,1320,359,11581
p08,2020-02-03,1408,359,12253
p08,2020-02-04,1407,359,12683
p08,2020-02-05,1376,356,10680
p08,2020-02-06,1385,359,12132
p08,2020-02-07,1397,358,12546
p08,2020-02-08,1312,360,10803
p08,2020-02-09,1413,359,14638
p08,2020-02-10,1390,357,11774
p08,2020-02-11,1385,359,11543
p08,2020-02-12,1406,359,12473
p08,2020-02-13,1124,360,9597
p08,2020-02-14,1425,360,12261
p08,2020-02-15,1297,357,11125
p08,2020-02-16,1391,353,10834
p08,2020-02-17,1415,358,14074
p08,2020-02-18,1413,358,12182
p08,2020-02-19,1397,357,11012
p08,2020-02-20,1410,360,12720
p08,2020-02-21,1395,352,12347
p08,2020-02-22,1126,355,8765
p08,2020-02-23,1408,358,14012
p08,2020-02-24,1397,356,11785
p08,2020-02-25,1386,358,12832
p08,2020-02-26,1369,356,11204
p08,2020-02-27,1390,358,12520
p08,2020-02-28,1396,359,13593
p08,2020-02-29,1302,358,10839
p08,2020-03-01,1414,360,11381
p08,2020-03-02,1411,360,11779
p08,2020-03-03,1366,360,11119
p08,2020-03-04,1408,360,11858
p08,2020-03-05,1405,358,12162
p08,2020-03-06,1334,359,10666
p08,2020-03-07,1413,359,10797
p08,2020-03-08,1408,357,17550
p08,2020-03-09,1405,358,11112
p08,2020-03-10,1350,355,11176
p08,2020-03-11,1412,358,11146
p08,2020-03-12,1384,359,11062
p08,2020-03-13,998,360,9011
p08,2020-03-14,891,0,6710
p08,2020-03-15,1375,358,11521
p08,2020-03-16,1419,356,12453
p08,2020-03-17,1430,359,13214
p08,2020-03-18,1373,357,11338
p08,2020-03-19,1424,358,13592
p08,2020-03-20,1112,360,10210
p08,2020-03-21,971,0,8528
p08,2020-03-22,1430,360,13208
p08,2020-03-23,1433,360,12072
p08,2020-03-24,1425,360,13648
p08,2020-03-25,1423,360,16380
p08,2020-03-26,1437,360,12742
p08,2020-03-27,1025,360,10342
p08,2020-03-28,1425,356,13676
p08,2020-03-29,1419,360,13551
p08,2020-03-30,1427,360,13859
p08,2020-03-31,1425,360,13578
p09,2019-11-01,856,355,6496
p09,2019-11-02,262,0,1788
p09,2019-11-03,1234,353,9295
p09,2019-11-04,911,326,6733
p09,2019-11-05,1373,348,9917
p09,2019-11-06,1367,360,9941
p09,2019-11-07,1333,305,9529
p09,2019-11-08,1331,358,9917
p09,2019-11-09,1299,355,9183
p09,2019-11-10,872,70,6311
p09,2019-11-11,990,355,7348
p09,2019-11-12,1381,327,10046
p09,2019-11-13,1302,352,9455
p09,2019-11-14,1366,349,10031
p09,2019-11-15,1374,357,9962
p09,2019-11-16,1082,346,8129
p09,2019-11-17,1195,353,8815
p09,2019-11-18,947,352,6919
p09,2019-11-19,1143,351,8481
p09,2019-11-20,1387,356,9969
p09,2019-11-21,1361,352,9370
p09,2019-11-22,1354,354,9716
p09,2019-11-23,1315,356,9580
p09,2019-11-24,1412,358,10497
p09,2019-11-25,1386,353,9615
p09,2019-11-26,1388,356,10160
p09,2019-11-27,1392,356,9892
p09,2019-11-28,1298,347,9021
p09,2019-11-29,1384,356,9801
p09,2019-11-30,1344,354,9821
p09,2019-12-01,774,162,5679
p09,2019-12-02,1351,350,9795
p09,2019-12-03,1333,353,10216
p09,2019-12-04,1381,355,9809
p09,2019-12-05,1154,357,7746
p09,2019-12-06,1128,324,7784
p09,2019-12-07,1386,355,9791
p09,2019-12-08,1347,353,9508
p09,2019-12-09,1379,355,9180
p09,2019-12-10,1227,341,8401
p09,2019-12-11,1284,359,9088
p09,2019-12-12,1386,360,9992
p09,2019-12-13,1298,357,9256
p09,2019-12-14,1397,357,9992
p09,2019-12-15,1394,359,10238
p09,2019-12-16,1083,356,7965
p09,2019-12-17,1411,358,10032
p09,2019-12-18,1348,353,9657
p09,2019-12-19,1305,354,9401
p09,2019-12-20,1392,358,9871
p09,2019-12-21,1297,354,9521
p09,2019-12-22,1400,360,10038
p09,2019-12-23,943,305,7003
p09,2019-12-24,1396,357,10138
p09,2019-12-25,1424,354,10339
p09,2019-12-26,1375,360,10109
p09,2019-12-27,1395,356,10021
p09,2019-12-28,1395,360,10162
p09,2019-12-29,1358,359,9774
p09,2019-12-30,1203,358,8893
p09,2019-12-31,601,0,4200
p09,2020-01-01,878,359,6341
p09,2020-01-02,260,0,1818
p09,2020-01-03,1336,352,9642
p09,2020-01-04,1383,358,9983
p09,2020-01-05,1427,356,10252
p09,2020-01-06,1003,356,7182
p09,2020-01-07,1169,335,9392
p09,2020-01-08,1359,356,9603
p09,2020-01-09,1001,356,7272
p09,2020-01-10,1426,354,10413
p09,2020-01-11,1411,360,10838
p09,2020-01-12,1403,360,10204
p09,2020-01-13,1252,360,9213
p09,2020-01-14,750,154,5375
p09,2020-01-15,1411,360,10255
p09,2020-01-16,1226,358,8854
p09,2020-01-17,1371,360,10148
p09,2020-01-18,1332,359,9819
p09,2020-01-19,1389,359,10674
p09,2020-01-20,1096,360,8034
p09,2020-01-21,834,278,6198
p09,2020-01-22,942,0,6831
p09,2020-01-23,416,0,3102
p09,2020-01-24,1393,360,10160
p09,2020-01-25,1369,357,10048
p09,2020-01-26,1423,357,10118
p09,2020-01-27,1380,355,9987
p09,2020-01-28,530,317,3929
p09,2020-01-29,1341,347,10020
p09,2020-01-30,1379,360,10151
p09,2020-01-31,1071,360,8153
p09,2020-02-01,1388,359,10708
p09,2020-02-02,1181,356,8697
p09,2020-02-03,1291,262,9919
p09,2020-02-04,1422,360,10427
p09,2020-02-05,1385,360,9693
p09,2020-02-06,1378,304,10075
p09,2020-02-07,893,360,6452
p09,2020-02-08,31,0,202
p09,2020-02-09,1429,357,10582
p09,2020-02-10,1060,358,7762
p09,2020-02-11,1256,310,9297
p09,2020-02-12,1377,358,10140
p09,2020-02-13,1397,360,10106
p09,2020-02-14,1397,355,10513
p09,2020-02-15,815,357,6236
p09,2020-02-16,490,357,3744
p09,2020-02-17,785,280,6296
p09,2020-02-18,1143,248,8590
p09,2020-02-19,808,0,5844
p09,2020-02-20,698,75,5016
p09,2020-02-21,1214,359,8591
p09,2020-02-22,632,0,4565
p09,2020-02-23,1391,360,10439
p09,2020-02-24,1322,357,9454
p09,2020-02-25,1412,360,10657
p09,2020-02-26,1064,360,8114
p09,2020-02-27,719,326,5656
p09,2020-02-28,642,0,4631
p09,2020-02-29,1414,345,10645
p09,2020-03-01,1174,360,8861
p09,2020-03-02,1191,358,9044
p09,2020-03-03,1344,272,9961
p09,2020-03-04,1404,360,11252
p09,2020-03-05,1217,360,9783
p09,2020-03-06,1371,359,11024
p09,2020-03-07,1414,358,10901
p09,2020-03-08,1223,359,9679
p09,2020-03-09,866,358,6534
p09,2020-03-10,587,0,4669
p09,2020-03-11,634,234,4746
p09,2020-03-12,1301,229,9986
p09,2020-03-13,1168,355,8904
p09,2020-03-15,446,0,3648
p09,2020-03-16,1428,352,11086
p09,2020-03-17,1278,356,9804
p09,2020-03-18,932,0,7256
p09,2020-03-19,1431,359,11100
p09,2020-03-20,1412,358,10860
p09,2020-03-21,1426,353,11054
p09,2020-03-22,1430,358,10965
p09,2020-03-23,894,356,6620
p09,2020-03-24,778,0,5636
p09,2020-03-25,712,360,5135
p09,2020-03-26,1336,287,10134
p09,2020-03-27,1146,357,8659
p09,2020-03-28,692,0,5611
p09,2020-03-29,1430,360,11252
p09,2020-03-30,1312,360,9753
p09,2020-03-31,726,358,5206
p10,2019-11-07,300,0,2804
p10,2019-11-08,1428,360,10724
p10,2019-11-09,1403,354,11176
p10,2019-11-10,1387,360,11013
p10,2019-11-11,1267,358,9777
p10,2019-11-12,1371,359,10505
p10,2019-11-13,1423,358,10662
p10,2019-11-14,1425,360,10579
p10,2019-11-15,1396,359,10469
p10,2019-11-16,1418,357,11035
p10,2019-11-17,1418,354,10753
p10,2019-11-18,1410,359,10745
p10,2019-11-19,1383,355,10714
p10,2019-11-20,1419,358,11340
p10,2019-11-21,1417,357,10778
p10,2019-11-22,1214,358,9254
p10,2019-11-23,1254,358,9948
p10,2019-11-24,1384,359,10329
p10,2019-11-25,1416,358,10395
p10,2019-11-26,1371,358,10432
p10,2019-11-27,1399,354,9686
p10,2019-11-28,1417,358,10870
p10,2019-11-29,1274,357,9842
p10,2019-11-30,1248,355,10345
p10,2019-12-01,1422,358,11281
p10,2019-12-02,1398,356,10237
p10,2019-12-03,1355,358,10436
p10,2019-12-04,1423,360,10677
p10,2019-12-05,1432,360,11306
p10,2019-12-06,1413,357,10768
p10,2019-12-07,1423,355,11293
p10,2019-12-08,1379,355,11508
p10,2019-12-09,1401,355,10078
p10,2019-12-10,1420,360,11272
p10,2019-12-11,1420,358,10493
p10,2019-12-12,1266,359,9698
p10,2019-12-13,1427,359,11347
p10,2019-12-14,1422,358,11047
p10,2019-12-15,1411,355,10708
p10,2019-12-16,1414,358,10313
p10,2019-12-17,1381,344,9623
p10,2019-12-18,1368,352,9969
p10,2019-12-19,1404,357,10275
p10,2019-12-20,1411,360,10341
p10,2019-12-21,1413,356,11173
p10,2019-12-22,1297,360,10042
p10,2019-12-23,876,0,7135
p10,2019-12-24,925,354,7272
p10,2019-12-25,555,0,4147
p10,2019-12-26,780,2,5720
p10,2019-12-27,1383,355,10335
p10,2019-12-28,1409,355,10883
p10,2019-12-29,1424,356,11263
p10,2019-12-30,1420,358,11119
p10,2019-12-31,1423,355,11324
p10,2020-01-01,1015,358,7941
p10,2020-01-02,1240,357,9353
p10,2020-01-03,871,0,7449
p10,2020-01-04,732,0,5934
p10,2020-01-05,6,0,35
p10,2020-01-06,899,0,7223
p10,2020-01-07,1385,357,10333
p10,2020-01-08,1383,358,10152
p10,2020-01-09,1247,360,8988
p10,2020-01-10,907,0,6973
p10,2020-01-11,836,359,6566
p10,2020-01-12,821,13,5937
p10,2020-01-13,1366,354,9753
p10,2020-01-14,1404,357,10211
p10,2020-01-15,1389,356,9983
p10,2020-01-16,1184,360,8935
p10,2020-01-17,1397,356,10191
p10,2020-01-18,1411,353,10472
p10,2020-01-19,1295,360,9972
p10,2020-01-20,847,0,6117
p10,2020-01-21,1407,358,10578
p10,2020-01-22,1386,359,10105
p10,2020-01-23,1337,356,9416
p10,2020-01-24,1392,356,9972
p10,2020-01-25,1401,355,10544
p10,2020-01-26,1389,348,10538
p10,2020-01-27,1374,359,9875
p10,2020-01-28,1408,355,10298
p10,2020-01-29,1184,351,8627
p10,2020-01-30,1416,359,10358
p10,2020-01-31,1394,360,9938
p10,2020-02-01,1374,356,10147
p10,2020-02-02,1379,354,9888
p10,2020-02-03,1413,357,10731
p10,2020-02-04,1368,360,9512
p10,2020-02-05,1230,359,9089
p10,2020-02-06,1418,357,11131
p10,2020-02-07,1390,357,10222
p10,2020-02-08,1069,353,7280
p10,2020-02-09,1375,351,11336
p10,2020-02-10,1240,335,8980
p10,2020-02-11,933,356,6894
p10,2020-02-12,876,0,7419
p10,2020-02-13,1012,356,7271
p10,2020-02-14,919,287,6809
p10,2020-02-15,656,5,4964
p10,2020-02-16,1349,358,10229
p10,2020-02-17,1381,357,9538
p10,2020-02-18,1367,356,10376
p10,2020-02-19,1393,360,10172
p10,2020-02-20,1379,360,10826
p10,2020-02-21,1302,359,9285
p10,2020-02-22,1334,358,10548
p10,2020-02-23,1015,0,7089
p10,2020-02-24,1382,356,10522
p10,2020-02-25,1410,355,10899
p10,2020-02-26,1201,357,9014
p10,2020-02-27,1267,357,9646
p10,2020-02-28,429,354,3415
p11,2019-11-11,5,0,9
p11,2019-11-12,3,0,17
p11,2019-11-14,1,0,6
p11,2019-11-15,1114,42,9290
p11,2019-11-16,1434,359,12112
p11,2019-11-17,1423,354,11356
p11,2019-11-18,1421,360,12324
p11,2019-11-19,1425,355,12825
p11,2019-11-20,1431,360,11777
p11,2019-11-21,1435,358,12476
p11,2019-11-22,1322,360,11044
p11,2019-11-23,1431,359,12125
p11,2019-11-24,1432,357,12962
p11,2019-11-25,1406,352,11324
p11,2019-11-26,1432,359,12997
p11,2019-11-27,1418,357,11386
p11,2019-11-28,1327,323,11468
p11,2019-11-29,1423,358,11698
p11,2019-11-30,1417,344,11495
p11,2019-12-01,1433,357,11712
p11,2019-12-02,1428,360,11921
p11,2019-12-03,1259,344,10592
p11,2019-12-04,1206,360,10424
p11,2019-12-05,1424,355,12070
p11,2019-12-06,1429,357,11555
p11,2019-12-07,1430,358,11715
p11,2019-12-08,1431,357,11794
p11,2019-12-09,1394,357,12175
p11,2019-12-10,1425,357,11333
p11,2019-12-11,1428,359,12004
p11,2019-12-12,1431,358,12259
p11,2019-12-13,1424,354,11718
p11,2019-12-14,1300,317,10943
p11,2019-12-15,1433,355,11852
p11,2019-12-16,1422,360,11769
p11,2019-12-17,1432,359,11925
p11,2019-12-18,1430,359,11846
p11,2019-12-19,1430,360,12076
p11,2019-12-20,1425,359,11660
p11,2019-12-21,1362,357,11189
p11,2019-12-22,1432,359,11516
p11,2019-12-23,1095,357,9203
p11,2019-12-24,1428,359,10916
p11,2019-12-25,1426,357,11163
p11,2019-12-26,1408,360,11289
p11,2019-12-27,1420,360,11260
p11,2019-12-28,1413,357,11370
p11,2019-12-29,1413,360,11511
p11,2019-12-30,1425,360,11894
p11,2019-12-31,1392,358,11622
p11,2020-01-01,1428,359,11489
p11,2020-01-02,1431,360,12104
p11,2020-01-03,1324,359,11297
p11,2020-01-04,1427,359,11755
p11,2020-01-05,1431,360,11711
p11,2020-01-06,1430,360,11962
p11,2020-01-07,1426,358,11190
p11,2020-01-08,1418,357,11279
p11,2020-01-09,1424,359,11636
p11,2020-01-10,1320,359,10372
p11,2020-01-11,1426,356,11494
p11,2020-01-12,1420,356,11257
p11,2020-01-13,1427,358,11848
p11,2020-01-14,1431,360,11310
p11,2020-01-15,1421,359,10890
p11,2020-01-16,1428,358,11464
p11,2020-01-17,1416,359,12446
p11,2020-01-18,1376,360,11303
p11,2020-01-19,1413,358,11282
p11,2020-01-20,1406,359,11334
p11,2020-01-21,1429,359,12542
p11,2020-01-22,1410,357,11252
p11,2020-01-23,1431,359,11855
p11,2020-01-24,1377,324,10980
p11,2020-01-25,1428,355,11809
p11,2020-01-26,1425,358,11662
p11,2020-01-27,1422,358,11616
p11,2020-01-28,1424,358,11424
p11,2020-01-29,1429,358,11636
p11,2020-01-30,1420,354,11799
p11,2020-01-31,1243,360,10438
p11,2020-02-01,1428,356,11665
p11,2020-02-02,1427,358,11412
p11,2020-02-03,1435,359,11767
p11,2020-02-04,1427,359,12277
p11,2020-02-05,1418,359,11321
p11,2020-02-06,1398,360,11461
p11,2020-02-07,1415,354,11288
p11,2020-02-08,1306,357,12198
p11,2020-02-09,1422,353,11123
p11,2020-02-10,1428,359,13326
p11,2020-02-11,1418,360,11130
p11,2020-02-12,1418,350,11503
p11,2020-02-13,1427,358,12400
p11,2020-02-14,1428,360,11129
p11,2020-02-15,1366,359,11292
p11,2020-02-16,1423,359,11177
p11,2020-02-17,1421,358,13011
p11,2020-02-18,1425,360,11314
p11,2020-02-19,1423,357,11417
p11,2020-02-20,1422,359,12879
p11,2020-02-21,1160,360,9921
p11,2020-02-22,1423,356,11429
p11,2020-02-23,1431,360,12739
p11,2020-02-24,1429,359,12533
p11,2020-02-25,1419,358,11305
p11,2020-02-26,1424,360,11387
p11,2020-02-27,1398,354,10850
p11,2020-02-28,1424,355,11648
p11,2020-02-29,1417,360,12161
p11,2020-03-01,1417,357,13007
p11,2020-03-02,1392,330,11188
p11,2020-03-03,1422,355,11415
p11,2020-03-04,1424,360,11534
p11,2020-03-05,1406,357,11408
p11,2020-03-06,1433,358,11439
p11,2020-03-07,1403,358,11408
p11,2020-03-08,1425,357,11273
p11,2020-03-09,1362,318,10510
p11,2020-03-10,1425,360,11035
p11,2020-03-11,1416,352,11002
p11,2020-03-12,1430,360,11987
p11,2020-03-13,667,359,5477
p12,2019-11-01,897,28,5998
p12,2019-11-03,663,0,4597
p12,2019-11-04,835,67,6106
p12,2019-11-05,634,16,4439
p12,2019-11-06,833,4,5591
p12,2019-11-07,495,0,3934
p12,2019-11-08,1100,51,8183
p12,2019-11-09,768,360,6694
p12,2019-11-10,678,0,4615
p12,2019-11-11,671,0,4813
p12,2019-11-12,641,0,4527
p12,2019-11-13,1069,42,8068
p12,2019-11-14,1230,356,9720
p12,2019-11-15,932,0,6990
p12,2019-11-16,627,0,4728
p12,2019-11-17,740,0,7712
p12,2019-11-18,861,73,6373
p12,2019-11-19,825,0,5770
p12,2019-11-20,831,2,5750
p12,2019-11-21,1059,33,7492
p12,2019-11-22,876,61,6718
p12,2019-11-23,498,0,3682
p12,2019-11-24,756,0,5546
p12,2019-11-25,923,69,7097
p12,2019-11-26,784,21,5336
p12,2019-11-27,910,63,6912
p12,2019-11-28,844,0,5994
p12,2019-11-29,1093,73,8005
p12,2019-11-30,1374,354,10567
p12,2019-12-01,542,35,3484
p12,2019-12-02,874,45,6552
p12,2019-12-03,521,9,3241
p12,2019-12-04,976,28,6692
p12,2019-12-05,735,0,4670
p12,2019-12-06,592,0,4491
p12,2019-12-07,669,0,4968
p12,2019-12-08,610,0,3916
p12,2019-12-09,890,53,5757
p12,2019-12-10,871,12,6435
p12,2019-12-11,675,0,5021
p12,2019-12-12,782,8,5133
p12,2019-12-13,471,0,3070
p12,2019-12-14,461,15,3092
p12,2019-12-15,694,0,4511
p12,2019-12-16,837,0,5499
p12,2019-12-17,849,70,6075
p12,2019-12-18,861,17,5712
p12,2019-12-19,1061,9,7827
p12,2019-12-20,1210,359,9315
p12,2019-12-21,547,0,4162
p12,2019-12-22,1398,349,10257
p12,2019-12-23,973,355,7395
p12,2019-12-29,829,0,5666
p12,2019-12-30,1401,352,10218
p12,2019-12-31,1346,358,10394
p12,2020-01-01,306,74,2304
p12,2020-01-02,881,8,6432
p12,2020-01-03,862,0,5686
p12,2020-01-04,377,0,2915
p12,2020-01-05,574,0,3931
p12,2020-01-06,883,63,5806
p12,2020-01-07,954,22,6662
p12,2020-01-08,1203,328,9074
p12,2020-01-09,1088,16,8389
p12,2020-01-10,1230,351,9387
p12,2020-01-11,723,0,5094
p12,2020-01-12,1230,359,9458
p12,2020-01-13,873,65,6084
p12,2020-01-14,525,7,3573
p12,2020-01-15,915,11,6558
p12,2020-01-16,725,0,4927
p12,2020-01-17,742,2,5389
p12,2020-01-18,676,0,5112
p12,2020-01-19,773,0,5328
p12,2020-01-20,449,0,2919
p12,2020-01-21,858,0,6267
p12,2020-01-22,868,14,6054
p12,2020-01-23,1072,6,7491
p12,2020-01-24,869,357,6617
p12,2020-01-25,369,0,2826
p12,2020-01-26,566,0,3894
p12,2020-01-27,934,72,6572
p12,2020-01-28,850,0,5999
p12,2020-01-29,836,74,6022
p12,2020-01-30,1004,0,7697
p12,2020-01-31,1126,360,9269
p12,2020-02-01,800,0,5819
p12,2020-02-02,789,0,6096
p12,2020-02-03,813,15,5874
p12,2020-02-04,524,5,3696
p12,2020-02-05,939,78,6644
p12,2020-02-06,890,20,6097
p12,2020-02-07,871,69,6378
p12,2020-02-08,674,0,5282
p12,2020-02-09,543,0,4003
p12,2020-02-10,870,64,6143
p12,2020-02-11,799,24,5682
p12,2020-02-12,932,64,6869
p12,2020-02-13,820,50,5823
p12,2020-02-14,789,0,6080
p12,2020-02-15,1253,360,9711
p12,2020-02-16,688,0,5227
p12,2020-02-17,665,63,4623
p12,2020-02-18,784,23,5741
p12,2020-02-19,1124,59,8913
p12,2020-02-20,1290,359,9918
p12,2020-02-21,782,0,5846
p12,2020-02-22,1265,358,10641
p12,2020-02-23,1394,359,11286
p12,2020-02-24,1220,359,9561
p12,2020-02-25,604,63,4305
p12,2020-02-26,886,0,6633
p12,2020-02-27,1109,30,8582
p12,2020-02-28,1239,360,9707
p12,2020-02-29,330,0,2251
p12,2020-03-01,780,0,5513
p12,2020-03-02,913,66,6930
p12,2020-03-03,933,29,6731
p12,2020-03-04,464,0,3255
p12,2020-03-05,879,33,6419
p12,2020-03-06,101,66,814
p12,2020-03-07,308,0,2216
p12,2020-03-08,592,0,4100
p12,2020-03-09,948,65,6926
p12,2020-03-10,4,0,18
p12,2020-03-11,920,23,6770
p12,2020-03-12,283,0,2221
p12,2020-03-13,1436,360,11538
p12,2020-03-14,299,3,2337
p12,2020-03-15,795,0,6944
p12,2020-03-16,1437,358,11378
p12,2020-03-17,534,357,4408
p12,2020-03-21,6,0,38
p12,2020-03-22,8,0,31
p13,2019-11-11,562,0,4296
p13,2019-11-12,1392,357,9395
p13,2019-11-13,1104,341,7602
p13,2019-11-14,1378,359,9185
p13,2019-11-15,1395,359,9323
p13,2019-11-16,1030,360,7235
p13,2019-11-17,1404,357,10022
p13,2019-11-18,1420,360,10499
p13,2019-11-19,1420,360,10278
p13,2019-11-20,1400,359,10064
p13,2019-11-21,1266,359,8894
p13,2019-11-22,1378,360,9449
p13,2019-11-23,496,354,3801
p13,2019-11-24,1429,359,10885
p13,2019-11-25,1407,360,10048
p13,2019-11-26,1367,357,9685
p13,2019-11-27,1369,352,9370
p13,2019-11-28,1389,353,9400
p13,2019-11-29,1350,346,8665
p13,2019-11-30,1345,357,9534
p13,2019-12-09,667,0,4402
p13,2019-12-10,1412,359,9713
p13,2019-12-11,1398,356,9682
p13,2019-12-12,1427,357,10192
p13,2019-12-13,1416,351,9976
p13,2019-12-14,1424,355,10283
p13,2019-12-15,1429,355,10420
p13,2019-12-16,1086,356,11166
p13,2019-12-17,759,0,5124
p13,2019-12-18,1418,359,9684
p13,2019-12-19,1427,356,10016
p13,2019-12-20,1341,360,8958
p13,2019-12-21,1409,357,9341
p13,2019-12-22,1432,359,10279
p13,2019-12-23,1068,359,7281
p13,2019-12-27,1358,287,10127
p13,2019-12-28,1376,359,10005
p13,2019-12-29,686,360,4879
p13,2020-01-01,343,0,2519
p13,2020-01-02,1431,360,11023
p13,2020-01-03,919,359,6891
p13,2020-01-04,479,0,3244
p13,2020-01-05,1029,359,7408
p13,2020-01-06,1434,360,11356
p13,2020-01-07,1423,360,10275
p13,2020-01-08,1431,360,10390
p13,2020-01-09,1311,360,10178
p13,2020-01-10,1425,360,10073
p13,2020-01-11,812,359,6011
p13,2020-01-19,381,0,2902
p13,2020-01-24,73,0,579
p13,2020-01-25,1429,359,11279
p13,2020-01-26,1432,357,10924
p13,2020-01-27,1433,355,10350
p13,2020-01-28,1427,359,10451
p13,2020-01-29,1412,346,9970
p13,2020-01-30,1016,357,7376
p13,2020-01-31,400,0,2676
p13,2020-02-01,643,360,4706
p13,2020-02-02,1437,360,10097
p13,2020-02-03,1428,358,10035
p13,2020-02-04,1426,360,9591
p13,2020-02-05,1423,359,9299
p13,2020-02-06,1425,355,10243
p13,2020-02-07,1428,359,9806
p13,2020-02-08,321,321,2249
p13,2020-02-09,496,0,3480
p13,2020-02-10,917,357,6780
p13,2020-02-11,73,0,519
p13,2020-02-12,1435,360,10602
p13,2020-02-13,1435,358,10254
p13,2020-02-14,1011,359,7402
p13,2020-02-15,2,2,2
p13,2020-02-16,770,0,5975
p13,2020-02-17,875,359,6602
p13,2020-02-18,885,36,7123
p13,2020-02-19,1024,12,7397
p13,2020-03-20,616,0,3911
p13,2020-03-21,499,353,3586
p13,2020-03-26,8,0,54
p14,2019-11-14,1064,11,7843
p14,2019-11-15,1386,341,9633
p14,2019-11-16,1310,351,9591
p14,2019-11-17,1388,351,10040
p14,2019-11-18,1407,357,10476
p14,2019-11-19,1375,338,11107
p14,2019-11-20,1416,356,10310
p14,2019-11-21,1315,354,9769
p14,2019-11-22,1121,355,8111
p14,2019-11-23,1391,347,10308
p14,2019-11-24,1408,358,10599
p14,2019-11-25,1160,357,8610
p14,2019-11-26,1264,355,10382
p14,2019-11-27,1354,353,9835
p14,2019-11-28,1399,341,10259
p14,2019-11-29,465,356,3402
p14,2019-12-02,1124,95,8776
p14,2019-12-03,1393,348,9796
p14,2019-12-04,1386,344,10071
p14,2019-12-05,1372,347,9879
p14,2019-12-06,1410,352,10444
p14,2019-12-07,1371,357,10007
p14,2019-12-08,1058,357,7744
p14,2019-12-09,1382,342,11437
p14,2019-12-10,992,228,8635
p14,2019-12-11,1360,352,9870
p14,2019-12-12,1261,345,9400
p14,2019-12-13,1332,272,11613
p14,2019-12-14,152,152,1154
p14,2019-12-16,1350,329,9591
p14,2019-12-17,1398,337,10450
p14,2019-12-18,1394,357,10789
p14,2019-12-19,1367,358,10501
p14,2019-12-20,1398,336,10679
p14,2019-12-21,1382,326,9989
p14,2019-12-22,1145,356,8487
p14,2019-12-23,1383,353,10238
p14,2019-12-24,1389,356,10057
p14,2019-12-25,1390,354,10182
p14,2019-12-26,1383,356,10176
p14,2019-12-27,1387,360,11647
p14,2019-12-28,1073,352,8151
p14,2019-12-29,1243,177,9258
p14,2019-12-30,1405,355,10383
p14,2019-12-31,1407,358,10241
p14,2020-01-01,1413,357,10622
p14,2020-01-02,1405,354,10334
p14,2020-01-03,1335,354,9863
p14,2020-01-04,761,357,5946
p14,2020-01-05,671,0,5620
p14,2020-01-06,1373,355,11002
p14,2020-01-07,1382,344,10234
p14,2020-01-08,1375,354,10975
p14,2020-01-09,1339,355,10021
p14,2020-01-10,1383,357,10734
p14,2020-01-11,1387,360,11968
p14,2020-01-12,957,358,7213
p14,2020-01-13,1388,332,10058
p14,2020-01-14,1398,355,11849
p14,2020-01-15,1363,355,10832
p14,2020-01-16,1387,359,11288
p14,2020-01-17,1398,356,11982
p14,2020-01-18,1357,358,12739
p14,2020-01-19,1048,360,9177
p14,2020-01-20,1240,284,9352
p14,2020-01-21,1359,359,12049
p14,2020-01-22,1367,304,11500
p14,2020-01-23,1402,348,11372
p14,2020-01-24,1297,360,10275
p14,2020-01-25,1331,359,10870
p14,2020-01-26,1335,360,10777
p14,2020-01-27,1360,311,10297
p14,2020-01-28,1232,356,10634
p14,2020-01-29,520,0,4185
p14,2020-01-30,621,0,6360
p14,2020-01-31,884,0,6646
p14,2020-02-01,682,0,5261
p14,2020-02-02,1284,360,10032
p14,2020-02-03,1214,357,9616
p14,2020-02-04,1013,0,8973
p14,2020-02-05,1236,167,10147
p14,2020-02-06,1389,358,12251
p14,2020-02-07,1344,303,10692
p14,2020-02-08,1342,360,12209
p14,2020-02-09,1368,359,10687
p14,2020-02-10,1235,255,9265
p14,2020-02-11,1343,359,11416
p14,2020-02-12,1338,359,10423
p14,2020-02-13,970,162,7902
p14,2020-02-14,1084,10,9839
p14,2020-02-15,1224,359,9815
p14,2020-02-16,1016,0,8008
p14,2020-02-17,1337,359,10561
p14,2020-02-18,921,13,8802
p14,2020-02-19,1304,358,10124
p14,2020-02-20,1192,213,10136
p14,2020-02-21,613,218,5605
p14,2020-02-22,533,0,4775
p14,2020-02-23,1209,360,10072
p14,2020-02-24,1293,360,10204
p14,2020-02-25,1397,355,10916
p14,2020-02-26,1002,360,8646
p14,2020-02-27,1011,0,8125
p14,2020-02-28,1380,358,11986
p14,2020-02-29,1267,360,10586
p14,2020-03-01,270,270,2052
p14,2020-03-03,996,0,9441
p14,2020-03-04,1343,267,10407
p14,2020-03-05,422,360,3344
p14,2020-03-06,1019,0,8252
p14,2020-03-07,363,359,2704
p14,2020-03-08,1121,48,10364
p14,2020-03-09,1394,359,12061
p14,2020-03-10,1393,360,11084
p14,2020-03-11,1347,358,10645
p14,2020-03-12,418,358,3207
p14,2020-03-13,867,0,7273
p14,2020-03-14,1012,360,9799
p14,2020-03-15,482,0,4687
p14,2020-03-16,293,293,2376
p14,2020-03-17,588,0,5244
p14,2020-03-18,1316,359,10407
p14,2020-03-19,1203,301,10475
p14,2020-03-20,1017,27,7743
p14,2020-03-21,1139,360,10870
p14,2020-03-22,698,301,6080
p14,2020-03-23,961,0,7416
p14,2020-03-24,1202,246,10049
p14,2020-03-25,984,339,8263
p14,2020-03-26,1334,327,10381
p14,2020-03-27,1211,213,10053
p14,2020-03-28,719,196,5645
p14,2020-03-29,1000,200,10180
p14,2020-03-30,1003,325,7577
p14,2020-03-31,1105,138,9309
p15,2019-11-09,651,0,4772
p15,2019-11-10,1360,360,8561
p15,2019-11-11,1221,354,7479
p15,2019-11-12,1209,356,8866
p15,2019-11-13,1327,337,10175
p15,2019-11-14,1408,358,9583
p15,2019-11-15,1399,356,10710
p15,2019-11-16,1365,354,13065
p15,2019-11-17,1399,360,17547
p15,2019-11-18,1233,355,8821
p15,2019-11-19,1406,358,12523
p15,2019-11-20,1388,349,11768
p15,2019-11-21,1378,355,10169
p15,2019-11-22,1387,354,11883
p15,2019-11-23,1407,359,12170
p15,2019-11-24,1136,359,8693
p15,2019-11-25,1395,355,11543
p15,2019-11-26,1390,348,10580
p15,2019-11-27,1383,353,9379
p15,2019-11-28,1395,350,10896
p15,2019-11-29,1102,346,9211
p15,2019-11-30,1390,354,11192
p15,2019-12-01,1404,352,11546
p15,2019-12-02,1414,357,11411
p15,2019-12-03,1415,358,11312
p15,2019-12-04,1387,358,9908
p15,2019-12-05,1416,358,10091
p15,2019-12-06,1334,358,10472
p15,2019-12-07,1362,356,10798
p15,2019-12-08,1398,360,11062
p15,2019-12-09,1385,356,9563
p15,2019-12-10,1408,349,11065
p15,2019-12-11,1312,359,9802
p15,2019-12-12,1407,360,10932
p15,2019-12-13,1153,357,7654
p15,2019-12-14,1393,357,23876
p15,2019-12-15,1391,360,11188
p15,2019-12-16,1372,359,11839
p15,2019-12-17,1323,356,14064
p15,2019-12-18,1363,360,15999
p15,2019-12-19,1385,357,10056
p15,2019-12-20,1094,357,10605
p15,2019-12-21,1383,356,11328
p15,2019-12-22,1392,354,11997
p15,2019-12-23,1325,354,12093
p15,2019-12-24,1383,359,9408
p15,2019-12-25,1395,354,12704
p15,2019-12-26,1387,357,10566
p15,2019-12-27,1383,349,12129
p15,2019-12-28,1353,349,9326
p15,2019-12-29,1120,353,8998
p15,2019-12-30,1389,358,12084
p15,2019-12-31,1384,348,11876
p15,2020-01-01,1402,359,12498
p15,2020-01-02,1387,359,9765
p15,2020-01-03,1396,356,10756
p15,2020-01-04,1383,345,9241
p15,2020-01-05,1276,348,11102
p15,2020-01-06,1382,347,12467
p15,2020-01-07,1356,357,10181
p15,2020-01-08,1387,353,11953
p15,2020-01-09,1399,356,10196
p15,2020-01-10,1401,352,10970
p15,2020-01-11,1387,354,11927
p15,2020-01-12,1402,354,12002
p15,2020-01-13,1161,356,10644
p15,2020-01-14,1393,354,11488
p15,2020-01-15,1372,357,11032
p15,2020-01-16,1373,352,12044
p15,2020-01-17,1405,360,10879
p15,2020-01-18,1417,357,12149
p15,2020-01-19,1311,357,10934
p15,2020-01-20,1340,357,11069
p15,2020-01-21,1396,360,11792
p15,2020-01-22,1403,354,11814
p15,2020-01-23,1379,352,10648
p15,2020-01-24,1405,357,9948
p15,2020-01-25,1407,355,10288
p15,2020-01-26,1400,355,12455
p15,2020-01-27,1311,353,11272
p15,2020-01-28,1389,354,11320
p15,2020-01-29,1376,345,11372
p15,2020-01-30,1379,349,11105
p15,2020-01-31,1381,355,11034
p15,2020-02-01,1290,355,10609
p15,2020-02-02,1360,358,11435
p15,2020-02-03,1338,353,8342
p15,2020-02-04,1333,351,11961
p15,2020-02-05,1297,348,7650
p15,2020-02-06,1280,344,11202
p15,2020-02-07,1390,357,12579
p15,2020-02-08,1368,356,9512
p15,2020-02-09,1324,352,10851
p15,2020-02-10,1315,348,8058
p15,2020-02-11,1368,357,8750
p15,2020-02-12,1317,352,8085
p15,2020-02-13,1239,358,7821
p15,2020-02-14,1295,355,8027
p15,2020-02-15,1372,358,11316
p15,2020-02-16,1295,358,7686
p15,2020-02-17,1368,358,10673
p15,2020-02-18,1318,350,10945
p15,2020-02-19,1375,360,10930
p15,2020-02-20,1295,354,9611
p15,2020-02-21,1339,354,11347
p15,2020-02-22,1375,356,10705
p15,2020-02-23,1362,359,11821
p15,2020-02-24,1345,355,8266
p15,2020-02-25,1309,355,7861
p15,2020-02-26,1338,356,8089
p15,2020-02-27,1188,349,7270
p15,2020-02-28,1341,359,8164
p15,2020-02-29,1348,355,11453
p15,2020-03-01,1351,349,11366
p15,2020-03-02,1309,347,8761
p15,2020-03-03,1370,349,9634
p15,2020-03-04,1394,356,9466
p15,2020-03-05,1352,332,11027
p15,2020-03-06,1308,346,12369
p15,2020-03-07,1360,339,8995
p15,2020-03-08,1353,340,9122
p15,2020-03-09,1388,356,9510
p15,2020-03-10,1380,348,9118
p15,2020-03-11,1185,345,7710
p15,2020-03-12,1342,359,8516
p15,2020-03-13,1412,360,12183
p15,2020-03-14,1417,360,13087
p15,2020-03-15,1422,360,10475
p15,2020-03-16,1423,360,20279
p15,2020-03-17,1419,360,20620
p15,2020-03-18,1415,359,13697
p15,2020-03-19,1223,356,16885
p15,2020-03-20,1422,359,12579
p15,2020-03-21,1315,356,9778
p15,2020-03-22,1411,360,12494
p15,2020-03-23,1410,360,10044
p15,2020-03-24,1402,360,11141
p15,2020-03-25,1416,354,9881
p15,2020-03-26,1041,359,7195
p15,2020-03-27,1426,360,10314
p15,2020-03-28,1402,357,12280
p15,2020-03-29,1407,360,9957
p15,2020-03-30,1410,358,12270
p15,2020-03-31,1409,360,9569
p16,2019-11-01,1333,284,9226
p16,2019-11-02,1257,290,8932
p16,2019-11-03,1123,247,8226
p16,2019-11-04,1077,342,7547
p16,2019-11-05,1133,194,8025
p16,2019-11-06,1228,300,8833
p16,2019-11-07,1342,356,9321
p16,2019-11-08,1371,355,9600
p16,2019-11-09,1200,359,7986
p16,2019-11-10,966,204,6842
p16,2019-11-11,956,358,6727
p16,2019-11-12,1119,358,7707
p16,2019-11-13,1128,307,8095
p16,2019-11-14,1179,254,8503
p16,2019-11-15,1278,292,8702
p16,2019-11-16,1307,313,9036
p16,2019-11-17,1231,283,8345
p16,2019-11-18,1312,268,9222
p16,2019-11-19,1306,234,9522
p16,2019-11-20,1230,283,8858
p16,2019-11-21,1290,313,8812
p16,2019-11-22,1223,312,8402
p16,2019-11-23,1265,290,8925
p16,2019-11-24,1215,274,8327
p16,2019-11-25,1266,286,8481
p16,2019-11-26,1270,285,8845
p16,2019-11-27,1276,272,9015
p16,2019-11-28,1162,214,7756
p16,2019-11-29,1280,358,8627
p16,2019-11-30,1248,305,8614
p16,2019-12-01,1257,301,8167
p16,2019-12-02,1269,278,8802
p16,2019-12-03,1165,227,7814
p16,2019-12-04,1236,263,8270
p16,2019-12-05,1293,274,8624
p16,2019-12-06,1250,289,8601
p16,2019-12-07,1074,101,7407
p16,2019-12-08,1217,285,8770
p16,2019-12-09,1107,315,7612
p16,2019-12-10,1344,269,9517
p16,2019-12-11,1217,237,8690
p16,2019-12-12,1212,297,8842
p16,2019-12-13,985,259,7054
p16,2019-12-14,1411,356,9824
p16,2019-12-15,1375,302,9702
p16,2019-12-16,1161,297,8151
p16,2019-12-17,1426,354,9852
p16,2019-12-18,1407,356,9863
p16,2019-12-19,1248,246,8671
p16,2019-12-20,1350,300,9488
p16,2019-12-21,1429,355,10249
p16,2019-12-22,1431,360,10165
p16,2019-12-23,1361,305,9234
p16,2019-12-24,1428,358,9748
p16,2019-12-25,1294,349,8958
p16,2019-12-26,1432,357,9673
p16,2019-12-27,1410,349,9556
p16,2019-12-28,1413,352,9389
p16,2019-12-29,1405,360,9378
p16,2019-12-30,1375,304,9590
p16,2019-12-31,1282,305,9059
p16,2020-01-01,1433,360,10990
p16,2020-01-02,1266,222,8744
p16,2020-01-03,1323,255,9338
p16,2020-01-04,1188,243,7970
p16,2020-01-05,1245,296,8679
p16,2020-01-06,1007,295,6947
p16,2020-01-07,1251,309,8906
p16,2020-01-08,1362,308,9627
p16,2020-01-09,1323,300,9429
p16,2020-01-10,1311,298,9219
p16,2020-01-11,1297,275,9439
p16,2020-01-12,1168,95,8023
p16,2020-01-13,1292,294,9056
p16,2020-01-14,1312,296,9008
p16,2020-01-15,1304,285,9037
p16,2020-01-16,1306,317,9267
p16,2020-01-17,1269,303,9369
p16,2020-01-18,1185,156,8762
p16,2020-01-19,1324,325,9513
p16,2020-01-20,1274,277,8910
p16,2020-01-21,1346,295,9337
p16,2020-01-22,1282,257,9231
p16,2020-01-23,1266,260,9056
p16,2020-01-24,1336,262,9423
p16,2020-01-25,1377,308,9715
p16,2020-01-26,1352,292,9651
p16,2020-01-27,1276,292,9025
p16,2020-01-28,1371,315,9385
p16,2020-01-29,1211,141,8064
p16,2020-01-30,1324,275,9142
p16,2020-01-31,1250,261,8629
p16,2020-02-01,1255,261,8819
p16,2020-02-02,1291,304,8850
p16,2020-02-03,1429,356,10216
p16,2020-02-04,1036,280,7110
p16,2020-02-05,1299,303,10339
p16,2020-02-06,1342,358,10678
p16,2020-02-07,1269,259,10021
p16,2020-02-08,1342,289,10518
p16,2020-02-09,1371,356,11170
p16,2020-02-10,528,356,4383
p16,2020-02-11,1412,358,10838
p16,2020-02-12,1293,216,10438
p16,2020-02-13,1353,290,10891
p16,2020-02-14,1276,232,10106
p16,2020-02-15,1244,247,9991
p16,2020-02-16,1170,268,9118
p16,2020-02-17,1078,65,8102
p16,2020-02-18,1266,321,9993
p16,2020-02-19,1241,249,9249
p16,2020-02-20,1354,284,10237
p16,2020-02-21,1265,267,9683
p16,2020-02-22,1317,261,10114
p16,2020-02-23,931,278,7234
p16,2020-02-24,1243,166,9394
p16,2020-02-25,1341,296,10665
p16,2020-02-26,1047,110,7853
p16,2020-02-27,1124,215,8563
p16,2020-02-28,1243,280,9707
p16,2020-02-29,1159,133,9052
p16,2020-03-01,518,68,4219
p16,2020-03-02,1332,258,10595
p16,2020-03-03,1239,234,9656
p16,2020-03-04,1177,280,9682
p16,2020-03-05,1311,348,10578
p16,2020-03-06,1272,357,9804
p16,2020-03-07,888,267,6649
p16,2020-03-08,1353,332,10753
p16,2020-03-09,1103,305,8852
p16,2020-03-10,1174,224,9768
p16,2020-03-11,1302,295,10254
p16,2020-03-12,1252,309,9885
p16,2020-03-13,1259,264,9508
p16,2020-03-14,1065,359,8436
p16,2020-03-15,1372,360,10997
p16,2020-03-16,1380,360,10845
p16,2020-03-17,1368,360,10989
p16,2020-03-18,1368,357,10879
p16,2020-03-19,1233,296,9594
p16,2020-03-20,1379,360,10844
p16,2020-03-21,1335,360,10551
p16,2020-03-22,1298,318,10175
p16,2020-03-23,1419,359,11480
p16,2020-03-24,1398,328,11014
p16,2020-03-25,1436,358,11593
p16,2020-03-26,1026,358,7987
p16,2020-03-27,1369,302,11127
p16,2020-03-28,1431,358,11397
p16,2020-03-29,1347,291,10538
p16,2020-03-30,1349,272,10457
p16,2020-03-31,1345,290,10596
