user_id,date,sleep_minutes,sleep_start,time_in_bed_minutes,sleep_end,sleep_type,sleep_efficiency,wake_minutes,wake_pct,rem_pct,deep_pct,sleep_hr_mean,sleep_score,resting_hr,steps,active_minutes,light_minutes,sedentary_minutes,cardio_peak_minutes,wear_minutes,wear_minutes_day,mood,fatigue,sleep_quality,stress,survey_at
p06,2019-11-01,,,,,,,,,,,,,,411,0,18,1422,0,258,258,,,,,
p06,2019-11-02,483,2019-11-01T23:10:00,530,2019-11-02T08:00:30,stages,98,47,8.86792,18.8406,22.7743,47.3774,,,21036,121,245,544,36,1386,1045,4,3,4,4,2019-11-02T07:06:10.016000+00:00
p06,2019-11-03,325,2019-11-03T01:42:00,363,2019-11-03T07:45:30,stages,95,38,10.4683,12.6154,20,50.164,69,47,5840,53,204,820,1,1400,1053,3,2,3,4,2019-11-03T07:51:12.635000+00:00
p06,2019-11-04,391,2019-11-03T23:10:00,429,2019-11-04T06:19:30,stages,97,38,8.85781,13.2992,19.4373,55.2658,74,49,16483,87,319,605,42,1342,985,4,3,4,2,2019-11-04T08:35:36.629000+00:00
p06,2019-11-05,394,2019-11-04T22:57:00,423,2019-11-05T06:00:00,stages,98,29,6.85579,20.0508,12.1827,55.2592,80,50,22329,235,280,502,43,1392,1048,4,3,4,4,2019-11-05T05:21:49.818000+00:00
p06,2019-11-06,423,2019-11-05T22:44:30,465,2019-11-06T06:30:00,stages,97,42,9.03226,11.1111,14.4208,49.2917,83,50,13092,96,381,498,5,1409,1058,4,3,4,3,2019-11-06T05:47:33.912000+00:00
p06,2019-11-07,379,2019-11-06T23:14:00,417,2019-11-07T06:11:00,stages,99,38,9.11271,16.6227,29.8153,47.2657,83,49,17737,121,434,468,0,1414,1060,4,4,4,4,2019-11-07T07:45:20.699000+00:00
p06,2019-11-08,372,2019-11-07T23:27:00,408,2019-11-08T06:15:00,stages,98,36,8.82353,18.8172,18.8172,54.4584,75,48,18728,147,429,456,12,1400,1047,4,3,2,2,2019-11-08T06:48:15.242000+00:00
p06,2019-11-09,337,2019-11-08T23:28:30,369,2019-11-09T05:37:30,stages,97,32,8.67209,17.5074,27.8932,49.1392,79,49,6732,0,249,720,0,1399,1051,3,2,2,2,2019-11-09T07:09:13.821000+00:00
p06,2019-11-10,157,2019-11-09T22:18:00,175,2019-11-10T01:13:30,classic,95,9,,,,55.2533,,,6761,0,265,943,0,1353,1000,4,2,2,4,2019-11-10T17:20:32.378000+00:00
p06,2019-11-11,487,2019-11-10T19:20:30,592,2019-11-11T05:12:30,stages,90,105,17.7365,15.8111,24.4353,51.6361,82,49,13981,51,289,508,33,1395,1064,4,3,3,4,2019-11-11T10:14:16.863000+00:00
p06,2019-11-12,407,2019-11-11T21:23:00,452,2019-11-12T04:55:30,stages,98,45,9.95575,25.5528,23.3415,58.2829,79,48,17504,73,312,603,32,1422,1063,4,3,4,4,2019-11-12T11:08:34.473000+00:00
p06,2019-11-13,458,2019-11-12T20:54:00,493,2019-11-13T05:07:30,stages,100,35,7.09939,26.4192,17.2489,56.5573,84,49,15675,85,282,580,29,1408,1057,3,3,4,4,2019-11-13T10:31:13.424000+00:00
p06,2019-11-14,339,2019-11-13T21:46:00,367,2019-11-14T03:53:30,stages,99,28,7.62943,22.1239,20.059,57.616,74,49,19704,96,292,613,29,1403,1052,3,2,3,3,2019-11-14T12:14:51.420000+00:00
p06,2019-11-15,398,2019-11-14T22:33:00,439,2019-11-15T05:52:00,stages,97,41,9.33941,28.392,22.1106,58.3433,82,48,10308,11,334,656,0,1414,1059,3,2,4,3,2019-11-15T12:03:31.014000+00:00
p06,2019-11-16,371,2019-11-15T23:50:30,431,2019-11-16T07:02:00,stages,94,60,13.9211,20.7547,19.9461,55.8065,77,48,20966,110,230,669,33,1417,1068,4,3,2,4,2019-11-16T12:15:17.641000+00:00
p06,2019-11-17,511,2019-11-16T21:55:00,636,2019-11-17T08:31:30,stages,92,125,19.6541,9.98043,21.5264,52.7518,77,48,11738,58,232,514,21,1289,930,4,3,2,4,2019-11-17T14:41:18.738000+00:00
p06,2019-11-18,423,2019-11-17T22:47:00,470,2019-11-18T06:37:30,stages,99,47,10,14.6572,18.6761,58.0494,79,47,17916,87,316,567,12,1424,1069,4,3,4,4,2019-11-18T12:20:08.415000+00:00
p06,2019-11-19,433,2019-11-18T22:50:30,510,2019-11-19T07:20:30,stages,94,77,15.098,14.0878,16.8591,57.2166,76,47,9460,0,296,634,0,1404,1053,4,3,3,4,2019-11-19T13:19:23.188000+00:00
p06,2019-11-20,364,2019-11-20T00:59:30,418,2019-11-20T07:57:30,stages,98,54,12.9187,14.011,19.5055,56.4773,67,47,16304,100,287,635,40,1409,1056,4,3,4,4,2019-11-20T12:57:53.430000+00:00
p06,2019-11-21,436,2019-11-20T23:24:00,476,2019-11-21T07:20:30,stages,98,40,8.40336,21.789,20.4128,58.7943,86,49,8133,27,231,706,0,1402,1060,4,3,4,4,2019-11-21T12:22:01.147000+00:00
p06,2019-11-22,427,2019-11-21T23:16:30,480,2019-11-22T07:16:30,stages,98,53,11.0417,23.8876,10.7728,56.8026,84,49,7391,9,189,762,0,1409,1060,5,3,4,3,2019-11-22T12:17:24.647000+00:00
p06,2019-11-23,166,2019-11-23T09:44:00,192,2019-11-23T12:56:00,stages,94,26,13.5417,12.6506,13.253,52.2185,66,49,6690,0,263,985,0,1385,1039,3,1,2,2,2019-11-23T12:21:04.790000+00:00
p06,2019-11-24,305,2019-11-24T05:38:00,350,2019-11-24T11:28:00,stages,96,45,12.8571,15.082,11.1475,48.4388,77,47,14428,101,138,634,29,1270,926,3,2,2,2,2019-11-24T12:48:39.717000+00:00
p06,2019-11-25,,,,,,,,,,,,,,9446,62,312,899,9,1371,1031,4,1,3,2,2019-11-25T08:03:33.905000+00:00
p06,2019-11-26,168,2019-11-25T21:04:00,197,2019-11-26T00:21:00,stages,95,29,14.7208,11.9048,11.3095,53.6325,65,50,14819,0,493,655,0,1377,1035,4,1,3,2,2019-11-26T08:03:32.945000+00:00
p06,2019-11-27,256,2019-11-27T02:56:30,292,2019-11-27T07:48:30,stages,100,36,12.3288,9.76562,12.5,53.3119,67,51,11558,30,382,736,0,1397,1045,4,2,2,2,2019-11-27T10:05:42.617000+00:00
p06,2019-11-28,433,2019-11-27T21:44:00,482,2019-11-28T05:46:30,stages,97,49,10.166,21.4781,25.1732,48.4002,88,51,14498,92,383,483,10,1398,1056,4,3,4,2,2019-11-28T04:47:26.262000+00:00
p06,2019-11-29,227,2019-11-29T01:43:30,280,2019-11-29T06:24:00,stages,96,53,18.9286,15.859,16.2996,55.0682,71,49,18461,118,389,653,17,1392,1043,4,2,3,2,2019-11-29T05:48:59.670000+00:00
p06,2019-11-30,442,2019-11-30T00:25:00,482,2019-11-30T08:27:30,stages,100,40,8.29876,33.0317,12.8959,46.4184,87,49,12564,28,286,644,21,1357,1005,4,3,4,4,2019-11-30T07:40:25.543000+00:00
p06,2019-12-01,439,2019-12-01T00:55:30,482,2019-12-01T08:57:30,stages,98,43,8.92116,28.246,23.0068,47.2494,87,49,10273,65,256,637,30,1397,1049,4,3,4,2,2019-12-01T07:59:12.124000+00:00
p06,2019-12-02,323,2019-12-02T00:17:00,361,2019-12-02T06:18:30,stages,97,38,10.5263,15.4799,14.5511,52.4203,71,48,16083,44,418,617,18,1353,998,4,2,3,3,2019-12-02T05:21:02.943000+00:00
p06,2019-12-03,329,2019-12-02T23:58:30,372,2019-12-03T06:11:00,stages,97,43,11.5591,25.5319,9.72644,52.1799,78,49,17480,125,324,619,4,1283,942,4,3,4,3,2019-12-03T06:13:14.463000+00:00
p06,2019-12-04,313,2019-12-04T00:12:00,364,2019-12-04T06:16:30,stages,97,51,14.011,15.3355,15.3355,49.0721,73,49,15580,71,303,702,32,1385,1028,3,2,2,3,2019-12-04T05:17:24.185000+00:00
p06,2019-12-05,376,2019-12-04T23:28:00,419,2019-12-05T06:27:30,stages,96,43,10.2625,11.9681,19.4149,52.4285,72,47,16724,114,342,565,18,1419,1060,4,3,4,3,2019-12-05T08:00:44.527000+00:00
p06,2019-12-06,392,2019-12-05T23:04:30,419,2019-12-06T06:04:00,stages,99,27,6.44391,18.1122,21.9388,49.6207,84,49,15567,125,313,583,14,1383,1036,4,3,3,3,2019-12-06T06:40:30.643000+00:00
p06,2019-12-07,462,2019-12-07T00:23:00,516,2019-12-07T08:59:30,stages,96,54,10.4651,30.0866,22.9437,49.3597,83,48,5831,13,233,678,0,1406,1053,4,3,4,2,2019-12-07T08:00:47.900000+00:00
p06,2019-12-08,369,2019-12-08T00:29:00,413,2019-12-08T07:22:30,stages,99,44,10.6538,12.7371,18.1572,49.9692,75,48,11579,47,231,749,37,1321,961,4,3,4,2,2019-12-08T06:23:36.090000+00:00
p06,2019-12-09,317,2019-12-08T23:40:00,357,2019-12-09T05:37:30,stages,99,40,11.2045,9.77918,23.9748,51.4837,70,49,22656,70,447,566,44,1440,1080,4,3,3,3,2019-12-09T08:00:20.825000+00:00
p06,2019-12-10,358,2019-12-09T23:33:00,389,2019-12-10T06:02:00,stages,97,31,7.96915,25.1397,26.8156,50.6587,83,49,19470,163,347,541,12,1422,1069,4,3,4,2,2019-12-10T06:25:48.619000+00:00
p06,2019-12-11,321,2019-12-10T23:52:30,366,2019-12-11T05:58:30,stages,97,45,12.2951,13.0841,20.8723,52.448,73,50,18762,86,423,565,6,1430,1070,4,2,2,2,2019-12-11T05:24:37.507000+00:00
p06,2019-12-12,362,2019-12-11T23:31:00,406,2019-12-12T06:17:30,stages,98,44,10.8374,14.9171,17.6796,51.1521,78,50,18545,166,325,543,7,1422,1063,4,2,3,2,2019-12-12T06:04:17.886000+00:00
p06,2019-12-13,352,2019-12-12T23:41:30,386,2019-12-13T06:07:30,stages,99,34,8.80829,13.0682,27.2727,50.3235,77,50,20325,141,378,535,4,1425,1070,4,3,3,2,2019-12-13T06:54:23.294000+00:00
p06,2019-12-14,365,2019-12-14T00:13:00,401,2019-12-14T06:54:00,stages,98,36,8.97756,19.1781,20.8219,53.7974,76,49,10382,32,396,611,2,1342,982,4,3,4,2,2019-12-14T07:36:16.738000+00:00
p06,2019-12-15,247,2019-12-15T04:02:00,277,2019-12-15T08:39:30,stages,97,30,10.8303,25.1012,20.6478,59.5981,65,52,4724,0,257,796,0,1436,1076,4,2,3,4,2019-12-15T09:36:01.130000+00:00
p06,2019-12-16,481,2019-12-15T21:16:30,524,2019-12-16T06:01:00,stages,96,43,8.20611,20.79,11.0187,52.9461,90,54,19651,178,319,419,10,1437,1077,4,2,4,3,2019-12-16T05:12:07.018000+00:00
p06,2019-12-17,341,2019-12-16T23:24:00,396,2019-12-17T06:00:30,stages,97,55,13.8889,24.6334,30.7918,52.2248,80,53,20030,217,263,564,9,1431,1073,4,3,2,3,2019-12-17T05:02:02.310000+00:00
p06,2019-12-18,341,2019-12-17T23:42:00,397,2019-12-18T06:19:30,stages,99,56,14.1058,20.2346,12.9032,50.2777,79,52,17962,177,292,574,4,1432,1072,4,2,2,2,2019-12-18T08:00:17.907000+00:00
p06,2019-12-19,327,2019-12-18T23:47:00,374,2019-12-19T06:01:30,stages,99,47,12.5668,21.1009,15.9021,51.8016,77,50,19380,64,467,535,1,1412,1054,4,3,2,2,2019-12-19T07:24:34.202000+00:00
p06,2019-12-20,336,2019-12-19T23:49:30,383,2019-12-20T06:13:00,stages,96,47,12.2715,19.0476,25,53.8722,74,50,23042,289,280,488,24,1425,1067,4,2,2,2,2019-12-20T07:24:08.269000+00:00
p06,2019-12-21,476,2019-12-20T23:19:30,517,2019-12-21T07:56:30,stages,99,41,7.93037,19.958,22.479,48.9484,86,51,5683,11,244,668,0,1378,1019,4,2,4,3,2019-12-21T06:58:30.306000+00:00
p06,2019-12-22,418,2019-12-21T23:23:30,478,2019-12-22T07:21:30,stages,97,60,12.5523,13.6364,25.5981,50.0459,76,51,13713,61,265,636,29,1428,1068,4,3,4,4,2019-12-22T06:23:21.413000+00:00
p06,2019-12-23,398,2019-12-22T23:57:30,473,2019-12-23T07:50:30,stages,90,75,15.8562,16.0804,25.6281,50.4564,71,50,15738,125,273,569,0,1425,1068,4,2,2,3,2019-12-23T06:51:48.691000+00:00
p06,2019-12-24,397,2019-12-23T23:50:30,444,2019-12-24T07:15:00,stages,97,47,10.5856,14.8615,18.6398,49.6864,78,50,10771,52,253,691,25,1411,1053,4,3,4,4,2019-12-24T07:22:36.776000+00:00
p06,2019-12-25,379,2019-12-25T00:52:00,418,2019-12-25T07:50:30,stages,97,39,9.33014,25.066,17.1504,51.6006,77,51,4737,0,290,732,0,1431,1071,,,,,
p06,2019-12-26,487,2019-12-26T00:24:00,552,2019-12-26T09:36:30,stages,95,65,11.7754,18.2752,16.8378,51.676,83,51,2414,0,147,741,0,1283,928,4,3,4,4,2019-12-26T08:37:22.007000+00:00
p06,2019-12-27,336,2019-12-27T00:31:00,369,2019-12-27T06:40:00,stages,96,33,8.94309,15.7738,22.0238,54.5553,73,51,13570,80,332,659,0,1435,1076,4,2,3,2,2019-12-27T09:30:13.791000+00:00
p06,2019-12-28,489,2019-12-27T23:41:00,543,2019-12-28T08:44:30,stages,99,54,9.94475,27.8119,17.5869,49.2466,91,52,3778,10,137,681,0,1437,1077,4,3,4,4,2019-12-28T08:01:43.734000+00:00
p06,2019-12-29,433,2019-12-29T00:54:30,481,2019-12-29T08:56:00,stages,98,48,9.97921,20.0924,19.3995,50.662,82,51,8291,44,195,720,0,1436,1077,3,3,4,3,2019-12-29T10:35:11.515000+00:00
p06,2019-12-30,332,2019-12-30T00:20:00,374,2019-12-30T06:34:30,stages,95,42,11.2299,15.6627,18.9759,55.9098,74,51,12068,53,349,664,6,1434,1074,4,2,2,3,2019-12-30T07:55:10.185000+00:00
p06,2019-12-31,302,2019-12-31T00:53:30,333,2019-12-31T06:26:30,stages,99,31,9.30931,25.4967,26.8212,51.8628,78,51,8574,24,302,781,0,1434,1076,4,2,3,3,2019-12-31T06:34:03.946000+00:00
p06,2020-01-01,373,2020-01-01T01:24:00,404,2020-01-01T08:08:00,stages,99,31,7.67327,13.941,17.4263,52.2461,75,51,3786,0,225,811,0,1368,1008,3,2,2,2,2020-01-01T12:40:27.752000+00:00
p06,2020-01-02,338,2020-01-02T00:07:00,366,2020-01-02T06:13:30,stages,98,28,7.65027,15.6805,20.1183,55.465,75,52,16366,87,359,628,33,1434,1074,4,3,3,3,2020-01-02T07:41:29.772000+00:00
p06,2020-01-03,364,2020-01-02T23:12:00,410,2020-01-03T06:02:30,stages,98,46,11.2195,25.2747,18.956,55.8129,75,52,21206,129,337,500,51,1435,1075,4,3,3,4,2020-01-03T08:47:53.943000+00:00
p06,2020-01-04,339,2020-01-04T02:02:00,371,2020-01-04T08:13:30,stages,98,32,8.62534,16.2242,21.8289,53.4481,78,54,5505,0,261,808,0,1367,1008,4,3,3,3,2020-01-04T14:36:29.560000+00:00
p06,2020-01-05,398,2020-01-05T00:39:00,424,2020-01-05T07:43:30,stages,98,26,6.13208,16.8342,24.6231,54.3358,80,54,9205,43,218,755,21,1433,1073,4,3,4,3,2020-01-05T08:06:26.053000+00:00
p06,2020-01-06,360,2020-01-06T00:16:00,393,2020-01-06T06:49:30,stages,99,33,8.39695,21.1111,22.7778,60.9708,84,54,16698,75,364,608,42,1428,1068,4,3,3,4,2020-01-06T06:55:20.296000+00:00
p06,2020-01-07,301,2020-01-07T00:52:00,332,2020-01-07T06:24:30,stages,98,31,9.33735,13.289,21.5947,55.5715,75,53,22046,158,353,597,46,1432,1074,4,2,2,4,2020-01-07T07:19:16.115000+00:00
p06,2020-01-08,322,2020-01-08T00:34:30,358,2020-01-08T06:33:00,stages,96,36,10.0559,17.0807,25.4658,55.5259,78,52,11875,69,349,664,9,1429,1071,4,2,2,3,2020-01-08T06:48:58.455000+00:00
p06,2020-01-09,368,2020-01-08T23:32:00,403,2020-01-09T06:15:30,stages,97,35,8.68486,16.5761,22.0109,49.9823,81,51,12677,36,394,607,3,1375,1015,4,2,3,3,2020-01-09T06:43:50.734000+00:00
p06,2020-01-10,330,2020-01-10T00:28:30,373,2020-01-10T06:42:00,stages,99,43,11.5282,19.697,22.7273,55.6822,77,50,14740,168,303,596,6,1428,1071,4,2,3,3,2020-01-10T08:00:26.591000+00:00
p06,2020-01-11,472,2020-01-10T23:29:30,517,2020-01-11T08:06:30,stages,99,45,8.70406,18.6441,22.8814,46.7177,88,51,6356,9,269,645,0,1434,1074,3,2,3,3,2020-01-11T07:48:37.521000+00:00
p06,2020-01-12,416,2020-01-11T23:49:00,471,2020-01-12T07:40:00,stages,98,55,11.6773,13.2212,20.4327,48.2405,76,49,8220,49,293,627,3,1433,1073,4,3,3,4,2020-01-12T10:29:57.523000+00:00
p06,2020-01-13,353,2020-01-12T23:54:00,400,2020-01-13T06:34:30,stages,99,47,11.75,13.5977,20.9632,55.0854,70,49,11225,50,350,640,5,1431,1075,4,3,3,3,2020-01-13T08:00:31.737000+00:00
p06,2020-01-14,349,2020-01-14T00:05:00,379,2020-01-14T06:24:00,stages,99,30,7.91557,17.4785,10.3152,54.5773,77,50,23909,202,299,560,22,1294,936,4,3,3,2,2020-01-14T06:18:56.386000+00:00
p06,2020-01-15,316,2020-01-15T00:34:00,349,2020-01-15T06:23:00,stages,99,33,9.45559,24.3671,24.0506,51.8303,80,51,17218,124,378,589,2,1436,1078,4,3,3,3,2020-01-15T08:34:46.778000+00:00
p06,2020-01-16,350,2020-01-16T00:01:30,387,2020-01-16T06:29:00,stages,97,37,9.56072,14.5714,20.8571,54.3388,73,50,13471,60,410,583,4,1440,1080,4,3,3,3,2020-01-16T08:00:27.013000+00:00
p06,2020-01-17,363,2020-01-16T23:49:30,398,2020-01-17T06:27:30,stages,97,35,8.79397,32.5069,7.43802,52.3671,80,51,15080,132,362,548,3,1429,1071,4,3,3,3,2020-01-17T08:05:11.808000+00:00
p06,2020-01-18,445,2020-01-18T00:00:00,490,2020-01-18T08:10:30,stages,99,45,9.18367,18.2022,23.5955,51.6225,82,51,10668,38,271,641,4,1437,1077,4,2,3,3,2020-01-18T09:22:36.832000+00:00
p06,2020-01-19,390,2020-01-19T00:39:30,440,2020-01-19T07:59:30,stages,99,50,11.3636,21.0256,21.7949,55.7813,74,51,12767,84,254,662,4,1351,992,4,3,4,3,2020-01-19T08:18:51.269000+00:00
p06,2020-01-20,363,2020-01-19T23:58:00,398,2020-01-20T06:36:30,stages,99,35,8.79397,21.7631,12.9477,54.5943,82,52,12969,59,397,586,6,1436,1076,4,3,4,3,2020-01-20T08:00:18.707000+00:00
p06,2020-01-21,384,2020-01-20T23:21:30,437,2020-01-21T06:39:00,stages,100,53,12.1281,23.4375,20.5729,54.393,81,52,19587,162,349,492,3,1437,1078,4,3,3,3,2020-01-21T08:11:30.790000+00:00
p06,2020-01-22,354,2020-01-22T00:19:30,382,2020-01-22T06:42:00,stages,99,28,7.32984,14.1243,20.339,53.7443,78,52,12449,30,430,598,3,1431,1071,4,2,3,3,2020-01-22T07:26:55.798000+00:00
p06,2020-01-23,387,2020-01-22T22:58:00,427,2020-01-23T06:05:30,stages,99,40,9.36768,7.75194,17.8295,49.44,79,51,16912,58,481,474,1,1432,1072,4,3,4,3,2020-01-23T06:37:11.014000+00:00
p06,2020-01-24,419,2020-01-23T23:26:00,464,2020-01-24T07:10:30,stages,98,45,9.69828,24.3437,12.4105,50.553,84,51,11778,82,308,586,0,1435,1075,4,3,4,3,2020-01-24T09:36:14.583000+00:00
p06,2020-01-25,425,2020-01-25T00:42:00,468,2020-01-25T08:30:30,stages,100,43,9.18803,30.3529,20.2353,52.9362,83,51,12526,69,242,661,19,1293,935,4,3,4,4,2020-01-25T07:32:14.184000+00:00
p06,2020-01-26,375,2020-01-26T00:49:30,414,2020-01-26T07:44:00,stages,98,39,9.42029,23.4667,22.1333,54.9058,75,51,7724,46,236,744,1,1436,1076,4,3,3,3,2020-01-26T08:00:43.922000+00:00
p06,2020-01-27,358,2020-01-26T23:42:00,407,2020-01-27T06:29:30,stages,95,49,12.0393,22.3464,21.7877,52.7983,81,52,18901,79,434,520,29,1430,1072,4,3,4,3,2020-01-27T08:00:19.107000+00:00
p06,2020-01-28,348,2020-01-28T00:18:00,381,2020-01-28T06:39:00,stages,100,33,8.66142,27.0115,19.2529,53.9743,79,52,13924,71,267,721,8,1438,1080,4,3,2,3,2020-01-28T08:09:40.991000+00:00
p06,2020-01-29,331,2020-01-29T00:27:00,371,2020-01-29T06:38:30,stages,99,40,10.7817,29.9094,14.1994,55.9002,79,52,15027,57,442,570,3,1367,1007,4,2,2,3,2020-01-29T08:15:27.195000+00:00
p06,2020-01-30,402,2020-01-29T23:21:30,437,2020-01-30T06:38:30,stages,100,35,8.00915,21.393,20.6468,53.4828,85,52,19324,200,298,505,27,1433,1074,4,3,3,3,2020-01-30T08:48:25.031000+00:00
p06,2020-01-31,369,2020-01-30T23:40:00,408,2020-01-31T06:28:30,stages,98,39,9.55882,19.2412,20.5962,52.1202,84,51,20418,101,411,520,28,1438,1080,4,2,2,3,2020-01-31T07:03:11.136000+00:00
p06,2020-02-01,412,2020-02-01T00:12:00,455,2020-02-01T07:47:00,stages,100,43,9.45055,15.7767,21.1165,52.9038,77,50,6750,27,220,738,0,1427,1067,4,3,3,3,2020-02-01T08:02:16.734000+00:00
p06,2020-02-02,488,2020-02-01T23:52:00,529,2020-02-02T08:41:30,stages,97,41,7.75047,16.8033,23.7705,48.5883,90,51,10674,70,279,562,8,1434,1074,4,3,4,4,2020-02-02T08:17:53.205000+00:00
p06,2020-02-03,314,2020-02-03T00:17:00,368,2020-02-03T06:25:30,stages,98,54,14.6739,16.242,22.293,52.3396,76,50,14075,71,389,612,15,1435,1075,4,3,2,3,2020-02-03T08:59:24.399000+00:00
p06,2020-02-04,360,2020-02-04T00:01:00,392,2020-02-04T06:33:30,stages,99,32,8.16327,17.7778,24.7222,53.7107,84,50,15168,148,304,596,13,1250,890,4,3,4,3,2020-02-04T08:16:20.682000+00:00
p06,2020-02-05,304,2020-02-05T00:26:30,348,2020-02-05T06:14:30,stages,99,44,12.6437,12.8289,23.0263,55.2972,71,49,17656,138,331,623,18,1439,1079,4,2,3,2,2020-02-05T06:10:45.120000+00:00
p06,2020-02-06,404,2020-02-05T22:31:00,458,2020-02-06T06:09:30,stages,98,54,11.7904,12.3762,21.7822,51.1555,79,48,23201,161,441,380,44,1433,1073,4,3,3,3,2020-02-06T08:45:57.220000+00:00
p06,2020-02-07,348,2020-02-07T00:03:00,394,2020-02-07T06:37:00,stages,100,46,11.6751,20.4023,25.5747,53.4703,79,48,11461,115,284,647,5,1434,1074,4,2,2,2,2020-02-07T08:03:07.771000+00:00
p06,2020-02-08,439,2020-02-07T22:49:30,516,2020-02-08T07:26:00,stages,99,77,14.9225,25.2847,22.779,50.7929,80,48,6688,0,315,609,0,1437,1078,3,3,3,3,2020-02-08T08:08:29.816000+00:00
p06,2020-02-09,426,2020-02-08T23:35:30,482,2020-02-09T07:38:00,stages,97,56,11.6183,16.6667,19.0141,53.9266,76,48,11882,47,313,598,19,1353,994,4,3,4,3,2020-02-09T08:00:38.121000+00:00
p06,2020-02-10,326,2020-02-10T00:08:00,375,2020-02-10T06:23:30,stages,97,49,13.0667,23.3129,16.5644,52.3669,76,50,14296,87,379,599,17,1431,1073,,,,,
p06,2020-02-11,340,2020-02-10T23:57:30,367,2020-02-11T06:04:30,stages,100,27,7.35695,19.4118,18.2353,51.605,78,49,23778,162,382,529,40,1436,1077,4,3,4,3,2020-02-11T08:00:46.478000+00:00
p06,2020-02-12,368,2020-02-11T23:57:00,397,2020-02-12T06:34:00,stages,100,29,7.30479,16.8478,14.6739,51.4045,81,50,13367,31,421,591,2,1432,1073,4,3,4,3,2020-02-12T07:48:55.315000+00:00
p06,2020-02-13,340,2020-02-12T23:28:00,372,2020-02-13T05:40:00,stages,97,32,8.60215,26.7647,19.1176,48.9748,81,49,16553,52,458,558,0,1440,1080,4,3,3,3,2020-02-13T08:09:38.717000+00:00
p06,2020-02-14,419,2020-02-13T22:35:30,457,2020-02-14T06:13:00,stages,99,38,8.3151,28.1623,20.7637,51.438,83,49,15395,80,401,502,1,1433,1077,4,3,4,4,2020-02-14T08:55:12.780000+00:00
p06,2020-02-15,392,2020-02-15T01:04:30,427,2020-02-15T08:11:30,stages,100,35,8.19672,25.5102,13.0102,57.769,77,49,6220,0,278,735,0,1434,1076,4,3,2,3,2020-02-15T08:58:28.985000+00:00
p06,2020-02-16,473,2020-02-15T23:42:00,526,2020-02-16T08:28:30,stages,99,53,10.076,20.7188,19.4503,50.3424,89,51,9840,26,373,515,0,1385,1025,4,3,4,3,2020-02-16T08:00:20.286000+00:00
p06,2020-02-17,305,2020-02-17T00:39:00,339,2020-02-17T06:18:30,stages,100,34,10.0295,19.6721,13.4426,60.2884,74,50,16697,81,327,693,43,1435,1075,4,3,2,3,2020-02-17T08:21:26.526000+00:00
p06,2020-02-18,403,2020-02-17T23:11:30,442,2020-02-18T06:33:30,stages,99,39,8.82353,24.0695,20.8437,55.1568,83,49,18417,110,415,473,14,1432,1074,4,3,3,3,2020-02-18T05:35:12.518000+00:00
p06,2020-02-19,404,2020-02-18T23:11:00,437,2020-02-19T06:28:00,stages,97,33,7.55149,13.8614,21.7822,51.373,83,49,11235,62,297,644,13,1438,1078,4,2,2,3,2020-02-19T06:44:36.464000+00:00
p06,2020-02-20,340,2020-02-20T00:16:00,375,2020-02-20T06:31:30,stages,100,35,9.33333,16.7647,24.1176,53.9876,78,48,14733,85,369,611,15,1372,1014,4,2,4,3,2020-02-20T08:00:35.182000+00:00
p06,2020-02-21,373,2020-02-20T23:36:30,407,2020-02-21T06:24:00,stages,98,34,8.35381,12.6005,26.2735,53.4395,77,48,21907,196,324,513,52,1429,1069,4,3,4,3,2020-02-21T08:00:51.619000+00:00
p06,2020-02-22,423,2020-02-21T23:41:00,476,2020-02-22T07:37:00,stages,100,53,11.1345,17.4941,23.6407,51.6882,78,48,11523,56,323,585,1,1439,1079,4,3,4,3,2020-02-22T08:03:14.236000+00:00
p06,2020-02-23,364,2020-02-23T00:48:00,401,2020-02-23T07:29:00,stages,98,37,9.22693,15.9341,19.5055,51.159,76,49,10247,32,353,654,1,1436,1077,4,3,4,3,2020-02-23T08:00:24.078000+00:00
p06,2020-02-24,385,2020-02-23T23:25:00,415,2020-02-24T06:20:30,stages,98,30,7.22892,16.3636,20.7792,51.6257,83,50,18858,82,377,566,31,1436,1076,4,3,4,3,2020-02-24T05:59:30.598000+00:00
p06,2020-02-25,431,2020-02-24T22:20:59.999999999,482,2020-02-25T06:23:30,stages,99,51,10.5809,15.3132,10.2088,50.82,82,49,13538,135,268,555,19,1357,1000,4,3,4,3,2020-02-25T09:47:56.599000+00:00
p06,2020-02-26,398,2020-02-25T22:53:00,469,2020-02-26T06:42:00,stages,97,71,15.1386,18.593,21.608,54.471,85,50,17659,88,359,524,54,1435,1075,4,3,2,3,2020-02-26T06:49:35.768000+00:00
p06,2020-02-27,358,2020-02-26T23:35:00,399,2020-02-27T06:14:30,stages,96,41,10.2757,14.8045,27.6536,56.6876,79,50,20871,79,441,521,40,1435,1077,4,3,2,3,2020-02-27T06:24:55.748000+00:00
p06,2020-02-28,324,2020-02-27T23:53:00,360,2020-02-28T05:53:30,stages,97,36,10,22.8395,18.8272,47.1934,81,50,14736,40,497,543,2,1434,1075,4,2,2,3,2020-02-28T07:05:18.102000+00:00
p06,2020-02-29,364,2020-02-29T00:56:30,414,2020-02-29T07:50:30,stages,97,50,12.0773,16.4835,25.8242,50.0162,75,48,8254,86,192,675,0,1435,1076,4,2,2,3,2020-02-29T08:00:19.421000+00:00
p06,2020-03-01,455,2020-02-29T22:57:30,537,2020-03-01T07:54:30,stages,96,82,15.27,17.3626,25.4945,51.3459,82,49,6465,0,286,617,0,1423,1065,3,2,2,3,2020-03-01T09:43:51.345000+00:00
p06,2020-03-02,409,2020-03-01T22:36:00,469,2020-03-02T06:25:00,stages,97,60,12.7932,15.8924,22.9829,52.8982,81,50,13185,82,360,529,9,1434,1076,4,2,2,3,2020-03-02T08:14:15.209000+00:00
p06,2020-03-03,376,2020-03-02T23:19:30,415,2020-03-03T06:15:00,stages,98,39,9.39759,16.7553,18.883,51.2142,81,51,14399,59,403,563,14,1165,805,4,3,3,3,2020-03-03T08:00:44.475000+00:00
p06,2020-03-04,,,,,,,,,,,,,,26124,91,468,881,25,1117,1073,4,3,3,3,2020-03-04T08:02:43.181000+00:00
p06,2020-03-05,346,2020-03-05T00:10:30,374,2020-03-05T06:24:30,stages,99,28,7.48663,23.1214,28.9017,54.8485,82,51,13892,65,288,713,7,1433,1073,4,3,4,3,2020-03-05T05:25:36.784000+00:00
p06,2020-03-06,420,2020-03-05T22:50:00,451,2020-03-06T06:21:00,stages,100,31,6.87361,18.0952,19.0476,54.126,86,52,17486,91,386,512,0,1436,1076,4,3,4,3,2020-03-06T07:21:57.643000+00:00
p06,2020-03-07,388,2020-03-06T23:31:00,429,2020-03-07T06:40:30,stages,99,41,9.55711,36.8557,20.3608,54.1899,76,52,9065,0,385,626,0,1422,1064,4,3,4,3,2020-03-07T10:19:52.547000+00:00
p06,2020-03-08,443,2020-03-07T23:51:30,512,2020-03-08T08:24:00,stages,98,69,13.4766,24.3792,18.9616,56.3582,78,53,4867,0,267,661,0,1436,1076,,,,,
p01,2019-11-01,,,,,,,,,,,,,,17873,130,245,636,3,1421,1068,3,2,3,3,2019-11-01T08:31:40.751000+00:00
p01,2019-11-02,378,2019-11-02T00:09:30,430,2019-11-02T07:19:30,stages,97,52,12.093,21.9577,9.52381,54.1992,79,53,13118,99,202,709,0,1393,1035,3,2,3,3,2019-11-02T10:00:01.229000+00:00
p01,2019-11-03,378,2019-11-03T00:32:00,422,2019-11-03T07:34:30,stages,96,44,10.4265,13.4921,10.0529,53.9992,71,52,14312,108,262,648,0,1368,1009,3,3,3,3,2019-11-03T14:28:03.263000+00:00
p01,2019-11-04,361,2019-11-03T23:55:30,399,2019-11-04T06:35:00,stages,96,38,9.52381,9.69529,10.2493,59.1022,68,53,10970,51,230,760,0,1414,1057,3,3,3,3,2019-11-04T07:05:28.429000+00:00
p01,2019-11-05,326,2019-11-05T00:22:30,362,2019-11-05T06:25:00,stages,99,36,9.94475,11.9632,8.28221,53.112,73,54,16186,78,263,737,19,1412,1059,3,3,3,3,2019-11-05T06:13:35.998000+00:00
p01,2019-11-06,341,2019-11-06T00:25:30,364,2019-11-06T06:29:30,stages,99,23,6.31868,11.1437,19.3548,60.2898,67,52,8189,21,206,849,8,1423,1070,3,3,3,3,2019-11-06T07:13:02.320000+00:00
p01,2019-11-07,312,2019-11-06T23:45:30,366,2019-11-07T05:52:00,stages,97,54,14.7541,8.97436,14.1026,57.0672,71,54,8710,26,182,866,2,1426,1070,3,3,3,3,2019-11-07T06:39:25.426000+00:00
p01,2019-11-08,360,2019-11-07T23:48:30,392,2019-11-08T06:21:00,stages,100,32,8.16327,22.7778,9.44444,59.7437,74,53,12888,92,212,744,2,1344,997,3,3,3,3,2019-11-08T09:05:09.558000+00:00
p01,2019-11-09,344,2019-11-09T00:31:30,391,2019-11-09T07:02:30,stages,99,47,12.0205,18.6047,10.4651,57.095,74,53,16450,91,305,653,0,1419,1059,3,3,3,3,2019-11-09T08:00:27.364000+00:00
p01,2019-11-10,382,2019-11-10T00:15:30,422,2019-11-10T07:18:00,stages,99,40,9.47867,21.2042,13.6126,55.6088,81,53,17843,126,263,629,5,1404,1046,3,3,3,3,2019-11-10T20:38:08.787000+00:00
p01,2019-11-11,318,2019-11-11T00:09:00,356,2019-11-11T06:05:00,stages,97,38,10.6742,7.54717,11.9497,56.2771,66,52,12519,53,220,811,22,1407,1054,,,,,
p01,2019-11-12,378,2019-11-11T23:19:00,423,2019-11-12T06:22:00,stages,98,45,10.6383,10.0529,13.4921,57.8709,70,52,10392,52,221,744,2,1365,1016,3,2,3,3,2019-11-12T07:33:27.703000+00:00
p01,2019-11-13,320,2019-11-13T00:28:00,361,2019-11-13T06:29:00,stages,97,41,11.3573,25.625,8.75,55.3443,76,52,11185,57,197,825,0,1320,970,3,3,3,2,2019-11-13T09:46:33.438000+00:00
p01,2019-11-14,325,2019-11-14T00:22:00,367,2019-11-14T06:29:30,stages,99,42,11.4441,13.8462,12.9231,57.4129,65,51,19220,174,208,691,32,1394,1046,2,3,3,2,2019-11-14T06:14:23.179000+00:00
p01,2019-11-15,342,2019-11-15T00:14:00,385,2019-11-15T06:39:00,stages,95,43,11.1688,25.1462,16.9591,55.4258,74,51,18259,130,265,660,8,1381,1035,3,2,3,3,2019-11-15T05:38:25.987000+00:00
p01,2019-11-16,317,2019-11-16T00:47:30,359,2019-11-16T06:47:00,stages,93,42,11.6992,14.511,6.30915,54.9521,67,51,15305,111,302,668,5,1279,922,3,2,2,3,2019-11-16T06:36:43.630000+00:00
p01,2019-11-17,337,2019-11-17T00:30:00,377,2019-11-17T06:47:30,stages,96,40,10.6101,19.8813,14.5401,53.3443,71,51,11916,63,248,752,3,1388,1032,4,3,4,3,2019-11-17T05:54:30.271000+00:00
p01,2019-11-18,330,2019-11-18T00:23:30,372,2019-11-18T06:36:00,stages,98,42,11.2903,18.1818,2.42424,52.0149,72,51,8241,59,131,878,41,1412,1066,3,2,2,2,2019-11-18T08:29:37.604000+00:00
p01,2019-11-19,318,2019-11-19T00:17:00,361,2019-11-19T06:18:30,stages,96,43,11.9114,19.8113,13.522,57.0008,67,50,7134,31,145,903,0,1346,1024,3,2,2,3,2019-11-19T06:31:46.844000+00:00
p01,2019-11-20,383,2019-11-19T23:28:00,422,2019-11-20T06:30:30,stages,97,39,9.24171,17.2324,10.1828,57.7523,74,53,10116,75,200,743,1,1405,1056,3,2,3,2,2019-11-20T18:49:30.613000+00:00
p01,2019-11-21,327,2019-11-21T00:04:00,371,2019-11-21T06:15:30,stages,98,44,11.8598,17.737,10.0917,56.1108,70,52,19747,192,197,680,40,1406,1059,3,3,3,3,2019-11-21T07:22:22.967000+00:00
p01,2019-11-22,333,2019-11-22T00:18:30,372,2019-11-22T06:30:30,stages,97,39,10.4839,14.7147,12.3123,57.6327,66,52,10938,84,187,797,1,1371,1027,3,2,3,3,2019-11-22T06:00:11.205000+00:00
p01,2019-11-23,356,2019-11-22T23:58:00,410,2019-11-23T06:48:00,stages,98,54,13.1707,7.02247,20.7865,55.7756,71,53,20704,165,226,639,27,1417,1058,3,3,3,3,2019-11-23T07:02:46.080000+00:00
p01,2019-11-24,421,2019-11-24T00:45:30,488,2019-11-24T08:53:30,stages,95,67,13.7295,19.715,13.3017,58.9486,80,53,16517,124,263,565,10,1401,1045,3,3,2,3,2019-11-24T13:53:28.722000+00:00
p01,2019-11-25,332,2019-11-25T00:31:30,367,2019-11-25T06:39:00,stages,98,35,9.53678,9.93976,6.62651,54.3896,71,53,12481,55,251,767,0,1416,1068,3,2,3,3,2019-11-25T07:04:27.705000+00:00
p01,2019-11-26,318,2019-11-25T23:49:00,371,2019-11-26T06:00:30,stages,98,53,14.2857,9.74843,12.8931,53.9438,66,52,16428,117,202,750,40,1254,895,3,3,3,3,2019-11-26T08:05:18.429000+00:00
p01,2019-11-27,365,2019-11-26T23:34:30,410,2019-11-27T06:25:00,stages,97,45,10.9756,15.8904,7.39726,52.4491,75,51,10556,43,218,769,1,1406,1059,3,2,3,3,2019-11-27T07:50:27.161000+00:00
p01,2019-11-28,341,2019-11-27T23:57:30,391,2019-11-28T06:28:30,stages,94,50,12.7877,7.91789,7.33138,52.7411,70,51,17535,140,239,670,38,1407,1057,3,3,2,3,2019-11-28T06:45:55.836000+00:00
p01,2019-11-29,309,2019-11-29T00:12:00,361,2019-11-29T06:13:00,stages,93,52,14.4044,26.8608,13.9159,59.3454,67,49,16209,115,255,709,6,1425,1075,3,2,2,3,2019-11-29T09:16:47.947000+00:00
p01,2019-11-30,402,2019-11-30T00:31:00,435,2019-11-30T07:46:00,stages,97,33,7.58621,10.6965,10.199,52.3307,74,50,10782,68,266,671,2,1415,1056,3,2,3,3,2019-11-30T17:34:00.841000+00:00
p01,2019-12-01,387,2019-12-01T00:03:30,428,2019-12-01T07:11:30,stages,96,41,9.57944,13.9535,9.04393,53.853,72,51,13736,87,295,630,0,1419,1064,3,3,3,3,2019-12-01T08:04:09.372000+00:00
p01,2019-12-02,190,2019-12-02T00:26:00,213,2019-12-02T03:59:30,stages,95,23,10.7981,15.7895,5.26316,49.7952,65,50,12224,56,224,947,0,1105,930,3,3,2,3,2019-12-02T08:00:43.259000+00:00
p01,2019-12-03,345,2019-12-03T00:01:00,380,2019-12-03T06:21:30,stages,98,35,9.21053,17.971,6.08696,54.0058,76,50,18142,114,221,725,35,1419,1061,3,3,3,3,2019-12-03T07:23:04.819000+00:00
p01,2019-12-04,335,2019-12-04T00:08:30,377,2019-12-04T06:26:00,stages,94,42,11.1406,12.5373,12.5373,55.7522,67,50,11745,63,218,782,2,1392,1045,3,2,2,3,2019-12-04T08:31:12.920000+00:00
p01,2019-12-05,314,2019-12-05T00:40:00,353,2019-12-05T06:33:30,stages,95,39,11.0482,18.7898,11.465,58.3867,66,51,18234,143,262,682,28,1404,1058,3,2,2,3,2019-12-05T07:24:30.844000+00:00
p01,2019-12-06,290,2019-12-06T00:27:00,359,2019-12-06T06:26:30,stages,89,69,19.2201,30,8.27586,59.3704,54,51,10401,60,198,823,1,1357,1009,3,2,2,3,2019-12-06T07:02:10.649000+00:00
p01,2019-12-07,424,2019-12-06T23:29:00,472,2019-12-07T07:21:00,stages,94,48,10.1695,14.6226,17.4528,55.6405,81,53,14898,72,363,533,0,1414,1059,3,2,3,3,2019-12-07T08:00:35.229000+00:00
p01,2019-12-08,402,2019-12-08T00:02:00,440,2019-12-08T07:22:30,stages,97,38,8.63636,26.1194,5.22388,53.6961,80,52,15805,104,298,598,0,1427,1068,3,3,3,3,2019-12-08T08:50:37.699000+00:00
p01,2019-12-09,332,2019-12-08T23:49:30,382,2019-12-09T06:11:30,stages,94,50,13.089,10.5422,11.4458,57.216,62,51,11223,43,290,725,0,1424,1077,3,2,2,3,2019-12-09T08:17:24.878000+00:00
p01,2019-12-10,336,2019-12-10T00:22:30,360,2019-12-10T06:22:30,stages,99,24,6.66667,27.0833,5.95238,52.4947,78,53,7708,34,155,891,2,1414,1070,3,2,3,3,2019-12-10T08:36:39.339000+00:00
p01,2019-12-11,416,2019-12-10T22:41:00,473,2019-12-11T06:34:30,stages,94,57,12.0507,26.4423,12.9808,54.7788,76,51,9855,72,175,720,1,1416,1071,,,,,
p01,2019-12-12,220,2019-12-12T00:24:00,249,2019-12-12T04:33:00,stages,96,29,11.6466,7.72727,8.18182,56.5316,53,51,10728,32,274,885,1,1319,1077,,,,,
p01,2019-12-13,337,2019-12-13T00:17:00,369,2019-12-13T06:26:00,stages,96,32,8.67209,5.04451,17.2107,58.768,68,53,15910,79,301,691,0,1432,1077,3,2,2,3,2019-12-13T09:02:18.615000+00:00
p01,2019-12-14,386,2019-12-14T00:14:00,427,2019-12-14T07:21:00,stages,97,41,9.60187,7.77202,8.80829,57.9795,71,54,15348,88,303,622,1,1434,1074,3,3,3,3,2019-12-14T15:08:29.136000+00:00
p01,2019-12-15,369,2019-12-15T00:40:30,401,2019-12-15T07:21:30,stages,97,32,7.98005,23.0352,7.58808,57.8122,74,54,21362,169,357,513,0,1425,1065,3,2,3,3,2019-12-15T20:35:51.943000+00:00
p01,2019-12-16,367,2019-12-15T23:41:30,397,2019-12-16T06:18:30,stages,99,30,7.55668,18.8011,8.17439,57.7957,75,54,10489,66,222,755,0,1424,1079,3,3,3,3,2019-12-16T08:17:05.284000+00:00
p01,2019-12-17,309,2019-12-17T00:29:30,349,2019-12-17T06:19:00,stages,97,40,11.4613,5.50162,16.8285,57.8143,66,53,12437,70,235,786,2,1420,1074,3,4,3,3,2019-12-17T20:19:19.604000+00:00
p01,2019-12-18,329,2019-12-18T00:23:00,377,2019-12-18T06:40:00,stages,94,48,12.7321,13.9818,9.11854,56.1606,68,53,14775,66,268,729,1,1313,955,,,,,
p01,2019-12-19,310,2019-12-19T00:54:00,344,2019-12-19T06:38:30,stages,96,34,9.88372,22.5806,7.09677,56.361,71,52,18894,114,298,684,0,1433,1075,,,,,
p01,2019-12-20,267,2019-12-20T01:48:30,294,2019-12-20T06:43:00,stages,95,27,9.18367,16.1049,5.24345,61.495,65,52,13110,73,268,805,2,1433,1080,,,,,
p01,2019-12-21,385,2019-12-21T01:00:30,415,2019-12-21T07:55:30,stages,99,30,7.22892,25.7143,7.53247,52.4418,79,54,17760,142,227,656,2,1418,1058,3,3,3,2,2019-12-21T11:52:58.365000+00:00
p01,2019-12-22,403,2019-12-22T00:26:30,444,2019-12-22T07:50:30,stages,97,41,9.23423,15.1365,9.18114,51.3638,78,53,18170,144,331,521,7,1413,1053,3,3,3,3,2019-12-22T07:00:15.485000+00:00
p01,2019-12-23,430,2019-12-23T00:50:30,478,2019-12-23T08:49:00,stages,95,48,10.0418,14.8837,8.60465,55.6525,79,52,17227,100,326,536,8,1424,1064,3,3,3,3,2019-12-23T08:25:34.443000+00:00
p01,2019-12-24,369,2019-12-24T00:33:00,410,2019-12-24T07:23:00,stages,98,41,10,10.0271,4.60705,50.4432,71,51,13316,59,435,536,1,1433,1075,,,,,
p01,2019-12-25,423,2019-12-25T01:26:00,480,2019-12-25T09:26:00,stages,97,57,11.875,20.5674,13.4752,54.4122,82,52,11804,79,256,625,0,1252,894,3,3,3,3,2019-12-25T11:04:46.100000+00:00
p01,2019-12-26,406,2019-12-26T00:19:30,450,2019-12-26T07:50:00,stages,96,44,9.77778,23.399,5.66502,53.1841,78,51,16891,146,287,557,35,1418,1058,3,3,3,3,2019-12-26T14:06:50.153000+00:00
p01,2019-12-27,417,2019-12-27T00:44:30,460,2019-12-27T08:25:00,stages,94,43,9.34783,18.705,16.5468,53.1262,78,50,10161,49,301,630,0,1431,1071,3,2,2,3,2019-12-27T08:50:24.996000+00:00
p01,2019-12-28,439,2019-12-28T00:00:30,486,2019-12-28T08:06:30,stages,94,47,9.67078,15.7175,8.88383,55.7616,75,50,12445,33,379,542,0,1421,1061,3,2,2,3,2019-12-28T19:34:52.387000+00:00
p01,2019-12-29,418,2019-12-29T00:06:00,472,2019-12-29T07:58:30,stages,96,54,11.4407,20.0957,13.3971,56.0535,74,50,13699,109,277,582,3,1429,1073,3,2,3,3,2019-12-29T08:41:48.839000+00:00
p01,2019-12-30,338,2019-12-30T02:03:30,378,2019-12-30T08:21:30,stages,98,40,10.582,12.426,12.7219,57.6378,65,51,10187,18,292,752,0,1117,759,3,2,3,3,2019-12-30T08:17:11.894000+00:00
p01,2019-12-31,364,2019-12-31T01:09:30,406,2019-12-31T07:55:30,stages,97,42,10.3448,19.5055,17.033,54.8504,78,53,11490,32,343,659,0,1410,1052,,,,,
p01,2020-01-01,360,2020-01-01T01:57:00,397,2020-01-01T08:34:00,stages,98,37,9.3199,17.2222,13.0556,53.3024,75,52,11847,47,309,687,2,1436,1076,3,3,3,3,2020-01-01T10:56:15.294000+00:00
p01,2020-01-02,510,2020-01-01T20:22:30,560,2020-01-02T05:42:30,stages,96,50,8.92857,20.7843,14.3137,52.4163,88,53,10346,48,196,636,2,1416,1059,3,3,3,3,2020-01-02T08:12:01.859000+00:00
p01,2020-01-03,368,2020-01-02T23:19:30,422,2020-01-03T06:21:30,stages,96,54,12.7962,23.3696,11.6848,55.7394,73,52,17431,135,170,713,29,1429,1069,3,3,3,3,2020-01-03T07:17:54.940000+00:00
p01,2020-01-04,459,2020-01-03T23:44:00,520,2020-01-04T08:24:00,stages,99,61,11.7308,16.3399,3.48584,57.833,78,51,16170,112,210,598,52,1413,1053,2,2,3,3,2020-01-04T09:17:04.540000+00:00
p01,2020-01-05,430,2020-01-05T00:03:30,481,2020-01-05T08:04:30,stages,96,51,10.6029,3.72093,10.6977,54.8843,69,51,11425,71,257,631,1,1415,1056,,,,,
p01,2020-01-06,318,2020-01-06T00:35:30,349,2020-01-06T06:25:00,stages,99,31,8.88252,11.3208,20.4403,54.7676,72,52,11322,68,196,827,0,1276,926,3,2,2,2,2020-01-06T05:25:40.497000+00:00
p01,2020-01-07,315,2020-01-07T00:05:00,352,2020-01-07T05:57:30,stages,98,37,10.5114,19.3651,3.80952,58.2115,66,51,17638,132,215,741,33,1417,1059,3,2,2,3,2020-01-07T10:35:32.120000+00:00
p01,2020-01-08,327,2020-01-07T23:51:00,389,2020-01-08T06:20:30,stages,90,62,15.9383,26.9113,6.42202,55.0495,69,53,8149,52,146,853,1,1415,1071,2,2,2,2,2020-01-08T11:23:48.712000+00:00
p01,2020-01-09,348,2020-01-08T23:58:30,402,2020-01-09T06:40:30,stages,93,54,13.4328,18.3908,13.7931,57.485,67,52,13189,125,165,748,19,1419,1069,1,2,1,2,2020-01-09T07:04:16.765000+00:00
p01,2020-01-10,344,2020-01-10T00:26:00,384,2020-01-10T06:50:30,stages,93,40,10.4167,18.0233,12.7907,57.863,71,53,13733,103,171,782,1,1419,1068,3,2,2,3,2020-01-10T07:42:05.267000+00:00
p01,2020-01-11,475,2020-01-10T23:44:00,536,2020-01-11T08:40:00,stages,96,61,11.3806,23.5789,0,55.3092,80,52,13736,87,231,586,0,1410,1053,3,3,3,3,2020-01-11T09:56:17.547000+00:00
p01,2020-01-12,414,2020-01-12T00:12:00,463,2020-01-12T07:55:30,stages,98,49,10.5832,9.42029,4.58937,54.5346,72,52,8820,54,181,742,0,1414,1054,3,3,3,3,2020-01-12T08:56:59.915000+00:00
p01,2020-01-13,302,2020-01-13T00:06:30,328,2020-01-13T05:35:00,stages,99,26,7.92683,7.94702,14.9007,53.585,68,52,8564,68,209,835,0,1226,883,3,2,2,3,2020-01-13T18:00:00.953000+00:00
p01,2020-01-14,364,2020-01-13T23:29:30,396,2020-01-14T06:06:00,stages,97,32,8.08081,17.033,5.21978,54.2463,75,52,17723,123,208,713,37,1338,978,3,3,3,3,2020-01-14T07:06:07.074000+00:00
p01,2020-01-15,382,2020-01-14T23:11:00,432,2020-01-15T06:23:00,stages,93,50,11.5741,10.4712,8.90052,53.4122,78,51,14145,87,204,717,3,1431,1079,3,3,3,3,2020-01-15T05:39:20.077000+00:00
p01,2020-01-16,351,2020-01-15T23:16:30,393,2020-01-16T05:49:30,stages,99,42,10.687,15.0997,9.97151,54.8544,73,51,13888,135,162,750,34,1406,1059,3,3,3,3,2020-01-16T09:50:15.157000+00:00
p01,2020-01-17,350,2020-01-16T23:33:00,398,2020-01-17T06:11:00,stages,96,48,12.0603,26.5714,21.7143,57.3595,73,51,12501,66,237,739,7,1413,1068,3,3,3,3,2020-01-17T06:58:30.205000+00:00
p01,2020-01-18,311,2020-01-18T00:48:30,362,2020-01-18T06:50:30,stages,99,51,14.0884,2.2508,15.1125,53.843,66,52,13480,100,195,783,47,1405,1045,3,3,3,3,2020-01-18T08:04:31.262000+00:00
p01,2020-01-19,337,2020-01-19T02:44:30,376,2020-01-19T09:01:00,stages,97,39,10.3723,9.79228,19.5846,57.0456,66,51,13255,94,203,767,2,1411,1053,3,2,3,3,2020-01-19T08:38:03.384000+00:00
p01,2020-01-20,359,2020-01-19T23:34:00,412,2020-01-20T06:26:00,stages,99,53,12.8641,13.649,11.4206,54.6889,73,52,7492,27,206,795,3,1324,977,3,3,3,2,2020-01-20T08:33:26.650000+00:00
p01,2020-01-21,365,2020-01-20T23:37:00,405,2020-01-21T06:22:00,stages,97,40,9.87654,16.9863,12.8767,52.2589,77,51,11684,51,227,757,0,1419,1069,3,3,3,3,2020-01-21T08:00:23.367000+00:00
p01,2020-01-22,302,2020-01-22T00:31:00,331,2020-01-22T06:02:00,stages,99,29,8.76133,6.95364,9.93377,54.4147,68,50,10162,43,247,819,1,1425,1073,3,2,3,3,2020-01-22T08:08:47.681000+00:00
p01,2020-01-23,349,2020-01-23T00:05:30,393,2020-01-23T06:39:00,stages,98,44,11.1959,18.9112,2.5788,57.0072,71,50,15169,136,212,699,28,1414,1063,3,3,3,3,2020-01-23T20:53:11.224000+00:00
p01,2020-01-24,392,2020-01-23T23:09:00,448,2020-01-24T06:37:00,stages,94,56,12.5,19.1327,15.051,55.2217,73,51,10721,43,253,696,5,1343,985,3,3,3,3,2020-01-24T12:21:58.499000+00:00
p01,2020-01-25,387,2020-01-24T23:37:30,437,2020-01-25T06:55:00,stages,97,50,11.4416,24.2894,18.863,56.9649,74,51,18231,123,248,632,41,1415,1055,,,,,
p01,2020-01-26,381,2020-01-25T23:57:30,440,2020-01-26T07:18:00,stages,95,59,13.4091,17.8478,8.66142,52.0346,71,52,18422,106,284,610,1,1388,1030,3,2,2,3,2020-01-26T08:11:52.253000+00:00
p01,2020-01-27,307,2020-01-27T00:28:00,350,2020-01-27T06:18:30,stages,99,43,12.2857,5.53746,17.5896,54.5884,69,52,9026,38,247,805,2,1418,1071,3,2,3,3,2020-01-27T08:00:14.059000+00:00
p01,2020-01-28,326,2020-01-28T00:03:00,364,2020-01-28T06:07:00,stages,97,38,10.4396,11.6564,8.28221,56.4459,66,51,14473,124,210,742,0,1408,1065,3,3,3,3,2020-01-28T08:48:51.760000+00:00
p01,2020-01-29,325,2020-01-29T00:26:30,361,2020-01-29T06:27:30,stages,99,36,9.9723,17.5385,17.5385,56.5393,72,52,4749,31,132,916,0,1416,1068,3,2,3,3,2020-01-29T08:27:21.439000+00:00
p01,2020-01-30,343,2020-01-30T00:09:00,385,2020-01-30T06:34:30,stages,98,42,10.9091,8.74636,12.828,53.3315,73,51,14398,114,389,552,39,1324,965,3,3,3,3,2020-01-30T09:05:00.590000+00:00
p01,2020-01-31,349,2020-01-30T23:55:00,388,2020-01-31T06:23:00,stages,97,39,10.0515,24.6418,11.4613,59.5621,70,50,12231,72,333,647,2,1427,1077,3,1,3,3,2020-01-31T05:36:15.867000+00:00
p01,2020-02-01,326,2020-02-01T00:02:30,376,2020-02-01T06:19:00,stages,97,50,13.2979,11.0429,4.60123,55.9786,64,53,14409,64,402,598,2,1167,807,3,2,2,3,2020-02-01T07:30:39.980000+00:00
p01,2020-02-02,372,2020-02-02T00:18:00,407,2020-02-02T07:05:30,stages,99,35,8.59951,13.9785,8.60215,56.6558,69,53,11652,27,505,501,2,1368,1011,4,3,3,3,2020-02-02T08:01:23.085000+00:00
p01,2020-02-03,369,2020-02-02T23:15:30,419,2020-02-03T06:15:00,stages,95,50,11.9332,26.8293,10.0271,55.2108,78,54,10754,55,432,534,1,1413,1065,3,2,2,3,2020-02-03T08:00:28.994000+00:00
p01,2020-02-04,331,2020-02-04T00:09:00,369,2020-02-04T06:18:30,stages,98,38,10.2981,5.74018,11.7825,56.6354,70,53,8898,19,222,830,1,1414,1069,3,3,3,3,2020-02-04T10:24:06.532000+00:00
p01,2020-02-05,300,2020-02-05T00:16:30,338,2020-02-05T05:54:30,stages,99,38,11.2426,12.3333,2.33333,59.6489,62,52,18685,136,237,729,34,1396,1061,3,3,3,3,2020-02-05T06:59:27.721000+00:00
p01,2020-02-06,317,2020-02-06T00:21:00,358,2020-02-06T06:19:00,stages,96,41,11.4525,9.46372,10.0946,55.231,72,53,24846,263,197,622,73,1420,1060,3,3,3,3,2020-02-06T07:31:26.341000+00:00
p01,2020-02-07,340,2020-02-07T00:13:00,384,2020-02-07T06:37:00,stages,95,44,11.4583,25.5882,5.88235,59.3969,69,52,8131,25,198,833,1,1272,921,3,2,2,3,2020-02-07T05:55:30.958000+00:00
p01,2020-02-08,425,2020-02-08T00:03:30,472,2020-02-08T07:56:00,stages,99,47,9.95763,8.23529,8.23529,53.3852,80,54,14197,53,279,636,2,1412,1052,3,2,3,3,2020-02-08T09:08:21.547000+00:00
p01,2020-02-09,379,2020-02-09T00:37:00,427,2020-02-09T07:44:30,stages,94,48,11.2412,16.095,9.76253,50.882,76,53,8963,33,229,751,2,1412,1058,3,3,3,3,2020-02-09T08:42:48.436000+00:00
p01,2020-02-10,327,2020-02-10T00:28:00,362,2020-02-10T06:30:30,stages,99,35,9.66851,23.8532,7.64526,57.4425,70,51,15052,98,257,723,34,1401,1056,3,3,3,3,2020-02-10T06:48:59.633000+00:00
p01,2020-02-11,359,2020-02-11T00:04:00,391,2020-02-11T06:35:30,stages,97,32,8.18414,26.7409,20.6128,56.4698,73,51,10533,58,361,630,0,1423,1070,3,2,3,3,2020-02-11T20:36:45.914000+00:00
p01,2020-02-12,338,2020-02-11T23:50:00,367,2020-02-12T05:57:30,stages,98,29,7.90191,23.0769,13.3136,55.9988,74,52,10839,55,350,668,6,1412,1065,3,2,2,3,2020-02-12T09:38:23.865000+00:00
p01,2020-02-13,330,2020-02-13T00:13:00,366,2020-02-13T06:19:00,stages,98,36,9.83607,7.27273,12.7273,54.4094,74,53,13617,45,359,670,20,1384,1058,3,3,2,3,2020-02-13T12:55:06.978000+00:00
p01,2020-02-14,247,2020-02-14T01:37:30,286,2020-02-14T06:24:00,stages,100,39,13.6364,10.9312,8.90688,59.1243,55,51,7819,32,194,928,0,1414,1070,3,1,2,3,2020-02-14T08:02:26.929000+00:00
p01,2020-02-15,423,2020-02-15T00:17:00,479,2020-02-15T08:16:30,stages,94,56,11.691,3.30969,9.21986,58.1079,69,53,6833,32,186,743,0,1049,695,3,2,3,3,2020-02-15T09:00:23.377000+00:00
p01,2020-02-16,417,2020-02-15T23:24:00,480,2020-02-16T07:24:00,stages,96,63,13.125,9.83213,15.5875,55.4164,71,54,8837,24,244,692,1,1288,928,,,,,
p01,2020-02-17,289,2020-02-17T00:22:00,344,2020-02-17T06:06:30,stages,95,55,15.9884,4.15225,13.4948,56.0625,66,55,10674,22,345,729,4,1415,1066,3,3,3,3,2020-02-17T22:18:38.519000+00:00
p01,2020-02-18,389,2020-02-18T00:21:30,428,2020-02-18T07:30:00,stages,97,39,9.11215,5.65553,7.71208,55.534,68,53,10533,66,197,749,2,1020,660,3,3,3,3,2020-02-18T08:10:14.902000+00:00
p01,2020-02-19,352,2020-02-19T00:54:00,385,2020-02-19T07:19:00,stages,99,33,8.57143,6.25,4.26136,55.6254,74,54,18691,65,415,575,1,1415,1057,3,3,3,3,2020-02-19T10:04:33.865000+00:00
p01,2020-02-20,318,2020-02-20T01:22:00,343,2020-02-20T07:05:30,stages,99,25,7.28863,20.4403,11.0063,52.6975,75,52,7720,34,217,846,2,1397,1042,3,3,3,3,2020-02-20T08:00:31.498000+00:00
p01,2020-02-21,263,2020-02-21T01:29:00,306,2020-02-21T06:35:30,stages,98,43,14.0523,9.5057,0,52.7799,58,51,17992,98,358,678,27,1411,1053,3,3,3,3,2020-02-21T07:28:18.063000+00:00
p01,2020-02-22,378,2020-02-22T00:57:00,418,2020-02-22T07:55:00,stages,97,40,9.56938,17.4603,9.25926,55.8866,72,51,15947,24,459,539,3,1421,1066,3,2,3,3,2020-02-22T08:00:35.086000+00:00
p01,2020-02-23,410,2020-02-23T00:35:30,456,2020-02-23T08:11:30,stages,95,46,10.0877,14.878,13.4146,53.2254,75,52,12227,30,378,576,0,1412,1056,3,2,3,3,2020-02-23T09:00:23.827000+00:00
p01,2020-02-24,315,2020-02-24T00:14:00,364,2020-02-24T06:18:00,stages,95,49,13.4615,21.9048,6.03175,55.4417,71,51,7427,14,178,884,0,974,626,3,3,3,3,2020-02-24T21:51:11.871000+00:00
p01,2020-02-25,264,2020-02-25T01:42:00,304,2020-02-25T06:46:30,stages,97,40,13.1579,5.30303,4.54545,54.078,59,50,7365,38,267,831,0,1415,1056,3,3,3,3,2020-02-25T08:00:26.970000+00:00
p01,2020-02-26,296,2020-02-26T01:52:30,322,2020-02-26T07:15:00,stages,97,26,8.07453,17.9054,12.8378,69.7788,69,51,12554,53,264,801,27,1414,1055,3,3,3,3,2020-02-26T07:43:51.288000+00:00
p01,2020-02-27,319,2020-02-27T00:13:00,361,2020-02-27T06:14:30,stages,96,42,11.6343,20.6897,11.2853,59.0818,68,53,19534,185,209,685,68,1400,1052,3,2,3,3,2020-02-27T09:00:16.666000+00:00
p01,2020-02-28,318,2020-02-28T00:37:30,358,2020-02-28T06:36:00,stages,94,40,11.1732,21.3836,17.9245,62.3109,71,54,12513,25,347,710,0,1418,1060,3,2,2,3,2020-02-28T08:02:27.747000+00:00
p01,2020-02-29,362,2020-02-29T00:44:00,414,2020-02-29T07:38:00,stages,94,52,12.5604,15.1934,11.0497,61.9222,69,55,21999,188,418,420,10,1392,1032,3,3,3,3,2020-02-29T08:02:32.978000+00:00
p01,2020-03-01,346,2020-03-01T01:30:30,378,2020-03-01T07:48:30,stages,96,32,8.46561,16.474,6.06936,54.1149,73,55,21553,216,340,506,2,1372,1012,3,3,3,3,2020-03-01T11:19:20.552000+00:00
p01,2020-03-02,366,2020-03-01T23:44:00,408,2020-03-02T06:32:00,stages,94,42,10.2941,26.2295,10.1093,57.3006,77,54,11335,32,252,748,0,1413,1062,3,2,3,3,2020-03-02T05:44:55.857000+00:00
p01,2020-03-03,374,2020-03-02T23:35:00,404,2020-03-03T06:19:00,stages,99,30,7.42574,30.2139,24.8663,53.8982,84,54,10117,61,194,781,3,1417,1069,3,3,3,3,2020-03-03T06:53:52.028000+00:00
p01,2020-03-04,300,2020-03-04T00:36:30,342,2020-03-04T06:18:30,stages,96,42,12.2807,14.3333,14.3333,56.0041,67,53,13093,40,605,453,1,1408,1057,3,3,2,3,2020-03-04T08:00:48.150000+00:00
p01,2020-03-05,358,2020-03-04T23:45:30,405,2020-03-05T06:31:00,stages,97,47,11.6049,18.9944,8.10056,56.6878,75,52,20119,168,416,451,80,1331,982,3,3,3,2,2020-03-05T10:40:49.764000+00:00
p01,2020-03-06,369,2020-03-05T23:45:00,419,2020-03-06T06:44:00,stages,94,50,11.9332,15.9892,15.7182,58.1856,71,52,10480,40,290,691,0,1392,1042,,,,,
p10,2019-11-05,,,,,,,,,,,,,,,0,0,1440,,0,0,,,,,
p10,2019-11-06,,,,,,,,,,,,,,,0,0,1440,,0,0,,,,,
p10,2019-11-07,,,,,,,,,,,,,,9198,101,30,1309,44,300,300,,,,,
p10,2019-11-08,512,2019-11-07T22:29:29.999999999,578,2019-11-08T08:07:30,stages,93,66,11.4187,16.7969,12.1094,64.8384,,,9865,0,313,549,5,1428,1068,,,,,
p10,2019-11-09,465,2019-11-09T02:39:00,515,2019-11-09T11:14:30,stages,95,50,9.70874,28.8172,10.7527,66.3074,83,71,13397,76,232,617,10,1403,1049,,,,,
p10,2019-11-10,466,2019-11-10T01:17:30,547,2019-11-10T10:24:30,stages,88,81,14.808,20.8155,16.0944,68.2256,76,70,15800,113,238,542,41,1387,1027,,,,,
p10,2019-11-11,457,2019-11-10T22:48:30,534,2019-11-11T07:43:00,stages,86,77,14.4195,22.5383,12.9103,64.4401,77,65,13096,9,389,508,0,1267,909,,,,,
p10,2019-11-12,426,2019-11-12T00:29:00,488,2019-11-12T08:37:30,stages,92,62,12.7049,25.8216,19.4836,63.4565,82,65,11578,40,280,632,28,1371,1012,,,,,
p10,2019-11-13,412,2019-11-12T23:56:00,457,2019-11-13T07:33:30,stages,95,45,9.84683,23.0583,12.8641,66.9087,79,65,11769,20,307,656,3,1423,1065,,,,,
p10,2019-11-14,437,2019-11-14T00:26:30,492,2019-11-14T08:39:00,stages,93,55,11.1789,24.9428,8.69565,66.0271,79,66,6142,27,200,721,0,1425,1065,,,,,
p10,2019-11-15,360,2019-11-15T00:51:30,409,2019-11-15T07:41:00,stages,93,49,11.9804,25,7.77778,64.8426,75,65,10273,29,252,750,8,1396,1037,,,,,
p10,2019-11-16,516,2019-11-15T23:50:00,586,2019-11-16T09:36:00,stages,91,70,11.9454,28.6822,19.5736,64.9658,84,64,16118,130,268,456,3,1418,1061,3,3,3,3,2019-11-16T08:52:38.649000+00:00
p10,2019-11-17,456,2019-11-17T00:45:30,516,2019-11-17T09:21:30,stages,91,60,11.6279,23.0263,13.8158,65.5676,80,64,7542,26,266,632,3,1418,1064,3,3,4,2,2019-11-17T08:21:26.191000+00:00
p10,2019-11-18,396,2019-11-17T23:48:00,440,2019-11-18T07:08:00,stages,94,44,10,27.2727,11.1111,67.5683,78,64,9480,17,322,661,3,1410,1051,2,2,2,2,2019-11-18T06:50:40.627000+00:00
p10,2019-11-19,505,2019-11-18T22:00:30,577,2019-11-19T07:38:00,stages,93,72,12.4783,23.3663,17.2277,71.2647,79,64,11716,34,284,545,18,1383,1028,3,3,3,2,2019-11-19T07:41:12.081000+00:00
p10,2019-11-20,319,2019-11-19T23:49:30,368,2019-11-20T05:58:00,stages,92,49,13.3152,13.7931,16.3009,77.1491,62,67,14211,8,424,640,0,1419,1061,3,2,2,1,2019-11-20T05:37:21.824000+00:00
p10,2019-11-21,497,2019-11-20T22:54:30,551,2019-11-21T08:05:30,stages,94,54,9.80036,28.5714,18.7123,69.2863,86,69,10384,7,287,595,1,1417,1060,4,4,4,3,2019-11-21T08:00:29.498000+00:00
p10,2019-11-22,392,2019-11-21T23:31:00,448,2019-11-22T06:59:00,stages,93,56,12.5,27.551,19.3878,71.5957,74,67,12639,58,215,719,9,1214,856,2,1,2,2,2019-11-22T06:50:03.050000+00:00
p10,2019-11-23,417,2019-11-23T00:37:00,472,2019-11-23T08:29:30,stages,93,55,11.6525,21.8225,22.7818,74.5565,75,69,15956,124,273,571,38,1254,896,4,4,4,3,2019-11-23T14:28:04.903000+00:00
p10,2019-11-24,553,2019-11-24T00:43:00,626,2019-11-24T11:09:30,stages,93,73,11.6613,24.0506,17.9024,70.0851,86,70,9351,28,266,520,0,1384,1025,3,3,3,3,2019-11-24T10:09:28.271000+00:00
p10,2019-11-25,354,2019-11-25T00:13:00,434,2019-11-25T07:27:00,stages,87,80,18.4332,15.5367,10.1695,70.5207,66,70,8378,15,273,718,2,1416,1058,3,1,1,1,2019-11-25T07:12:52.715000+00:00
p10,2019-11-26,403,2019-11-25T23:46:00,448,2019-11-26T07:14:30,stages,91,45,10.0446,27.7916,17.866,71.8923,79,69,14863,13,419,560,11,1371,1013,3,3,4,2,2019-11-26T08:01:12.940000+00:00
p10,2019-11-27,428,2019-11-27T00:59:00,466,2019-11-27T08:45:30,stages,90,38,8.15451,22.1963,23.5981,71.7945,80,69,2150,0,124,850,0,1399,1045,3,2,4,3,2019-11-27T08:11:01.537000+00:00
p10,2019-11-28,414,2019-11-27T23:43:00,467,2019-11-28T07:30:30,stages,93,53,11.349,24.3961,12.0773,73.6708,77,69,12326,48,292,633,1,1417,1059,3,1,4,3,2019-11-28T06:32:45.068000+00:00
p10,2019-11-29,456,2019-11-28T23:31:30,515,2019-11-29T08:06:30,stages,90,59,11.4563,24.1228,14.693,64.4605,84,70,13214,53,209,663,0,1274,917,,,,,
p10,2019-11-30,620,2019-11-30T01:29:30,763,2019-11-30T14:12:30,stages,87,143,18.7418,12.4194,18.0645,81.2688,70,68,644,0,78,599,68,1248,893,2,2,2,2,2019-11-30T13:12:26.421000+00:00
p10,2019-12-01,,,,,,,,,,,,,,8346,12,291,1137,74,1422,1064,3,2,2,3,2019-12-01T09:09:16.482000+00:00
p10,2019-12-02,437,2019-12-01T22:47:00,496,2019-12-02T07:03:30,stages,95,59,11.8952,24.9428,6.86499,62.5433,83,69,12684,13,377,554,0,1398,1042,3,1,2,2,2019-12-02T08:10:58.240000+00:00
p10,2019-12-03,411,2019-12-02T23:38:00,455,2019-12-03T07:13:00,stages,94,44,9.67033,18.4915,11.6788,62.1819,80,67,10057,19,250,716,17,1355,997,4,3,3,3,2019-12-03T09:14:44.071000+00:00
p10,2019-12-04,387,2019-12-03T23:35:00,459,2019-12-04T07:14:30,stages,91,72,15.6863,21.1886,8.26873,68.4427,75,64,10880,66,208,707,0,1423,1063,3,2,2,2,2019-12-04T07:00:49.799000+00:00
p10,2019-12-05,498,2019-12-04T23:29:30,553,2019-12-05T08:42:30,stages,92,55,9.94575,30.3213,22.49,73.6028,83,66,12663,57,276,554,6,1432,1072,3,1,3,2,2019-12-05T08:25:41.797000+00:00
p10,2019-12-06,413,2019-12-06T00:55:30,483,2019-12-06T08:58:30,stages,86,70,14.4928,25.4237,13.3172,74.6177,71,69,13972,61,363,533,22,1413,1056,2,1,1,2,2019-12-06T08:08:39.397000+00:00
p10,2019-12-07,617,2019-12-07T00:46:30,691,2019-12-07T12:17:30,stages,95,74,10.7091,29.3355,18.1524,70.3916,86,71,17145,44,366,339,2,1423,1068,3,3,4,3,2019-12-07T11:17:46.944000+00:00
p10,2019-12-08,454,2019-12-08T01:49:30,512,2019-12-08T10:22:00,stages,91,58,11.3281,22.0264,13.8767,65.7866,82,70,20193,116,343,469,50,1379,1024,4,2,4,4,2019-12-08T14:51:29.405000+00:00
p10,2019-12-09,362,2019-12-09T00:52:00,413,2019-12-09T07:45:30,stages,92,51,12.3487,21.2707,13.8122,67.8312,75,68,9881,12,274,741,2,1401,1046,3,2,3,3,2019-12-09T07:12:33.740000+00:00
p10,2019-12-10,469,2019-12-10T00:17:30,527,2019-12-10T09:04:30,stages,90,58,11.0057,25.7996,19.403,66.669,83,67,14911,83,258,572,40,1420,1060,3,2,2,2,2019-12-10T08:16:02.169000+00:00
p10,2019-12-11,431,2019-12-11T00:11:30,470,2019-12-11T08:01:30,stages,92,39,8.29787,25.29,14.6172,68.789,82,66,6734,10,197,763,0,1420,1062,3,2,2,3,2019-12-11T07:32:21.761000+00:00
p10,2019-12-12,452,2019-12-12T00:53:30,502,2019-12-12T09:15:30,stages,93,50,9.96016,24.3363,14.1593,64.7317,84,68,8419,34,223,681,6,1266,907,4,2,4,4,2019-12-12T13:25:29.135000+00:00
p10,2019-12-13,483,2019-12-12T23:48:00,550,2019-12-13T08:58:00,stages,86,67,12.1818,23.8095,19.4617,72.094,82,67,21336,101,323,466,2,1427,1068,3,1,1,3,2019-12-13T08:31:29.677000+00:00
p10,2019-12-14,497,2019-12-14T00:26:30,584,2019-12-14T10:10:30,stages,87,87,14.8973,13.6821,15.0905,78.5662,73,67,18638,127,295,434,10,1422,1064,2,1,2,3,2019-12-14T09:44:32.481000+00:00
p10,2019-12-15,479,2019-12-14T23:33:30,532,2019-12-15T08:26:00,stages,92,53,9.96241,15.0313,14.1962,73.4225,75,69,8988,23,273,612,2,1411,1056,3,1,2,3,2019-12-15T08:14:08.514000+00:00
p10,2019-12-16,631,2019-12-15T23:08:30,763,2019-12-16T11:52:00,stages,93,132,17.3001,7.60697,6.49762,70.3346,73,71,3440,0,153,524,0,1414,1056,3,1,2,3,2019-12-16T12:44:42.545000+00:00
p10,2019-12-17,465,2019-12-17T01:20:00,527,2019-12-17T10:07:30,stages,86,62,11.7647,19.7849,15.6989,67.5782,80,69,6784,27,216,670,1,1381,1037,3,2,3,3,2019-12-17T09:11:34.465000+00:00
p10,2019-12-18,431,2019-12-18T01:52:00,476,2019-12-18T09:48:30,stages,93,45,9.45378,32.0186,11.1369,69.3763,84,70,7009,10,264,690,0,1368,1016,3,2,4,3,2019-12-18T08:49:20.833000+00:00
p10,2019-12-19,438,2019-12-18T23:53:30,489,2019-12-19T08:03:00,stages,91,51,10.4294,18.9498,19.1781,70.2737,80,70,11392,24,277,650,1,1404,1047,3,2,2,2,2019-12-19T07:20:29.333000+00:00
p10,2019-12-20,464,2019-12-19T23:45:00,516,2019-12-20T08:21:30,stages,93,52,10.0775,20.0431,19.181,71.0382,80,70,11941,20,304,540,1,1411,1051,3,2,2,3,2019-12-20T08:19:56.679000+00:00
p10,2019-12-21,452,2019-12-21T01:38:00,527,2019-12-21T10:25:30,stages,90,75,14.2315,25.6637,12.3894,68.1056,80,69,15700,37,475,401,0,1413,1057,2,2,2,2,2019-12-21T09:26:26.270000+00:00
p10,2019-12-22,471,2019-12-22T01:00:00,542,2019-12-22T10:02:00,stages,89,71,13.0996,21.0191,14.0127,67.7183,77,68,12972,28,337,533,1,1297,937,3,2,2,3,2019-12-22T10:51:19.896000+00:00
p10,2019-12-23,,,,,,,,,,,,,,16109,57,471,912,1,876,876,3,2,2,3,2019-12-23T08:47:53.938000+00:00
p10,2019-12-24,534,2019-12-24T00:32:00,588,2019-12-24T10:20:00,stages,94,54,9.18367,25.6554,18.1648,68.1939,87,68,12134,36,275,541,2,925,571,,,,,
p10,2019-12-25,,,,,,,,,,,,,,2367,0,139,1301,0,555,555,3,3,3,3,2019-12-25T12:35:48.111000+00:00
p10,2019-12-26,,,,,,,,,,,,,,4915,12,231,1197,0,780,778,4,3,2,3,2019-12-26T11:12:18.686000+00:00
p10,2019-12-27,460,2019-12-27T01:53:30,541,2019-12-27T10:54:30,stages,91,81,14.9723,21.087,5.43478,67.6036,72,67,9438,0,337,562,0,1383,1028,3,2,2,3,2019-12-27T09:59:16.438000+00:00
p10,2019-12-28,460,2019-12-27T23:28:30,534,2019-12-28T08:23:00,stages,85,74,13.8577,20.6522,17.8261,67.7481,76,67,14184,69,361,476,6,1409,1054,3,2,2,3,2019-12-28T09:04:44.019000+00:00
p10,2019-12-29,446,2019-12-28T23:45:30,514,2019-12-29T08:19:30,stages,89,68,13.2296,17.9372,20.4036,78.1613,71,66,13724,64,379,483,17,1424,1068,4,2,2,4,2019-12-29T09:11:30.976000+00:00
p10,2019-12-30,561,2019-12-30T00:46:30,635,2019-12-30T11:21:30,stages,88,74,11.6535,22.9947,19.0731,74.0426,82,68,10563,20,358,427,5,1420,1062,4,3,2,2,2019-12-30T10:27:20.737000+00:00
p10,2019-12-31,589,2019-12-31T00:04:00,645,2019-12-31T10:49:30,stages,92,56,8.68217,18.8455,16.2988,71.019,84,69,11895,10,383,402,13,1423,1068,4,3,3,3,2019-12-31T10:37:48.038000+00:00
p10,2020-01-01,642,2020-01-01T00:37:00,788,2020-01-01T13:45:00,stages,88,146,18.5279,7.16511,18.0685,80.4793,68,69,1026,0,67,585,1,1015,657,,,,,
p10,2020-01-02,530,2020-01-02T00:03:00,590,2020-01-02T09:53:00,stages,93,60,10.1695,22.4528,10.566,66.0487,87,69,15516,112,282,456,14,1240,883,4,3,2,2,2020-01-02T10:38:49.912000+00:00
p10,2020-01-03,,,,,,,,,,,,,,12517,58,198,1184,66,871,871,3,2,1,2,2020-01-03T18:25:23.076000+00:00
p10,2020-01-04,,,,,,,,,,,,,,17854,135,209,1096,2,732,732,4,4,4,2,2020-01-04T12:47:19.584000+00:00
p10,2020-01-05,,,,,,,,,,,,,,0,0,10,1430,0,6,6,3,2,2,2,2020-01-05T12:09:36.231000+00:00
p10,2020-01-06,,,,,,,,,,,,,,12098,53,232,1155,46,899,899,3,2,2,2,2020-01-06T09:45:11.430000+00:00
p10,2020-01-07,386,2020-01-07T00:54:30,441,2020-01-07T08:15:30,stages,90,55,12.4717,20.9845,4.66321,68.7111,73,68,10160,26,261,712,0,1385,1028,3,1,2,2,2020-01-07T07:18:54.019000+00:00
p10,2020-01-08,383,2020-01-08T00:22:00,429,2020-01-08T07:31:30,stages,95,46,10.7226,30.8094,16.188,68.604,80,70,11295,17,367,627,8,1383,1025,,,,,
p10,2020-01-09,448,2020-01-08T23:55:00,487,2020-01-09T08:02:30,stages,95,39,8.00821,22.0982,17.8571,69.3262,85,70,4892,10,158,785,1,1247,887,3,2,3,1,2020-01-09T07:51:22.668000+00:00
p10,2020-01-10,,,,,,,,,,,,,,17244,92,269,1079,26,907,907,2,2,2,1,2020-01-10T06:52:31.953000+00:00
p10,2020-01-11,452,2020-01-11T01:30:30,511,2020-01-11T10:02:00,stages,89,59,11.546,20.354,21.4602,75.6474,76,70,10608,66,189,674,0,836,477,,,,,
p10,2020-01-12,,,,,,,,,,,,,,12331,76,189,1175,5,821,808,3,1,2,2,2020-01-12T10:08:19.412000+00:00
p10,2020-01-13,410,2020-01-13T00:03:00,449,2020-01-13T07:32:00,stages,96,39,8.68597,20.4878,12.6829,70.0445,82,71,14310,94,258,639,46,1366,1012,3,2,2,2,2020-01-13T14:33:11.208000+00:00
p10,2020-01-14,492,2020-01-13T23:45:00,544,2020-01-14T08:49:30,stages,91,52,9.55882,27.6423,13.0081,68.0082,88,69,11479,44,256,596,5,1404,1047,3,1,2,2,2020-01-14T07:54:38.725000+00:00
p10,2020-01-15,419,2020-01-15T01:12:30,463,2020-01-15T08:56:00,stages,94,44,9.50324,32.6969,15.0358,66.9301,79,68,8160,20,210,747,4,1389,1033,,,,,
p10,2020-01-16,423,2020-01-15T23:27:00,473,2020-01-16T07:20:30,stages,97,50,10.5708,25.5319,17.9669,66.6687,84,68,10730,29,181,757,24,1184,824,3,2,3,3,2020-01-16T06:31:17.239000+00:00
p10,2020-01-17,460,2020-01-17T00:36:00,508,2020-01-17T09:04:30,stages,93,48,9.44882,28.4783,17.6087,72.0226,78,67,8114,11,264,657,2,1397,1041,3,1,2,3,2020-01-17T08:29:24.766000+00:00
p10,2020-01-18,412,2020-01-18T03:14:00,467,2020-01-18T11:01:30,stages,90,55,11.7773,28.3981,16.7476,88.6067,72,69,7731,48,251,591,1,1411,1058,,,,,
p10,2020-01-19,467,2020-01-19T00:45:30,530,2020-01-19T09:36:00,stages,92,63,11.8868,21.6274,23.5546,71.9026,79,69,11814,28,321,561,25,1295,935,4,3,3,3,2020-01-19T10:05:49.753000+00:00
p10,2020-01-20,,,,,,,,,,,,,,13921,78,275,1087,5,847,847,3,2,2,2,2020-01-20T10:33:11.866000+00:00
p10,2020-01-21,434,2020-01-21T00:00:00,488,2020-01-21T08:08:00,stages,92,54,11.0656,18.6636,9.21659,70.7232,80,70,13855,89,248,615,25,1407,1049,,,,,
p10,2020-01-22,462,2020-01-21T23:33:00,528,2020-01-22T08:21:30,stages,90,66,12.5,12.987,18.8312,67.1509,78,68,9414,38,207,667,0,1386,1027,3,2,2,2,2020-01-22T07:54:00.358000+00:00
p10,2020-01-23,419,2020-01-22T23:43:00,483,2020-01-23T07:46:30,stages,90,64,13.2505,14.3198,11.2172,68.4277,71,67,12283,68,244,645,2,1337,981,2,1,2,2,2020-01-23T08:32:17.666000+00:00
p10,2020-01-24,429,2020-01-24T00:43:30,486,2020-01-24T08:49:30,stages,91,57,11.7284,27.972,15.3846,69.6563,77,67,9230,40,262,652,6,1392,1036,3,2,2,2,2020-01-24T07:54:46.648000+00:00
p10,2020-01-25,480,2020-01-25T00:37:30,552,2020-01-25T09:49:30,stages,88,72,13.0435,23.3333,14.375,73.161,74,68,19225,120,252,516,3,1401,1046,2,2,2,2,2020-01-25T08:55:27.193000+00:00
p10,2020-01-26,428,2020-01-26T02:13:59.999999999,488,2020-01-26T10:22:30,stages,90,60,12.2951,20.7944,13.3178,69.8299,79,69,15798,111,238,603,7,1389,1041,3,1,2,2,2020-01-26T09:26:34.064000+00:00
p10,2020-01-27,406,2020-01-26T23:51:00,448,2020-01-27T07:19:30,stages,94,42,9.375,19.7044,8.12808,69.5676,78,69,10003,69,280,643,31,1374,1015,,,,,
p10,2020-01-28,356,2020-01-28T00:19:30,428,2020-01-28T07:28:00,stages,94,72,16.8224,26.9663,17.1348,70.0561,69,69,10606,53,247,712,15,1408,1053,2,1,1,1,2020-01-28T07:02:34.474000+00:00
p10,2020-01-29,396,2020-01-29T01:08:30,480,2020-01-29T09:08:30,stages,92,84,17.5,20.7071,11.1111,68.9488,66,69,10134,24,241,695,1,1184,833,3,1,1,2,2020-01-29T08:13:26.712000+00:00
p10,2020-01-30,443,2020-01-29T23:45:00,502,2020-01-30T08:07:30,stages,92,59,11.753,20.7675,14.6727,68.9438,79,67,12647,73,209,656,2,1416,1057,3,3,3,3,2020-01-30T07:55:07.510000+00:00
p10,2020-01-31,369,2020-01-31T00:42:00,406,2020-01-31T07:28:30,stages,95,37,9.1133,23.5772,9.7561,70.0458,75,65,10562,30,251,753,8,1394,1034,,,,,
p10,2020-02-01,486,2020-02-01T01:00:30,533,2020-02-01T09:53:30,stages,91,47,8.81801,27.3663,5.55556,67.2273,85,65,22671,155,296,456,14,1374,1018,3,3,3,3,2020-02-01T09:42:08.295000+00:00
p10,2020-02-02,497,2020-02-02T01:42:00,543,2020-02-02T10:45:30,stages,93,46,8.47145,25.9557,17.3038,68.5077,84,64,17885,89,299,509,7,1379,1025,3,2,4,3,2020-02-02T09:47:54.776000+00:00
p10,2020-02-03,336,2020-02-03T01:11:00,396,2020-02-03T07:47:30,stages,86,60,15.1515,22.9167,16.6667,72.267,65,63,10100,40,304,700,19,1413,1056,3,1,2,2,2020-02-03T07:23:02.776000+00:00
p10,2020-02-04,486,2020-02-03T22:38:00,539,2020-02-04T07:37:30,stages,95,53,9.83302,29.4239,12.3457,65.2488,88,65,8597,89,209,603,22,1368,1008,4,3,4,3,2020-02-04T07:25:28.061000+00:00
p10,2020-02-05,441,2020-02-04T23:32:00,497,2020-02-05T07:49:30,stages,93,56,11.2676,29.7052,10.4308,66.938,83,64,11098,51,249,643,4,1230,871,3,2,2,2,2020-02-05T07:05:17.931000+00:00
p10,2020-02-06,438,2020-02-06T00:25:00,498,2020-02-06T08:43:30,stages,88,60,12.0482,23.516,20.5479,78.8876,75,64,10308,42,324,576,1,1418,1061,3,2,2,2,2020-02-06T07:46:01.532000+00:00
p10,2020-02-07,481,2020-02-06T22:42:00,541,2020-02-07T07:43:30,stages,94,60,11.0906,27.027,18.2952,71.522,82,65,15472,63,294,542,23,1390,1033,3,3,3,3,2020-02-07T07:24:00.257000+00:00
p10,2020-02-08,403,2020-02-08T01:40:30,480,2020-02-08T09:41:00,stages,91,77,16.0417,20.3474,20.3474,81.887,66,67,5667,53,155,752,11,1069,716,3,2,3,3,2020-02-08T09:20:25.850000+00:00
p10,2020-02-09,453,2020-02-09T01:52:30,497,2020-02-09T10:09:30,stages,92,44,8.85312,23.6203,18.1015,74.1907,79,69,16729,142,251,550,27,1375,1024,3,3,3,3,2020-02-09T09:10:38.946000+00:00
p10,2020-02-10,375,2020-02-09T23:26:30,427,2020-02-10T06:33:30,stages,89,52,12.178,15.7333,15.4667,70.2989,73,69,18227,100,343,570,18,1240,905,3,1,1,2,2020-02-10T06:09:26.311000+00:00
p10,2020-02-11,378,2020-02-10T23:49:00,418,2020-02-11T06:47:00,stages,94,40,9.56938,22.2222,21.4286,69.721,81,69,9343,0,243,779,1,933,577,3,2,2,2,2020-02-11T08:01:20.976000+00:00
p10,2020-02-12,,,,,,,,,,,,,,20445,129,221,1090,34,876,876,2,2,2,2,2020-02-12T08:04:01.350000+00:00
p10,2020-02-13,427,2020-02-12T23:16:30,462,2020-02-13T06:58:30,stages,94,35,7.57576,21.3115,14.9883,69.8642,82,68,12133,65,218,695,20,1012,656,3,3,4,3,2020-02-13T06:43:23.718000+00:00
p10,2020-02-14,293,2020-02-14T02:24:30,335,2020-02-14T07:59:30,stages,87,42,12.5373,24.5734,26.9625,85.0261,64,68,12357,100,154,851,10,919,632,,,,,
p16,2019-11-01,383,2019-11-01T03:09:00,426,2019-11-01T10:15:00,stages,91,43,10.0939,21.4099,26.893,60.8829,82,63,3062,0,107,907,0,1333,1049,,,,,
p16,2019-11-02,397,2019-11-02T03:56:30,472,2019-11-02T11:49:00,stages,94,75,15.8898,3.52645,18.8917,62.1634,74,65,1472,0,94,874,0,1257,967,,,,,
p16,2019-11-03,342,2019-11-03T05:14:30,391,2019-11-03T11:46:00,stages,92,49,12.532,18.1287,21.9298,62.3713,72,66,610,0,59,990,0,1123,876,,,,,
p16,2019-11-04,530,2019-11-04T01:37:00,608,2019-11-04T11:45:00,stages,89,78,12.8289,16.9811,18.6792,59.4709,84,67,2177,12,80,740,0,1077,735,,,,,
p16,2019-11-05,492,2019-11-05T04:36:30,557,2019-11-05T13:53:30,stages,92,65,11.6697,15.8537,25,59.243,86,66,1690,0,67,816,0,1133,939,,,,,
p16,2019-11-06,470,2019-11-06T02:53:30,585,2019-11-06T12:39:00,stages,86,115,19.6581,14.6809,27.0213,57.7609,74,65,597,0,53,802,0,1228,928,,,,,
p16,2019-11-07,343,2019-11-07T03:19:00,386,2019-11-07T09:45:00,stages,91,43,11.1399,17.2012,23.0321,61.2605,76,64,4588,37,92,925,0,1342,986,,,,,
p16,2019-11-08,375,2019-11-08T02:38:30,436,2019-11-08T09:55:00,stages,89,61,13.9908,17.3333,24.8,64.5623,73,64,4786,28,109,867,0,1371,1016,,,,,
p16,2019-11-09,596,2019-11-09T00:42:30,677,2019-11-09T12:00:00,stages,92,81,11.9645,20.9732,23.8255,60.174,89,65,1709,0,78,685,0,1200,841,,,,,
p16,2019-11-10,361,2019-11-10T04:19:30,399,2019-11-10T10:59:00,stages,92,38,9.52381,28.5319,27.4238,61.1006,79,65,729,0,54,987,0,966,762,,,,,
p16,2019-11-11,517,2019-11-11T03:43:00,560,2019-11-11T13:03:30,stages,95,43,7.67857,23.5977,29.207,61.4577,92,65,340,0,29,851,0,956,598,,,,,
p16,2019-11-12,382,2019-11-12T01:58:00,437,2019-11-12T09:15:30,stages,92,55,12.5858,10.2094,32.199,64.967,76,66,4724,28,95,880,2,1119,761,,,,,
p16,2019-11-13,495,2019-11-13T03:42:00,575,2019-11-13T13:17:30,stages,92,80,13.913,21.6162,28.8889,64.2622,86,66,1061,0,56,809,0,1128,821,,,,,
p16,2019-11-14,315,2019-11-14T04:42:00,367,2019-11-14T10:49:30,stages,93,52,14.1689,6.66667,35.5556,69.4025,68,67,4203,34,77,962,7,1179,925,,,,,
p16,2019-11-15,388,2019-11-15T02:56:30,432,2019-11-15T10:08:30,stages,94,44,10.1852,19.0722,23.9691,65.3852,78,68,4553,13,102,893,0,1278,986,4,3,3,4,2019-11-15T09:10:38.176000+00:00
p16,2019-11-16,433,2019-11-16T03:05:30,492,2019-11-16T11:18:00,stages,91,59,11.9919,21.2471,27.0208,62.99,85,68,2679,0,135,813,0,1307,994,4,3,3,4,2019-11-16T10:12:21.656000+00:00
p16,2019-11-17,445,2019-11-17T05:14:30,527,2019-11-17T14:01:30,stages,96,82,15.5598,10.7865,31.4607,64.1389,79,67,1594,0,89,824,0,1231,948,4,3,3,3,2019-11-17T13:11:16.929000+00:00
p16,2019-11-18,463,2019-11-18T05:20:30,542,2019-11-18T14:23:00,stages,89,79,14.5756,13.3909,22.8942,62.8966,77,68,1838,13,67,818,1,1312,1044,3,3,3,3,2019-11-18T13:35:09.877000+00:00
p16,2019-11-19,355,2019-11-19T06:06:00,415,2019-11-19T13:01:00,stages,92,60,14.4578,15.7746,25.9155,63.1099,73,67,1998,0,90,935,0,1306,1072,4,3,3,4,2019-11-19T12:14:45.051000+00:00
p16,2019-11-20,404,2019-11-20T04:55:00,478,2019-11-20T12:53:30,stages,88,74,15.4812,15.099,23.0198,63.8405,72,67,1233,0,91,871,0,1230,947,3,2,2,3,2019-11-20T12:37:34.978000+00:00
p16,2019-11-21,372,2019-11-21T03:29:30,432,2019-11-21T10:41:30,stages,90,60,13.8889,17.4731,25.5376,65.1898,74,68,5438,11,117,880,0,1290,977,3,2,3,3,2019-11-21T10:36:38.531000+00:00
p16,2019-11-22,494,2019-11-22T04:46:30,584,2019-11-22T14:31:00,stages,87,90,15.411,17.4089,26.3158,65.4501,83,68,4593,29,118,709,0,1223,911,3,2,2,3,2019-11-22T13:47:17.976000+00:00
p16,2019-11-23,413,2019-11-23T06:14:00,479,2019-11-23T14:13:30,stages,91,66,13.7787,15.7385,24.9395,64.8109,74,68,2103,0,88,873,2,1265,975,3,3,3,3,2019-11-23T14:01:04.348000+00:00
p16,2019-11-24,410,2019-11-24T06:46:00,474,2019-11-24T14:40:30,stages,93,64,13.5021,12.9268,26.3415,64.2582,77,69,1124,0,79,887,0,1215,941,4,4,3,3,2019-11-24T13:47:23.480000+00:00
p16,2019-11-25,400,2019-11-25T06:53:00,472,2019-11-25T14:45:30,stages,94,72,15.2542,15.75,25.5,62.6512,75,68,847,0,56,912,0,1266,980,3,3,3,3,2019-11-25T14:25:30.374000+00:00
p16,2019-11-26,446,2019-11-26T06:07:30,526,2019-11-26T14:54:00,stages,92,80,15.2091,18.3857,25.1121,61.7676,80,68,907,0,67,847,0,1270,985,3,3,3,3,2019-11-26T14:08:59.095000+00:00
p16,2019-11-27,232,2019-11-27T05:55:30,278,2019-11-27T10:33:30,stages,91,46,16.5468,5.17241,25.431,63.3171,57,66,4527,21,104,1037,0,1276,1004,2,2,2,3,2019-11-27T09:53:29.109000+00:00
p16,2019-11-28,367,2019-11-28T03:58:30,420,2019-11-28T10:58:30,stages,93,53,12.619,16.6213,21.7984,62.5822,75,67,4089,22,98,900,0,1162,948,3,3,4,3,2019-11-28T10:33:35.004000+00:00
p16,2019-11-29,533,2019-11-29T03:31:00,617,2019-11-29T13:48:00,stages,87,84,13.6143,18.3865,26.6417,63.9425,85,66,2965,0,121,702,0,1280,922,3,3,3,3,2019-11-29T13:02:30.500000+00:00
p16,2019-11-30,506,2019-11-30T05:27:30,569,2019-11-30T14:56:30,stages,96,63,11.0721,23.5178,26.087,60.7348,91,66,2061,10,91,770,0,1248,943,4,3,3,3,2019-11-30T14:09:18.960000+00:00
p16,2019-12-01,413,2019-12-01T06:27:00,459,2019-12-01T14:06:00,stages,96,46,10.0218,15.4964,25.4237,60.5382,80,65,1007,0,69,912,0,1257,956,4,3,3,3,2019-12-01T13:43:15.163000+00:00
p16,2019-12-02,405,2019-12-02T05:53:30,467,2019-12-02T13:41:00,stages,95,62,13.2762,17.037,23.4568,60.577,76,66,2161,0,93,880,0,1269,991,,,,,
p16,2019-12-03,403,2019-12-03T06:42:00,462,2019-12-03T14:24:30,stages,93,59,12.7706,15.8809,22.0844,62.6775,75,66,865,0,77,901,0,1165,938,3,3,2,3,2019-12-03T14:55:30.289000+00:00
p16,2019-12-04,473,2019-12-04T05:34:30,541,2019-12-04T14:35:30,stages,94,68,12.5693,19.0275,22.4101,59.9262,83,67,2232,12,126,761,1,1236,973,3,4,4,2,2019-12-04T13:59:40.278000+00:00
p16,2019-12-05,404,2019-12-05T05:59:00,460,2019-12-05T13:39:30,stages,94,56,12.1739,15.099,21.7822,62.4234,77,66,2445,11,170,799,0,1293,1019,3,3,4,3,2019-12-05T12:41:07.409000+00:00
p16,2019-12-06,384,2019-12-06T06:33:30,421,2019-12-06T13:35:00,stages,93,37,8.7886,20.0521,25.5208,66.5075,76,66,1866,9,75,935,0,1250,961,3,3,3,3,2019-12-06T14:03:04.648000+00:00
p16,2019-12-07,390,2019-12-07T07:11:00,452,2019-12-07T14:43:00,stages,93,62,13.7168,16.1538,22.3077,65.7497,74,68,487,0,36,952,0,1074,973,3,3,3,2,2019-12-07T14:48:46.941000+00:00
p16,2019-12-08,399,2019-12-08T06:28:00,481,2019-12-08T14:29:00,stages,87,82,17.0478,19.7995,31.8296,65.8845,73,68,771,0,56,903,0,1217,932,3,3,3,1,2019-12-08T14:25:31.822000+00:00
p16,2019-12-09,167,2019-12-09T08:50:30,206,2019-12-09T12:17:00,stages,89,39,18.932,12.5749,22.1557,77.2155,55,68,5002,15,124,1095,0,1107,792,3,3,2,1,2019-12-09T12:31:52.995000+00:00
p16,2019-12-10,483,2019-12-10T05:18:30,539,2019-12-10T14:17:30,stages,94,56,10.3896,21.9462,16.7702,62.5801,88,69,2938,0,144,757,0,1344,1075,3,3,3,3,2019-12-10T15:13:44.895000+00:00
p16,2019-12-11,466,2019-12-11T06:18:00,532,2019-12-11T15:10:30,stages,94,66,12.406,12.4464,28.5408,62.7582,81,67,871,0,71,837,0,1217,980,4,3,3,4,2019-12-11T14:28:29.629000+00:00
p16,2019-12-12,478,2019-12-12T05:22:00,548,2019-12-12T14:30:00,stages,90,70,12.7737,18.6192,18.2008,61.2697,80,66,1608,10,60,822,0,1212,915,3,3,3,3,2019-12-12T17:05:43.112000+00:00
p16,2019-12-13,401,2019-12-13T07:05:30,463,2019-12-13T14:49:00,stages,91,62,13.3909,21.197,21.4464,66.5823,75,65,2942,9,104,864,1,985,726,5,3,3,4,2019-12-13T14:07:18.081000+00:00
p16,2019-12-14,527,2019-12-14T07:06:30,609,2019-12-14T17:15:30,stages,90,82,13.4647,19.5446,21.4421,65.4715,83,66,2166,0,88,743,1,1411,1055,,,,,
p16,2019-12-15,,,,,,,,,,,,,,558,0,50,836,0,1375,1073,,,,,
p16,2019-12-16,,,,,,,,,,,,,,522,0,56,1384,0,1161,864,,,,,
p16,2019-12-17,696,2019-12-17T00:33:00,815,2019-12-17T14:08:30,stages,89,119,14.6012,18.6782,26.2931,58.6158,86,66,567,0,45,580,0,1426,1072,,,,,
p16,2019-12-18,389,2019-12-18T06:11:30,440,2019-12-18T13:32:00,stages,93,51,11.5909,17.9949,25.4499,60.2451,76,63,7497,53,154,793,0,1407,1051,,,,,
p16,2019-12-19,321,2019-12-19T07:00:00,379,2019-12-19T13:19:00,stages,93,58,15.3034,14.0187,23.3645,61.6592,68,62,2073,0,94,967,0,1248,1002,,,,,
p16,2019-12-20,326,2019-12-20T06:07:30,402,2019-12-20T12:49:30,stages,92,76,18.9055,5.52147,28.8344,66.3705,60,63,3141,0,131,907,3,1350,1050,,,,,
p16,2019-12-21,505,2019-12-21T05:36:30,571,2019-12-21T15:08:00,stages,92,66,11.5587,20,30.495,62.9561,89,64,866,0,60,809,0,1429,1074,3,3,4,3,2019-12-21T14:34:37.316000+00:00
p16,2019-12-22,495,2019-12-22T05:36:30,565,2019-12-22T15:02:00,stages,93,70,12.3894,9.29293,27.6768,61.1854,85,65,947,0,69,806,0,1431,1071,3,3,3,3,2019-12-22T14:48:15.397000+00:00
p16,2019-12-23,402,2019-12-23T05:30:30,471,2019-12-23T13:22:00,stages,94,69,14.6497,14.4279,28.1095,58.312,75,65,1828,0,126,843,0,1361,1056,4,3,3,4,2019-12-23T16:11:49.511000+00:00
p16,2019-12-24,362,2019-12-24T05:18:00,413,2019-12-24T12:11:30,stages,91,51,12.3487,20.442,19.0608,61.3872,77,64,4974,27,147,853,0,1428,1070,5,3,4,4,2019-12-24T13:05:09.477000+00:00
p16,2019-12-25,504,2019-12-25T06:08:00,562,2019-12-25T15:30:00,stages,92,58,10.3203,26.3889,26.1905,63.2351,89,64,2354,10,92,776,0,1294,945,3,3,3,3,2019-12-25T16:13:28.846000+00:00
p16,2019-12-26,475,2019-12-26T04:53:30,554,2019-12-26T14:07:30,stages,92,79,14.2599,15.5789,27.3684,59.2796,80,65,1224,0,85,801,0,1432,1075,3,3,4,3,2019-12-26T14:33:03.715000+00:00
p16,2019-12-27,357,2019-12-27T05:35:30,413,2019-12-27T12:28:30,stages,92,56,13.5593,13.4454,20.7283,61.7337,72,65,8280,60,228,739,0,1410,1061,3,2,2,3,2019-12-27T12:09:50.138000+00:00
p16,2019-12-28,443,2019-12-28T04:51:00,491,2019-12-28T13:02:00,stages,91,48,9.77597,19.6388,18.9616,61.878,83,65,2539,0,118,831,0,1413,1061,,,,,
p16,2019-12-29,391,2019-12-29T06:04:30,444,2019-12-29T13:28:30,stages,90,53,11.9369,20.2046,27.11,63.289,78,66,1556,0,89,907,0,1405,1045,4,3,3,4,2019-12-29T15:19:58.017000+00:00
p16,2019-12-30,291,2019-12-30T05:32:30,326,2019-12-30T10:58:30,stages,91,35,10.7362,9.62199,18.5567,69.1054,67,68,7533,23,274,817,0,1375,1071,3,2,3,3,2019-12-30T10:28:59.113000+00:00
p16,2019-12-31,476,2019-12-31T06:27:30,525,2019-12-31T15:12:30,stages,98,49,9.33333,21.2185,27.7311,64.0791,87,70,1659,0,100,815,0,1282,977,4,3,4,4,2019-12-31T15:33:55.272000+00:00
p16,2020-01-01,458,2020-01-01T07:54:00,536,2020-01-01T16:50:00,stages,87,78,14.5522,20.524,21.3974,75.1584,74,70,1731,10,184,710,0,1433,1073,4,2,3,4,2020-01-01T19:51:58.138000+00:00
p16,2020-01-02,233,2020-01-02T09:10:00,266,2020-01-02T13:36:30,stages,94,33,12.406,21.4592,22.7468,65.7129,68,72,2530,0,102,1072,0,1266,1044,,,,,
p16,2020-01-03,455,2020-01-03T07:36:00,534,2020-01-03T16:30:00,stages,93,79,14.794,18.2418,25.2747,62.4957,81,71,767,0,71,835,0,1323,1068,,,,,
p16,2020-01-04,403,2020-01-04T07:53:30,455,2020-01-04T15:28:30,stages,94,52,11.4286,18.6104,24.0695,60.612,79,69,1215,0,89,896,0,1188,945,,,,,
p16,2020-01-05,343,2020-01-05T08:54:00,395,2020-01-05T15:29:00,stages,89,52,13.1646,14.2857,12.828,61.4876,72,67,696,0,59,986,0,1245,949,,,,,
p16,2020-01-06,366,2020-01-06T07:56:00,414,2020-01-06T14:50:00,stages,93,48,11.5942,13.6612,24.5902,63.0087,76,66,389,0,39,987,0,1007,712,,,,,
p16,2020-01-07,334,2020-01-07T08:09:00,399,2020-01-07T14:48:00,stages,91,65,16.2907,8.38323,20.3593,61.6462,68,67,644,0,50,991,0,1251,942,3,2,2,3,2020-01-07T17:02:11.154000+00:00
p16,2020-01-08,369,2020-01-08T07:38:00,422,2020-01-08T14:40:00,stages,92,53,12.5592,19.7832,17.3442,65.0758,77,66,1071,0,91,927,0,1362,1054,3,3,3,3,2020-01-08T15:51:28.893000+00:00
p16,2020-01-09,373,2020-01-09T06:08:30,440,2020-01-09T13:29:00,stages,88,67,15.2273,10.1877,31.0992,65.3672,70,67,614,0,57,943,0,1323,1023,3,3,3,3,2020-01-09T17:51:51.226000+00:00
p16,2020-01-10,479,2020-01-10T06:53:30,553,2020-01-10T16:07:00,stages,94,74,13.3816,15.4489,24.8434,59.9938,80,67,2089,13,67,807,0,1311,1013,4,3,4,3,2020-01-10T19:02:44.297000+00:00
p16,2020-01-11,299,2020-01-11T08:57:30,351,2020-01-11T14:48:30,stages,87,52,14.8148,15.7191,17.7258,64.9366,63,65,1609,0,100,989,0,1297,1022,3,2,2,3,2020-01-11T18:17:16.338000+00:00
p16,2020-01-12,473,2020-01-12T06:18:00,563,2020-01-12T15:41:00,stages,93,90,15.9858,13.1078,22.1987,60.6154,77,66,1249,0,84,793,0,1168,1073,3,3,4,3,2020-01-12T18:46:27.289000+00:00
p16,2020-01-13,389,2020-01-13T07:53:30,453,2020-01-13T15:26:30,stages,90,64,14.128,16.9666,24.1645,61.6428,73,65,861,0,62,925,0,1292,998,4,3,3,4,2020-01-13T15:36:17.798000+00:00
p16,2020-01-14,430,2020-01-14T06:56:00,487,2020-01-14T15:03:30,stages,95,57,11.7043,20.9302,20,61.1359,83,65,693,0,66,887,0,1312,1016,3,3,4,3,2020-01-14T20:25:38.852000+00:00
p16,2020-01-15,372,2020-01-15T08:13:00,432,2020-01-15T15:25:30,stages,92,60,13.8889,17.7419,29.8387,62.1094,75,65,827,0,69,939,0,1304,1019,3,2,3,2,2020-01-15T18:26:40.418000+00:00
p16,2020-01-16,358,2020-01-16T06:54:00,405,2020-01-16T13:39:00,stages,98,47,11.6049,17.8771,27.3743,60.547,76,65,1205,0,82,953,0,1306,989,3,2,2,3,2020-01-16T15:51:03.957000+00:00
p16,2020-01-17,443,2020-01-17T06:17:00,496,2020-01-17T14:33:30,stages,91,53,10.6855,16.4786,25.7336,64.4483,79,64,2789,12,129,803,0,1269,966,3,3,2,2,2020-01-17T15:08:45.032000+00:00
p16,2020-01-18,307,2020-01-18T07:33:00,352,2020-01-18T13:25:30,stages,89,45,12.7841,14.3322,13.6808,62.1514,69,65,3036,11,117,960,0,1185,1029,,,,,
p16,2020-01-19,363,2020-01-19T05:40:00,414,2020-01-19T12:34:00,stages,95,51,12.3188,15.978,23.6915,59.2214,76,65,1129,0,84,942,0,1324,999,3,3,3,3,2020-01-19T14:31:20.354000+00:00
p16,2020-01-20,378,2020-01-20T05:17:30,428,2020-01-20T12:26:00,stages,93,50,11.6822,20.1058,18.254,61.441,76,64,1975,0,89,923,0,1274,997,3,3,3,3,2020-01-20T15:41:30.027000+00:00
p16,2020-01-21,279,2020-01-21T05:12:30,327,2020-01-21T10:40:00,stages,89,48,14.6789,14.3369,20.7885,65.4052,66,64,4620,24,110,979,4,1346,1051,3,2,3,2,2020-01-21T10:59:05.894000+00:00
p16,2020-01-22,462,2020-01-22T06:01:30,527,2020-01-22T14:48:30,stages,92,65,12.334,17.9654,26.6234,64.0406,79,65,2130,0,90,823,1,1282,1025,3,3,3,4,2020-01-22T16:24:59.350000+00:00
p16,2020-01-23,329,2020-01-23T07:12:30,378,2020-01-23T13:31:00,stages,92,49,12.963,8.20669,25.228,63.9054,69,66,2218,0,102,960,0,1266,1006,,,,,
p16,2020-01-24,477,2020-01-24T06:01:00,544,2020-01-24T15:05:30,stages,89,67,12.3162,16.1426,25.1572,62.6924,80,67,802,0,69,827,0,1336,1074,3,4,4,4,2020-01-24T16:44:41.251000+00:00
p16,2020-01-25,370,2020-01-25T08:07:00,404,2020-01-25T14:51:00,stages,97,34,8.41584,19.4595,25.4054,63.7279,80,67,1980,0,88,948,0,1377,1069,3,3,3,3,2020-01-25T21:12:46.123000+00:00
p16,2020-01-26,383,2020-01-26T07:58:30,451,2020-01-26T15:30:00,stages,97,68,15.0776,8.35509,25.3264,65.057,71,67,757,0,57,932,0,1352,1060,4,4,4,4,2020-01-26T18:32:55.419000+00:00
p16,2020-01-27,411,2020-01-27T07:03:00,462,2020-01-27T14:45:00,stages,90,51,11.039,10.4623,23.8443,62.1902,77,67,2118,0,101,877,0,1276,984,3,3,3,4,2020-01-27T15:42:41.937000+00:00
p16,2020-01-28,307,2020-01-28T08:08:00,351,2020-01-28T13:59:00,stages,92,44,12.5356,11.7264,25.7329,66.0677,68,67,954,0,78,1011,0,1371,1056,2,2,3,2,2020-01-28T20:52:35.948000+00:00
p16,2020-01-29,371,2020-01-29T08:47:00,427,2020-01-29T15:54:00,stages,93,56,13.1148,23.4501,18.8679,62.855,79,68,2126,9,94,910,0,1211,1070,3,3,3,2,2020-01-29T16:27:47.277000+00:00
p16,2020-01-30,361,2020-01-30T07:21:30,443,2020-01-30T14:45:00,stages,90,82,18.5102,8.31025,35.7341,63.9029,69,68,1017,0,77,920,0,1324,1049,,,,,
p16,2020-01-31,453,2020-01-31T06:25:30,513,2020-01-31T14:59:00,stages,94,60,11.6959,22.2958,22.5166,64.1558,84,68,2570,12,107,808,0,1250,989,,,,,
p16,2020-02-01,388,2020-02-01T08:05:00,433,2020-02-01T15:18:00,stages,91,45,10.3926,26.8041,25,63.6413,81,68,1217,0,95,912,0,1255,994,3,4,4,3,2020-02-01T19:44:20.845000+00:00
p16,2020-02-02,376,2020-02-02T07:41:30,417,2020-02-02T14:39:00,stages,93,41,9.83213,15.1596,24.4681,61.8317,76,68,1372,0,102,921,0,1291,987,3,3,3,2,2020-02-02T15:18:34.785000+00:00
p16,2020-02-03,443,2020-02-03T07:35:00,499,2020-02-03T15:54:30,stages,92,56,11.2224,20.7675,25.7336,62.9128,84,66,1063,0,83,858,0,1429,1073,,,,,
p16,2020-02-04,393,2020-02-04T07:57:00,453,2020-02-04T15:30:30,stages,94,60,13.245,22.6463,21.6285,60.7751,79,66,589,0,50,937,0,1036,756,3,3,3,3,2020-02-04T21:43:16.821000+00:00
p16,2020-02-05,348,2020-02-05T08:33:30,406,2020-02-05T15:20:00,stages,96,58,14.2857,14.3678,20.977,61.2418,73,66,2368,0,131,903,0,1299,996,,,,,
p16,2020-02-06,386,2020-02-06T08:20:00,443,2020-02-06T15:43:00,stages,95,57,12.8668,15.0259,28.4974,60.9507,77,65,819,0,69,928,0,1342,984,,,,,
p16,2020-02-07,433,2020-02-07T07:40:00,503,2020-02-07T16:03:30,stages,93,70,13.9165,22.6328,18.7067,60.4744,82,65,2583,0,108,829,0,1269,1010,3,3,4,3,2020-02-07T17:54:05.832000+00:00
p16,2020-02-08,491,2020-02-08T07:55:00,563,2020-02-08T17:18:30,stages,89,72,12.7886,22.4033,25.4582,61.226,87,64,855,0,74,803,0,1342,1053,,,,,
p16,2020-02-09,,,,,,,,,,,,,,345,0,48,966,0,1371,1015,,,,,
p16,2020-02-10,,,,,,,,,,,,,,337,0,24,1416,0,528,172,3,1,3,2,2020-02-10T15:29:18.075000+00:00
p16,2020-02-11,733,2020-02-11T01:43:30,846,2020-02-11T15:50:00,stages,88,113,13.357,27.4216,24.2838,60.9966,87,65,1974,0,87,507,0,1412,1054,4,4,4,4,2020-02-11T15:05:21.466000+00:00
p16,2020-02-12,349,2020-02-12T09:17:00,399,2020-02-12T15:56:00,stages,92,50,12.5313,13.7536,19.1977,61.4862,72,64,1052,0,76,965,0,1293,1077,3,3,3,3,2020-02-12T16:41:27.131000+00:00
p16,2020-02-13,348,2020-02-13T07:52:00,397,2020-02-13T14:29:30,stages,96,49,12.3426,18.9655,21.5517,64.5459,75,65,1929,0,99,944,0,1353,1063,3,3,3,3,2020-02-13T14:36:11.127000+00:00
p16,2020-02-14,438,2020-02-14T08:13:30,491,2020-02-14T16:24:30,stages,98,53,10.7943,22.3744,22.8311,60.1333,85,66,2259,0,137,812,0,1276,1044,,,,,
p16,2020-02-15,355,2020-02-15T09:16:00,396,2020-02-15T15:52:00,stages,98,41,10.3535,20.8451,14.9296,61.0913,78,66,755,0,63,981,0,1244,997,,,,,
p16,2020-02-16,294,2020-02-16T09:28:00,326,2020-02-16T14:54:30,stages,96,32,9.81595,19.3878,23.4694,60.9959,74,66,782,0,56,1058,0,1170,902,3,2,3,3,2020-02-16T15:46:10.589000+00:00
p16,2020-02-17,458,2020-02-17T07:53:30,572,2020-02-17T17:25:30,stages,87,114,19.9301,10.917,25.9825,63.9465,73,67,1957,14,66,788,0,1078,1013,2,2,2,2,2020-02-17T16:31:10.704000+00:00
p16,2020-02-18,285,2020-02-18T09:01:00,333,2020-02-18T14:34:00,stages,94,48,14.4144,32.2807,20,58.783,76,66,928,0,75,1032,0,1266,945,3,1,4,2,2020-02-18T15:00:54.552000+00:00
p16,2020-02-19,466,2020-02-19T07:27:30,538,2020-02-19T16:25:30,stages,96,72,13.3829,15.6652,26.1803,58.445,81,65,1470,10,52,840,0,1241,992,,,,,
p16,2020-02-20,398,2020-02-20T08:35:30,457,2020-02-20T16:13:00,stages,94,59,12.9103,18.593,26.8844,60.4897,78,64,1144,0,87,896,1,1354,1070,4,3,2,3,2020-02-20T17:01:51.562000+00:00
p16,2020-02-21,345,2020-02-21T09:24:30,398,2020-02-21T16:02:30,stages,94,53,13.3166,15.6522,29.5652,61.9263,74,65,654,0,55,987,0,1265,998,,,,,
p16,2020-02-22,395,2020-02-22T09:02:30,495,2020-02-22T17:18:00,stages,87,100,20.202,8.60759,20.7595,63.0672,66,66,7433,130,161,654,4,1317,1056,3,2,2,3,2020-02-22T16:47:08.204000+00:00
p16,2020-02-23,396,2020-02-23T08:39:30,436,2020-02-23T15:55:30,stages,96,40,9.17431,22.2222,21.2121,63.7679,79,66,393,10,56,938,0,931,653,,,,,
p16,2020-02-24,405,2020-02-24T08:35:00,479,2020-02-24T16:34:00,stages,92,74,15.4489,19.7531,35.0617,60.1526,81,67,831,0,60,901,0,1243,1077,,,,,
p16,2020-02-25,264,2020-02-25T08:43:30,314,2020-02-25T13:58:00,stages,94,50,15.9236,14.0152,10.6061,60.5765,61,67,961,0,70,1056,0,1341,1045,,,,,
p16,2020-02-26,477,2020-02-26T08:08:30,564,2020-02-26T17:32:30,stages,91,87,15.4255,13.4172,22.0126,63.7901,76,66,1369,0,93,783,0,1047,937,,,,,
p16,2020-02-27,320,2020-02-27T09:41:30,381,2020-02-27T16:02:30,stages,91,61,16.0105,16.25,23.75,64.7956,67,67,848,0,66,993,0,1124,909,,,,,
