pid,date,p_bad,p_neutral,p_good,pred,true_label,yesterday,majority,cut_date
p01,2020-01-08,0.7399860769510269,0.20829347521066666,0.05172042641788721,0,0,0,0,2020-01-08
p01,2020-01-09,0.6416071951389313,0.2548147812485695,0.10357804596424103,0,0,0,0,2020-01-08
p01,2020-01-10,0.6724545061588287,0.23896948248147964,0.08857601508498192,0,0,0,0,2020-01-08
p01,2020-01-11,0.6199807971715927,0.33166421204805374,0.04835498798638582,0,1,0,0,2020-01-08
p01,2020-01-12,0.2554463595151901,0.7116149067878723,0.03293873183429241,1,1,1,0,2020-01-08
p01,2020-01-13,0.29559748619794846,0.6370276808738708,0.0673748143017292,1,0,1,0,2020-01-08
p01,2020-01-14,0.4474112391471863,0.48594798147678375,0.06664080172777176,1,1,0,0,2020-01-08
p01,2020-01-15,0.39085937291383743,0.558300718665123,0.05083991959691048,1,1,1,0,2020-01-08
p01,2020-01-16,0.4801035225391388,0.47041404247283936,0.0494823744520545,0,1,1,0,2020-01-08
p01,2020-01-17,0.4945683777332306,0.35558221489191055,0.14984937384724617,0,1,1,0,2020-01-08
p01,2020-01-18,0.3970898389816284,0.5020142495632172,0.10089593380689621,1,1,1,0,2020-01-08
p01,2020-01-19,0.5639345198869705,0.3348454460501671,0.10122001729905605,0,0,1,0,2020-01-08
p01,2020-01-20,0.3489005118608475,0.5894377529621124,0.06166175752878189,1,0,0,0,2020-01-08
p01,2020-01-21,0.5250674933195114,0.38010092824697495,0.0948315728455782,0,1,0,0,2020-01-08
p01,2020-01-22,0.6013278961181641,0.35084252059459686,0.04782960843294859,0,0,1,0,2020-01-08
p01,2020-01-23,0.32477929443120956,0.6539028137922287,0.021317939274013042,1,1,0,0,2020-01-23
p01,2020-01-24,0.36854957044124603,0.5680182874202728,0.06343216821551323,1,1,1,0,2020-01-23
p01,2020-01-26,0.2760292515158653,0.6925101727247238,0.03146056737750769,1,0,1,0,2020-01-23
p01,2020-01-27,0.6499456614255905,0.26678765565156937,0.08326669782400131,0,0,0,0,2020-01-23
p01,2020-01-28,0.7272261828184128,0.2534102499485016,0.019363547209650278,0,1,0,0,2020-01-23
p01,2020-01-29,0.6886534094810486,0.268530897796154,0.04281570203602314,0,0,1,0,2020-01-23
p01,2020-01-30,0.5372921824455261,0.419905424118042,0.04280240833759308,0,1,0,0,2020-01-23
p01,2020-01-31,0.4935171753168106,0.4537777751684189,0.05270508583635092,0,0,1,0,2020-01-23
p01,2020-02-01,0.5665645748376846,0.41163863241672516,0.021796804387122393,0,0,0,0,2020-01-23
p01,2020-02-02,0.47377756237983704,0.49275846779346466,0.03346398379653692,1,2,0,0,2020-01-23
p01,2020-02-03,0.24001635611057281,0.7195609211921692,0.04042269196361303,1,0,2,0,2020-01-23
p01,2020-02-04,0.5404849052429199,0.3948831558227539,0.06463193707168102,0,1,0,0,2020-01-23
p01,2020-02-05,0.5491967350244522,0.4165981113910675,0.034205167554318905,0,1,1,0,2020-01-23
p01,2020-02-06,0.5387502014636993,0.4357456713914871,0.025504135992377996,0,1,1,0,2020-01-23
p01,2020-02-07,0.4508427232503891,0.43597202003002167,0.11318526044487953,0,0,1,1,2020-02-07
p01,2020-02-08,0.28420034795999527,0.6351536214351654,0.08064603246748447,1,0,0,1,2020-02-07
p01,2020-02-09,0.4007688909769058,0.5294031798839569,0.06982790678739548,1,1,0,1,2020-02-07
p01,2020-02-10,0.5560584366321564,0.4177310839295387,0.02621043659746647,0,1,1,1,2020-02-07
p01,2020-02-11,0.38187115639448166,0.56623575091362,0.0518930833786726,1,0,1,1,2020-02-07
p01,2020-02-12,0.4709092825651169,0.47917117178440094,0.04991952050477266,1,0,0,1,2020-02-07
p01,2020-02-13,0.5171173810958862,0.4406823217868805,0.04220027383416891,0,1,0,1,2020-02-07
p01,2020-02-14,0.7556615471839905,0.20302052050828934,0.04131792113184929,0,0,1,1,2020-02-07
p01,2020-02-15,0.5358132272958755,0.37784092128276825,0.08634583279490471,0,0,0,1,2020-02-07
p01,2020-02-17,0.6134142428636551,0.32085105031728745,0.06573471985757351,0,1,1,1,2020-02-07
p01,2020-02-18,0.34475747495889664,0.6044171899557114,0.05082535929977894,1,1,1,1,2020-02-07
p01,2020-02-20,0.5003372728824615,0.46097181737422943,0.03869088739156723,0,1,1,1,2020-02-07
p01,2020-02-21,0.5323925465345383,0.4217033088207245,0.04590417630970478,0,1,1,1,2020-02-07
p01,2020-02-22,0.4940958023071289,0.4553699195384979,0.05053429398685694,0,0,1,1,2020-02-07
p01,2020-02-23,0.33611516654491425,0.574648305773735,0.08923653699457645,1,0,0,1,2020-02-07
p01,2020-02-24,0.6136227399110794,0.36019477993249893,0.026182500645518303,0,1,0,1,2020-02-24
p01,2020-02-26,0.5915756672620773,0.3572603464126587,0.05116400867700577,0,1,1,1,2020-02-24
p01,2020-02-27,0.6534482389688492,0.3124490976333618,0.034102704375982285,0,0,1,1,2020-02-24
p01,2020-02-28,0.7072820067405701,0.24070890992879868,0.052009088918566704,0,0,0,1,2020-02-24
p01,2020-02-29,0.7005208879709244,0.24422358721494675,0.05525553785264492,0,1,0,1,2020-02-24
p01,2020-03-01,0.47967657446861267,0.4416995644569397,0.07862384617328644,0,1,1,1,2020-02-24
p01,2020-03-02,0.44706864655017853,0.47838741540908813,0.07454393059015274,1,0,1,1,2020-02-24
p01,2020-03-03,0.3789207190275192,0.5118265450000763,0.10925273597240448,1,1,0,1,2020-02-24
p01,2020-03-04,0.5774537175893784,0.36276840418577194,0.05977792479097843,0,1,1,1,2020-02-24
p01,2020-03-05,0.49078188836574554,0.45774687826633453,0.05147123709321022,0,0,1,1,2020-02-24
p01,2020-03-06,0.6842493414878845,0.22684209048748016,0.08890853635966778,0,0,0,1,2020-02-24
p01,2020-03-07,0.5321216434240341,0.41710367798805237,0.05077468045055866,0,1,0,1,2020-02-24
p01,2020-03-08,0.4398961812257767,0.5020516812801361,0.058052120730280876,1,1,1,1,2020-02-24
p01,2020-03-09,0.5931305289268494,0.35740384459495544,0.0494656041264534,0,1,1,1,2020-02-24
p01,2020-03-10,0.5251764059066772,0.4387752264738083,0.03604836296290159,0,1,1,1,2020-02-24
p04,2020-01-11,0.6824825555086136,0.14691374450922012,0.17060371860861778,0,2,2,0,2020-01-11
p04,2020-01-12,0.20535486936569214,0.19716207683086395,0.5974830538034439,2,2,2,0,2020-01-11
p04,2020-01-13,0.33946527540683746,0.18420972302556038,0.47632504999637604,2,0,2,0,2020-01-11
p04,2020-01-14,0.22110646218061447,0.15199007466435432,0.6269035041332245,2,2,0,0,2020-01-11
p04,2020-01-15,0.22206368297338486,0.2403925359249115,0.5375438034534454,2,0,2,0,2020-01-11
p04,2020-01-16,0.3059258311986923,0.18408150598406792,0.5099926590919495,2,0,0,0,2020-01-11
p04,2020-01-17,0.26908469945192337,0.25503943115472794,0.4758758544921875,2,2,0,0,2020-01-11
p04,2020-01-18,0.2475431114435196,0.2743450403213501,0.4781118631362915,2,1,2,0,2020-01-11
p04,2020-01-19,0.27413231134414673,0.1838231459259987,0.5420445501804352,2,2,1,0,2020-01-11
p04,2020-01-20,0.2818506583571434,0.24159171432256699,0.4765576422214508,2,2,2,0,2020-01-11
p04,2020-01-21,0.1578446552157402,0.3200548589229584,0.5221004635095596,2,1,2,0,2020-01-11
p04,2020-01-22,0.22063282132148743,0.277403749525547,0.5019634366035461,2,0,1,0,2020-01-11
p04,2020-01-24,0.2782351151108742,0.2236189916729927,0.4981458932161331,2,1,1,0,2020-01-24
p04,2020-01-25,0.2696738615632057,0.2472361996769905,0.48308995366096497,2,1,1,0,2020-01-24
p04,2020-01-26,0.3376763314008713,0.18609439209103584,0.4762292355298996,2,0,1,0,2020-01-24
p04,2020-01-27,0.32371876388788223,0.23184765130281448,0.4444335401058197,2,2,0,0,2020-01-24
p04,2020-01-28,0.21555627137422562,0.3172195255756378,0.46722419559955597,2,2,2,0,2020-01-24
p04,2020-01-29,0.28956373035907745,0.237020343542099,0.47341589629650116,2,1,2,0,2020-01-24
p04,2020-01-30,0.16059160232543945,0.24528048187494278,0.594127893447876,2,1,1,0,2020-01-24
p04,2020-01-31,0.6112338751554489,0.16528192907571793,0.22348420321941376,0,1,1,0,2020-01-24
p04,2020-02-03,0.29808409512043,0.2694956958293915,0.43242019414901733,2,0,1,0,2020-01-24
p04,2020-02-04,0.5515972971916199,0.1944298855960369,0.2539728060364723,0,2,0,0,2020-01-24
p04,2020-02-05,0.16631928458809853,0.3910919725894928,0.442588746547699,2,0,2,0,2020-01-24
p04,2020-02-06,0.2326885089278221,0.21573056280612946,0.5515809059143066,2,1,0,0,2020-01-24
p04,2020-02-08,0.20804363489151,0.3598340004682541,0.4321223497390747,2,0,1,0,2020-01-24
p04,2020-02-09,0.483696848154068,0.21300487965345383,0.3032982870936394,0,1,0,1,2020-02-09
p04,2020-02-10,0.544752687215805,0.21832792460918427,0.23691940307617188,0,2,1,1,2020-02-09
p04,2020-02-11,0.33801665902137756,0.27892161905765533,0.3830617293715477,2,0,2,1,2020-02-09
p04,2020-02-12,0.3028496578335762,0.16624964401125908,0.5309006869792938,2,2,0,1,2020-02-09
p04,2020-02-15,0.4409036636352539,0.31298404186964035,0.24611228704452515,0,1,1,1,2020-02-09
p04,2020-02-17,0.2765752300620079,0.3521723598241806,0.3712524399161339,2,2,1,1,2020-02-09
p04,2020-02-18,0.21812210232019424,0.27013974636793137,0.5117381513118744,2,1,2,1,2020-02-09
p04,2020-02-19,0.20919669419527054,0.33778298646211624,0.453020304441452,2,0,1,1,2020-02-09
p04,2020-02-20,0.1758180819451809,0.2614668235182762,0.5627150982618332,2,1,0,1,2020-02-09
p04,2020-02-21,0.15044965222477913,0.34409941732883453,0.5054509490728378,2,1,1,1,2020-02-09
p04,2020-02-22,0.17323707789182663,0.33197974413633347,0.4947831481695175,2,1,1,1,2020-02-09
p04,2020-02-23,0.3584737032651901,0.35097314417362213,0.29055318981409073,0,0,1,1,2020-02-09
p04,2020-02-25,0.14584218338131905,0.3749011904001236,0.47925661504268646,2,2,1,1,2020-02-09
p04,2020-02-26,0.20682790130376816,0.25488895177841187,0.5382831543684006,2,1,2,1,2020-02-26
p04,2020-02-27,0.18825404718518257,0.3455711156129837,0.4661748707294464,2,2,1,1,2020-02-26
p04,2020-02-28,0.2584272027015686,0.27444230765104294,0.46713051199913025,2,0,2,1,2020-02-26
p04,2020-02-29,0.18718799948692322,0.3120792433619499,0.5007327646017075,2,0,0,1,2020-02-26
p04,2020-03-01,0.4722910374403,0.2958429381251335,0.2318660467863083,0,0,0,1,2020-02-26
p04,2020-03-03,0.2239430844783783,0.36367887258529663,0.41237807273864746,2,1,1,1,2020-02-26
p04,2020-03-04,0.2115776091814041,0.3481673449277878,0.4402550160884857,2,1,1,1,2020-02-26
p04,2020-03-05,0.12601711601018906,0.47809794545173645,0.3958849459886551,1,2,1,1,2020-02-26
p04,2020-03-07,0.12506720051169395,0.4563271254301071,0.4186056852340698,1,1,1,1,2020-02-26
p04,2020-03-08,0.23358788341283798,0.3988305777311325,0.3675815463066101,1,2,1,1,2020-02-26
p04,2020-03-09,0.1367693655192852,0.3848271444439888,0.4784035086631775,2,0,2,1,2020-02-26
p04,2020-03-10,0.2271774485707283,0.19862428307533264,0.5741982460021973,2,0,0,1,2020-02-26
p04,2020-03-11,0.19310690090060234,0.22542376071214676,0.5814693421125412,2,2,0,1,2020-02-26
p05,2019-12-29,0.3948982208967209,0.538358211517334,0.06674353405833244,1,1,1,0,2019-12-29
p05,2019-12-30,0.21960871666669846,0.7487148493528366,0.03167645260691643,1,1,1,0,2019-12-29
p05,2019-12-31,0.3079601302742958,0.6564061790704727,0.035633684135973454,1,1,1,0,2019-12-29
p05,2020-01-01,0.36516880989074707,0.5889825522899628,0.045848630368709564,1,0,1,0,2019-12-29
p05,2020-01-03,0.21821345388889313,0.7412051856517792,0.0405813567340374,1,1,1,0,2019-12-29
p05,2020-01-04,0.4093531221151352,0.5514712184667587,0.039175692945718765,1,0,1,0,2019-12-29
p05,2020-01-05,0.5086077749729156,0.4498336613178253,0.04155856650322676,0,1,0,0,2019-12-29
p05,2020-01-06,0.3004882261157036,0.6483593285083771,0.05115244351327419,1,2,1,0,2019-12-29
p05,2020-01-07,0.27793753147125244,0.6712579876184464,0.05080447066575289,1,2,2,0,2019-12-29
p05,2020-01-09,0.2586398124694824,0.6847800612449646,0.05658010393381119,1,1,1,0,2019-12-29
p05,2020-01-10,0.18135102838277817,0.6455039232969284,0.17314505949616432,1,1,1,0,2020-01-10
p05,2020-01-11,0.3071092292666435,0.5801623165607452,0.11272844672203064,1,1,1,0,2020-01-10
p05,2020-01-12,0.22176752984523773,0.6359153985977173,0.14231710135936737,1,1,1,0,2020-01-10
p05,2020-01-13,0.27933982014656067,0.6299479752779007,0.09071221016347408,1,0,1,0,2020-01-10
p05,2020-01-14,0.49680958688259125,0.2985970675945282,0.20459331572055817,0,0,0,0,2020-01-10
p05,2020-01-15,0.5797155350446701,0.3308144807815552,0.08946996740996838,0,0,0,0,2020-01-10
p05,2020-01-17,0.4569495916366577,0.4553060233592987,0.08774439990520477,0,0,1,0,2020-01-10
p05,2020-01-18,0.609151616692543,0.2570118233561516,0.1338365636765957,0,1,0,0,2020-01-10
p05,2020-01-19,0.25227461755275726,0.643891230225563,0.10383415035903454,1,1,1,0,2020-01-10
p05,2020-01-20,0.44146326184272766,0.46735134720802307,0.0911854300647974,1,1,1,0,2020-01-10
p05,2020-01-23,0.26754796504974365,0.6466289609670639,0.08582309074699879,1,1,1,0,2020-01-10
p05,2020-01-24,0.16881561279296875,0.7675817906856537,0.06360259838402271,1,1,1,0,2020-01-24
p05,2020-01-25,0.33047300577163696,0.6208278387784958,0.04869917780160904,1,2,1,0,2020-01-24
p05,2020-01-26,0.15657195821404457,0.7636427283287048,0.07978526689112186,1,1,2,0,2020-01-24
p05,2020-01-27,0.21553854644298553,0.6997748762369156,0.08468656055629253,1,1,1,0,2020-01-24
p05,2020-01-28,0.12272808328270912,0.7905391156673431,0.08673281967639923,1,1,1,0,2020-01-24
p05,2020-01-29,0.6227937787771225,0.30769307911396027,0.06951314769685268,0,1,1,0,2020-01-24
p05,2020-02-02,0.17752178385853767,0.740117534995079,0.08236066065728664,1,1,1,0,2020-01-24
p05,2020-02-03,0.4653415083885193,0.48025113344192505,0.05440738424658775,1,1,1,0,2020-01-24
p05,2020-02-04,0.2972525805234909,0.5884048044681549,0.11434265226125717,1,1,1,0,2020-01-24
p05,2020-02-05,0.19846665486693382,0.7182498723268509,0.08328349888324738,1,1,1,0,2020-01-24
p05,2020-02-06,0.2694501429796219,0.6726985573768616,0.057851312682032585,1,1,1,1,2020-02-06
p05,2020-02-15,0.3165033385157585,0.6191010624170303,0.0643955860286951,1,1,1,1,2020-02-06
p05,2020-02-16,0.393032930791378,0.5161671787500381,0.09079989418387413,1,1,1,1,2020-02-06
p05,2020-02-17,0.1979709416627884,0.6874986737966537,0.11453038081526756,1,2,1,1,2020-02-06
p05,2020-02-19,0.1647910214960575,0.7588083446025848,0.07640066370368004,1,2,1,1,2020-02-06
p05,2020-03-06,0.25671664625406265,0.6548125296831131,0.08847079798579216,1,1,1,1,2020-02-06
p05,2020-03-07,0.23080015927553177,0.7298225462436676,0.039377281442284584,1,1,1,1,2020-02-06
p05,2020-03-08,0.26916757971048355,0.6506329476833344,0.08019942790269852,1,1,1,1,2020-02-06
p05,2020-03-09,0.13104941323399544,0.8021868467330933,0.06676376238465309,1,1,1,1,2020-02-06
p05,2020-03-10,0.14160428568720818,0.7884166836738586,0.06997906230390072,1,1,1,1,2020-02-06
p05,2020-03-11,0.2535445764660835,0.7101147025823593,0.036340728402137756,1,1,1,1,2020-02-06
p06,2020-01-07,0.4047863632440567,0.4472540020942688,0.1479596421122551,1,1,2,0,2020-01-07
p06,2020-01-08,0.4733700305223465,0.38617994636297226,0.14045006036758423,0,0,1,0,2020-01-07
p06,2020-01-09,0.6897124797105789,0.12776104360818863,0.18252649158239365,0,0,0,0,2020-01-07
p06,2020-01-10,0.7019914239645004,0.1708076298236847,0.12720096111297607,0,0,0,0,2020-01-07
p06,2020-01-11,0.5120807886123657,0.14320531859993935,0.34471388906240463,0,0,0,0,2020-01-07
p06,2020-01-12,0.4321456700563431,0.16183800622820854,0.4060163348913193,0,2,0,0,2020-01-07
p06,2020-01-13,0.7185602784156799,0.1435438059270382,0.13789592310786247,0,1,2,0,2020-01-07
p06,2020-01-14,0.6322756260633469,0.20850591361522675,0.1592184379696846,0,0,1,0,2020-01-07
p06,2020-01-15,0.7139872759580612,0.17019769921898842,0.11581505089998245,0,1,0,0,2020-01-07
p06,2020-01-16,0.6941928416490555,0.19388902932405472,0.11191817000508308,0,1,1,0,2020-01-07
p06,2020-01-17,0.6041754484176636,0.22346647828817368,0.17235809564590454,0,1,1,0,2020-01-07
p06,2020-01-18,0.35555125027894974,0.18221458420157433,0.4622341990470886,2,0,1,0,2020-01-07
p06,2020-01-19,0.4437400549650192,0.1528807058930397,0.4033792316913605,0,1,0,0,2020-01-07
p06,2020-01-20,0.4406774193048477,0.3285142108798027,0.23080838471651077,0,1,1,0,2020-01-07
p06,2020-01-21,0.22386986017227173,0.34511610865592957,0.4310140460729599,2,1,1,0,2020-01-07
p06,2020-01-22,0.37583009898662567,0.5491692572832108,0.07500065118074417,1,0,1,0,2020-01-22
p06,2020-01-23,0.43369048833847046,0.32441648840904236,0.2418929859995842,0,1,0,0,2020-01-22
p06,2020-01-24,0.4267197996377945,0.25387489050626755,0.31940528005361557,0,1,1,0,2020-01-22
p06,2020-01-25,0.31243283301591873,0.33994240313768387,0.3476247414946556,2,2,1,0,2020-01-22
p06,2020-01-26,0.2848517596721649,0.30508726090192795,0.41006097197532654,2,1,2,0,2020-01-22
p06,2020-01-27,0.24865764379501343,0.49959681928157806,0.2517455518245697,1,1,1,0,2020-01-22
p06,2020-01-28,0.35430335253477097,0.4813295602798462,0.16436709463596344,1,1,1,0,2020-01-22
p06,2020-01-29,0.48500335216522217,0.3611731752753258,0.15382347255945206,0,0,1,0,2020-01-22
p06,2020-01-30,0.25304192304611206,0.3741198480129242,0.37283825874328613,1,1,0,0,2020-01-22
p06,2020-01-31,0.3504221960902214,0.37500379979610443,0.27457398921251297,1,0,1,0,2020-01-22
p06,2020-02-01,0.4173736274242401,0.18834276497364044,0.39428360760211945,0,1,0,0,2020-01-22
p06,2020-02-02,0.33699289709329605,0.15241560339927673,0.5105915069580078,2,2,1,0,2020-01-22
p06,2020-02-03,0.5714428126811981,0.26262067258358,0.16593649983406067,0,1,2,0,2020-01-22
p06,2020-02-04,0.4104435592889786,0.28346896171569824,0.3060874938964844,0,1,1,0,2020-01-22
p06,2020-02-05,0.71388278901577,0.18585386872291565,0.10026335343718529,0,0,1,0,2020-01-22
p06,2020-02-06,0.4412297457456589,0.14813297241926193,0.4106372743844986,0,1,0,0,2020-01-22
p06,2020-02-07,0.4014279246330261,0.48803775012493134,0.11053431406617165,1,0,1,1,2020-02-07
p06,2020-02-08,0.5149871557950974,0.17242050170898438,0.3125923350453377,0,0,0,1,2020-02-07
p06,2020-02-09,0.29753562062978745,0.3474958539009094,0.35496852546930313,2,1,0,1,2020-02-07
p06,2020-02-11,0.6037986576557159,0.3206409886479378,0.07556033693253994,0,1,1,1,2020-02-07
p06,2020-02-12,0.39072637259960175,0.5026015788316727,0.10667203739285469,1,1,1,1,2020-02-07
p06,2020-02-13,0.5327877104282379,0.37014173716306686,0.09707055240869522,0,1,1,1,2020-02-07
p06,2020-02-14,0.2614293396472931,0.4087510406970978,0.32981961220502853,1,2,1,1,2020-02-07
p06,2020-02-15,0.21229847520589828,0.4600287675857544,0.3276727572083473,1,1,2,1,2020-02-07
p06,2020-02-16,0.20551927387714386,0.276311457157135,0.5181692689657211,2,1,1,1,2020-02-07
p06,2020-02-17,0.5481366068124771,0.36748355627059937,0.08437980711460114,0,1,1,1,2020-02-07
p06,2020-02-18,0.20004952698946,0.47644032537937164,0.3235101103782654,1,1,1,1,2020-02-07
p06,2020-02-19,0.24444282054901123,0.45611195266246796,0.2994452193379402,1,0,1,1,2020-02-07
p06,2020-02-20,0.5224495828151703,0.3691532760858536,0.10839714109897614,0,0,0,1,2020-02-07
p06,2020-02-21,0.4478612095117569,0.4036906361579895,0.1484481692314148,0,1,0,1,2020-02-07
p06,2020-02-22,0.34467509388923645,0.30222751200199127,0.3530973941087723,2,1,1,1,2020-02-07
p06,2020-02-23,0.4041798263788223,0.45871077477931976,0.1371094398200512,1,1,1,1,2020-02-07
p06,2020-02-24,0.19851335510611534,0.6396042853593826,0.16188237816095352,1,1,1,1,2020-02-24
p06,2020-02-25,0.274042546749115,0.5651853680610657,0.16077207028865814,1,1,1,1,2020-02-24
p06,2020-02-26,0.2044854238629341,0.5341698378324509,0.2613447532057762,1,1,1,1,2020-02-24
p06,2020-02-27,0.30869099497795105,0.5918940603733063,0.09941495582461357,1,1,1,1,2020-02-24
p06,2020-02-28,0.4788363575935364,0.4362534135580063,0.08491022326052189,0,0,1,1,2020-02-24
p06,2020-02-29,0.34709373861551285,0.43764424324035645,0.21526199579238892,1,0,0,1,2020-02-24
p06,2020-03-01,0.2894791513681412,0.40917205810546875,0.30134882032871246,1,0,0,1,2020-02-24
p06,2020-03-02,0.3412047401070595,0.36940551549196243,0.2893897444009781,1,0,0,1,2020-02-24
p06,2020-03-03,0.35612037777900696,0.45426084101200104,0.1896187886595726,1,1,0,1,2020-02-24
p06,2020-03-05,0.4604065269231796,0.47412608563899994,0.06546738930046558,1,1,1,1,2020-02-24
p06,2020-03-06,0.21171066164970398,0.5806509256362915,0.20763840526342392,1,1,1,1,2020-02-24
p06,2020-03-07,0.230953149497509,0.5532239079475403,0.2158229649066925,1,1,1,1,2020-02-24
p06,2020-03-08,0.186524398624897,0.6177347004413605,0.19574088230729103,1,2,1,1,2020-02-24
p06,2020-03-09,0.16081150993704796,0.5547245144844055,0.284463994204998,1,0,2,1,2020-02-24
p06,2020-03-10,0.24381259828805923,0.548763170838356,0.20742421597242355,1,1,0,1,2020-02-24
p06,2020-03-11,0.3399524688720703,0.5619096159934998,0.09813790768384933,1,1,1,1,2020-02-24
p07,2020-01-10,0.3335640951991081,0.2577393427491188,0.4086965247988701,2,2,1,0,2020-01-10
p07,2020-01-11,0.22047840803861618,0.1905231885612011,0.588998407125473,2,1,2,0,2020-01-10
p07,2020-01-12,0.21584966778755188,0.3094746172428131,0.4746756851673126,2,1,1,0,2020-01-10
p07,2020-01-13,0.16568181291222572,0.3261076286435127,0.5082105249166489,2,2,1,0,2020-01-10
p07,2020-01-14,0.21738222241401672,0.319036029279232,0.46358174085617065,2,2,2,0,2020-01-10
p07,2020-01-15,0.26524680852890015,0.28859299421310425,0.4461602419614792,2,1,2,0,2020-01-10
p07,2020-01-17,0.21545680612325668,0.3599589839577675,0.42458419501781464,2,2,1,0,2020-01-10
p07,2020-01-18,0.3288280963897705,0.2747872918844223,0.396384596824646,2,0,2,0,2020-01-10
p07,2020-01-19,0.5438602715730667,0.15971945226192474,0.29642027616500854,0,1,0,0,2020-01-10
p07,2020-01-20,0.23946009576320648,0.3043849766254425,0.4561549127101898,2,1,1,0,2020-01-10
p07,2020-01-21,0.24790747463703156,0.4459979385137558,0.30609457939863205,1,2,1,0,2020-01-10
p07,2020-01-22,0.22870422154664993,0.42117172479629517,0.3501240685582161,1,2,2,0,2020-01-10
p07,2020-01-23,0.21518612653017044,0.3918394148349762,0.39297445863485336,2,2,2,0,2020-01-10
p07,2020-01-24,0.19703223928809166,0.3430323377251625,0.45993542671203613,2,2,2,0,2020-01-24
p07,2020-01-25,0.19266541674733162,0.31109800189733505,0.49623657763004303,2,2,2,0,2020-01-24
p07,2020-01-26,0.12710190191864967,0.27461814135313034,0.5982799381017685,2,2,2,0,2020-01-24
p07,2020-01-27,0.2127254530787468,0.27904243767261505,0.5082321166992188,2,2,2,0,2020-01-24
p07,2020-01-28,0.29646679013967514,0.32682108134031296,0.3767120987176895,2,0,2,0,2020-01-24
p07,2020-01-29,0.32766999304294586,0.21187496930360794,0.4604550451040268,2,0,0,0,2020-01-24
p07,2020-01-30,0.3725256994366646,0.3131905421614647,0.3142837658524513,0,1,0,0,2020-01-24
p07,2020-01-31,0.2900547832250595,0.3460220694541931,0.363923154771328,2,2,1,0,2020-01-24
p07,2020-02-01,0.14684130251407623,0.4071830213069916,0.4459756910800934,2,2,2,0,2020-01-24
p07,2020-02-03,0.24015556275844574,0.29140082746744156,0.4684436321258545,2,1,1,0,2020-01-24
p07,2020-02-04,0.20428596436977386,0.3290845677256584,0.4666294604539871,2,2,1,0,2020-01-24
p07,2020-02-05,0.21123982965946198,0.2745731398463249,0.5141870230436325,2,2,2,0,2020-01-24
p07,2020-02-06,0.2645479068160057,0.23814130574464798,0.4973107725381851,2,1,2,0,2020-01-24
p07,2020-02-07,0.21126475185155869,0.26791389286518097,0.5208213478326797,2,2,1,0,2020-01-24
p07,2020-02-08,0.20330242812633514,0.22474545240402222,0.5719521194696426,2,2,2,1,2020-02-08
p07,2020-02-09,0.12719740346074104,0.24826955795288086,0.6245330572128296,2,1,2,1,2020-02-08
p07,2020-02-10,0.14498961344361305,0.2421010211110115,0.612909346818924,2,1,1,1,2020-02-08
p07,2020-02-11,0.14953059703111649,0.30782272666692734,0.5426466464996338,2,2,1,1,2020-02-08
p07,2020-02-12,0.14414899423718452,0.2083267867565155,0.6475242078304291,2,1,2,1,2020-02-08
p07,2020-02-13,0.15485769137740135,0.31618911027908325,0.5289532244205475,2,1,1,1,2020-02-08
p07,2020-02-14,0.11668886616826057,0.21216757595539093,0.6711435168981552,2,2,1,1,2020-02-08
p07,2020-02-15,0.36268600821495056,0.22978981584310532,0.4075241833925247,2,1,2,1,2020-02-08
p07,2020-02-16,0.3533455953001976,0.3055787533521652,0.3410756513476372,0,1,1,1,2020-02-08
p07,2020-02-20,0.1749729961156845,0.25076162070035934,0.5742653608322144,2,1,1,1,2020-02-08
p07,2020-02-23,0.28859397023916245,0.26484787464141846,0.4465581625699997,2,1,1,1,2020-02-08
p07,2020-02-24,0.22148537635803223,0.3356224372982979,0.4428921788930893,2,1,1,1,2020-02-08
p07,2020-02-25,0.19170933961868286,0.313685841858387,0.49460482597351074,2,0,1,1,2020-02-08
p07,2020-02-26,0.546042799949646,0.2885482832789421,0.1654089242219925,0,1,0,1,2020-02-26
p07,2020-02-27,0.29897069185972214,0.41939397156238556,0.2816353812813759,1,1,1,1,2020-02-26
p07,2020-02-28,0.17661858722567558,0.3680369257926941,0.45534445345401764,2,1,1,1,2020-02-26
p07,2020-02-29,0.20672869682312012,0.39661066234111786,0.396660640835762,2,0,1,1,2020-02-26
p07,2020-03-01,0.45481443405151367,0.3134199529886246,0.23176558315753937,0,1,0,1,2020-02-26
p07,2020-03-02,0.1981479674577713,0.2970438301563263,0.5048082023859024,2,2,1,1,2020-02-26
p07,2020-03-03,0.20786748826503754,0.27924957126379013,0.5128829181194305,2,2,2,1,2020-02-26
p07,2020-03-04,0.13955126330256462,0.324708491563797,0.5357402712106705,2,2,2,1,2020-02-26
p07,2020-03-05,0.1292438991367817,0.3067522868514061,0.5640038102865219,2,1,2,1,2020-02-26
p07,2020-03-06,0.30289625376462936,0.39172039926052094,0.3053833395242691,1,2,1,1,2020-02-26
p07,2020-03-07,0.3600951135158539,0.30445337295532227,0.33545149117708206,0,2,2,1,2020-02-26
p07,2020-03-09,0.1347748525440693,0.3165445625782013,0.5486805588006973,2,1,1,1,2020-02-26
p07,2020-03-10,0.12346284836530685,0.31381871551275253,0.562718465924263,2,1,1,1,2020-02-26
p07,2020-03-11,0.13640765473246574,0.3471350744366646,0.5164572596549988,2,0,1,1,2020-02-26
p08,2020-01-06,0.30738449841737747,0.29417217522859573,0.3984433114528656,2,0,2,0,2020-01-06
p08,2020-01-07,0.2811099514365196,0.15721160918474197,0.5616784244775772,2,2,0,0,2020-01-06
p08,2020-01-08,0.26136425882577896,0.34619562327861786,0.3924401253461838,2,0,2,0,2020-01-06
p08,2020-01-09,0.26701976358890533,0.20412230119109154,0.528857946395874,2,1,0,0,2020-01-06
p08,2020-01-11,0.12484998255968094,0.40626974403858185,0.4688802808523178,2,0,1,0,2020-01-06
p08,2020-01-12,0.564120277762413,0.22305311262607574,0.21282660216093063,0,0,0,0,2020-01-06
p08,2020-01-13,0.37379802018404007,0.2780008390545845,0.34820113331079483,0,0,0,0,2020-01-06
p08,2020-01-14,0.32493314146995544,0.32442598789930344,0.3506408557295799,2,0,0,0,2020-01-06
p08,2020-01-18,0.17668764293193817,0.32169243693351746,0.5016199052333832,2,0,1,0,2020-01-06
p08,2020-01-19,0.30410850793123245,0.1549522466957569,0.5409392416477203,2,0,0,0,2020-01-06
p08,2020-01-22,0.3055056855082512,0.2213500365614891,0.4731442481279373,2,1,1,0,2020-01-22
p08,2020-01-23,0.35542503744363785,0.1632518321275711,0.48132310807704926,2,1,1,0,2020-01-22
p08,2020-01-31,0.22474925220012665,0.4002912789583206,0.37495945394039154,1,2,1,0,2020-01-22
p08,2020-02-01,0.2033238187432289,0.24784260243177414,0.5488335937261581,2,2,2,0,2020-01-22
p08,2020-02-02,0.14336341992020607,0.19243264198303223,0.6642039716243744,2,2,2,0,2020-01-22
p08,2020-02-03,0.27891042083501816,0.2598966956138611,0.46119287610054016,2,2,2,0,2020-01-22
p08,2020-02-04,0.2451421394944191,0.2910713106393814,0.4637865573167801,2,2,2,0,2020-01-22
p08,2020-02-05,0.2187574878334999,0.2326212301850319,0.5486212968826294,2,2,2,0,2020-01-22
p08,2020-02-06,0.26746947318315506,0.2910190224647522,0.44151152670383453,2,1,2,0,2020-01-22
p08,2020-02-09,0.11143353208899498,0.25937116146087646,0.6291953176259995,2,2,1,0,2020-01-22
p08,2020-02-10,0.0926690548658371,0.47180868685245514,0.43552224338054657,1,0,2,0,2020-01-22
p08,2020-02-11,0.16242071986198425,0.17750851809978485,0.6600707322359085,2,2,0,1,2020-02-11
p08,2020-02-12,0.2128709927201271,0.2901538908481598,0.4969751536846161,2,1,2,1,2020-02-11
p08,2020-02-13,0.20924165099859238,0.3960473835468292,0.3947109878063202,1,0,1,1,2020-02-11
p08,2020-02-14,0.46151846647262573,0.16544536128640175,0.373036190867424,0,0,0,1,2020-02-11
p08,2020-02-15,0.22919369488954544,0.16597123444080353,0.6048350781202316,2,2,0,1,2020-02-11
p08,2020-02-18,0.24117133021354675,0.3524357080459595,0.4063929617404938,2,0,1,1,2020-02-11
p08,2020-02-20,0.2061518058180809,0.38551513850688934,0.40833304822444916,2,1,1,1,2020-02-11
p08,2020-02-21,0.3827085942029953,0.3545127138495445,0.2627786844968796,0,0,1,1,2020-02-11
p08,2020-02-22,0.2730003669857979,0.37063828855752945,0.35636134445667267,1,0,0,1,2020-02-11
p08,2020-02-23,0.29106197506189346,0.24041803926229477,0.46851998567581177,2,1,0,1,2020-02-11
p08,2020-02-26,0.4296303391456604,0.3467445746064186,0.22362512350082397,0,0,1,1,2020-02-26
p08,2020-02-27,0.4212018698453903,0.24851839244365692,0.33027973771095276,0,2,0,1,2020-02-26
p08,2020-02-28,0.3379989266395569,0.18667200207710266,0.47532905638217926,2,0,2,1,2020-02-26
p08,2020-02-29,0.25481341034173965,0.2790294215083122,0.46615713834762573,2,2,0,1,2020-02-26
p08,2020-03-02,0.3044593632221222,0.29898860305547714,0.3965520113706589,2,0,1,1,2020-02-26
p08,2020-03-03,0.4182908982038498,0.2319612354040146,0.3497479036450386,0,2,0,1,2020-02-26
p08,2020-03-04,0.2494252845644951,0.19456695765256882,0.5560077577829361,2,2,2,1,2020-02-26
p08,2020-03-05,0.25282618403434753,0.27549517154693604,0.47167864441871643,2,1,2,1,2020-02-26
p08,2020-03-06,0.1714932881295681,0.18098120018839836,0.6475254893302917,2,0,1,1,2020-02-26
p08,2020-03-07,0.43021245300769806,0.15181885287165642,0.4179686903953552,0,2,0,1,2020-02-26
p08,2020-03-09,0.3660675808787346,0.26798469573259354,0.3659477084875107,0,2,1,1,2020-02-26
p09,2019-12-28,0.10746989399194717,0.3055275157094002,0.5870025902986526,2,1,2,0,2019-12-28
p09,2019-12-29,0.10290148481726646,0.15022145584225655,0.7468770444393158,2,1,1,0,2019-12-28
p09,2019-12-30,0.11540482193231583,0.44811050593852997,0.4364846795797348,1,1,1,0,2019-12-28
p09,2020-01-08,0.25037212669849396,0.3572555035352707,0.39237232506275177,2,1,1,0,2019-12-28
p09,2020-01-11,0.24592100083827972,0.4817882776260376,0.27229075133800507,1,2,1,0,2019-12-28
p09,2020-01-12,0.45347467064857483,0.24262891709804535,0.303896427154541,0,1,2,0,2019-12-28
p09,2020-01-13,0.13843964040279388,0.23674146831035614,0.62481889128685,2,1,1,0,2019-12-28
p09,2020-01-14,0.17331907525658607,0.40711089968681335,0.41957005858421326,2,1,1,0,2019-12-28
p09,2020-01-16,0.17178932577371597,0.32850182056427,0.4997088611125946,2,1,1,0,2019-12-28
p09,2020-01-17,0.27819206565618515,0.34271084517240524,0.3790971338748932,2,0,1,0,2020-01-17
p09,2020-01-18,0.20129377394914627,0.2833245247602463,0.5153816938400269,2,2,0,0,2020-01-17
p09,2020-01-19,0.4288388043642044,0.2414541319012642,0.3297070562839508,0,1,2,0,2020-01-17
p09,2020-01-20,0.14904311299324036,0.47026394307613373,0.3806929662823677,1,2,1,0,2020-01-17
p09,2020-01-25,0.2535489425063133,0.2798704504966736,0.4665805548429489,2,2,1,0,2020-01-17
p09,2020-01-26,0.26020701974630356,0.34115637838840485,0.3986366093158722,2,2,2,0,2020-01-17
p09,2020-01-27,0.3106224983930588,0.29967909306287766,0.38969840854406357,2,0,2,0,2020-01-17
p09,2020-02-02,0.23509090393781662,0.3332884758710861,0.43162065744400024,2,1,1,0,2020-01-17
p09,2020-02-03,0.3043031394481659,0.2833377942442894,0.4123590886592865,2,1,1,0,2020-01-17
p09,2020-02-05,0.6948986202478409,0.1973724067211151,0.10772893577814102,0,0,1,1,2020-02-05
p09,2020-02-06,0.6045417338609695,0.21472438424825668,0.18073389679193497,0,0,0,1,2020-02-05
p09,2020-02-07,0.4053976535797119,0.13108085840940475,0.46352146565914154,2,2,0,1,2020-02-05
p09,2020-02-10,0.6122623383998871,0.242445170879364,0.1452924981713295,0,1,1,1,2020-02-05
p09,2020-02-12,0.21709895879030228,0.31626269221305847,0.46663837134838104,2,2,1,1,2020-02-05
p09,2020-02-13,0.5353458672761917,0.28432732820510864,0.18032677844166756,0,0,2,1,2020-02-05
p09,2020-02-14,0.4559432417154312,0.24612944573163986,0.2979273200035095,0,1,0,1,2020-02-05
p09,2020-02-24,0.4037812352180481,0.29965049773454666,0.29656828939914703,0,2,1,1,2020-02-05
p09,2020-02-25,0.22224950790405273,0.29256508499383926,0.4851854294538498,2,2,2,1,2020-02-05
p09,2020-02-26,0.2486882135272026,0.24871081858873367,0.5026009827852249,2,2,2,1,2020-02-26
p09,2020-03-01,0.21501535922288895,0.31075429171323776,0.4742303192615509,2,2,1,1,2020-02-26
p09,2020-03-02,0.28964652866125107,0.31681571155786514,0.3935377448797226,2,1,2,1,2020-02-26
p09,2020-03-03,0.5888956040143967,0.27925924211740494,0.1318451352417469,0,0,1,1,2020-02-26
p09,2020-03-04,0.16696032881736755,0.3056631311774254,0.5273765176534653,2,1,0,1,2020-02-26
p09,2020-03-05,0.2553042098879814,0.4159577041864395,0.3287380412220955,1,1,1,1,2020-02-26
p09,2020-03-06,0.26159820705652237,0.39906682074069977,0.33933498710393906,1,0,1,1,2020-02-26
p09,2020-03-07,0.2157343029975891,0.23938441276550293,0.5448812991380692,2,1,0,1,2020-02-26
p09,2020-03-08,0.21752673387527466,0.3154958710074425,0.46697743237018585,2,1,1,1,2020-02-26
p10,2019-12-30,0.23593472689390182,0.3459021672606468,0.41816312074661255,2,2,2,0,2019-12-30
p10,2019-12-31,0.15999769046902657,0.25157739222049713,0.5884249657392502,2,2,2,0,2019-12-30
p10,2020-01-07,0.26279012113809586,0.3670600429177284,0.3701498582959175,2,0,1,0,2019-12-30
p10,2020-01-09,0.18035030364990234,0.32908035069704056,0.4905693531036377,2,0,1,0,2019-12-30
p10,2020-01-13,0.17478346824645996,0.3478515297174454,0.4773649722337723,2,1,1,0,2019-12-30
p10,2020-01-14,0.24079405516386032,0.2214297130703926,0.5377762317657471,2,0,1,0,2019-12-30
p10,2020-01-16,0.19965828955173492,0.35425134003162384,0.4460904002189636,2,2,1,0,2019-12-30
p10,2020-01-17,0.2349839136004448,0.2772262394428253,0.4877898842096329,2,1,2,0,2019-12-30
p10,2020-01-19,0.12884587422013283,0.28170837461948395,0.5894457697868347,2,2,1,0,2019-12-30
p10,2020-01-22,0.2372163161635399,0.28396911919116974,0.4788145273923874,2,1,1,0,2020-01-22
p10,2020-01-23,0.4734138399362564,0.16378939524292946,0.3627967908978462,0,0,1,0,2020-01-22
p10,2020-01-24,0.24584586173295975,0.12368789315223694,0.6304662376642227,2,1,0,0,2020-01-22
p10,2020-01-25,0.27892475575208664,0.18088097870349884,0.5401942729949951,2,0,1,0,2020-01-22
p10,2020-01-26,0.24028392136096954,0.09899912774562836,0.6607169657945633,2,0,0,0,2020-01-22
p10,2020-01-28,0.39686698466539383,0.27946364134550095,0.3236693739891052,0,0,1,0,2020-01-22
p10,2020-01-29,0.5306883752346039,0.13004784286022186,0.33926381170749664,0,0,0,0,2020-01-22
p10,2020-01-30,0.3119423985481262,0.1122196763753891,0.5758379101753235,2,2,0,0,2020-01-22
p10,2020-02-01,0.27150890976190567,0.3364356905221939,0.39205536246299744,2,2,1,0,2020-01-22
p10,2020-02-02,0.131355419754982,0.25917573273181915,0.6094688326120377,2,2,2,0,2020-01-22
p10,2020-02-03,0.5166248083114624,0.21837030351161957,0.2650048956274986,0,0,2,0,2020-02-03
p10,2020-02-04,0.21287403255701065,0.1523803286254406,0.6347456276416779,2,2,0,0,2020-02-03
p10,2020-02-05,0.23990878462791443,0.21774088591337204,0.5423503518104553,2,1,2,0,2020-02-03
p10,2020-02-06,0.30409687012434006,0.1481039710342884,0.5477991700172424,2,1,1,0,2020-02-03
p10,2020-02-07,0.15333009883761406,0.1335602030158043,0.7131097167730331,2,2,1,0,2020-02-03
p10,2020-02-08,0.303860679268837,0.16138631850481033,0.5347529798746109,2,2,2,0,2020-02-03
p10,2020-02-10,0.3582629859447479,0.30519941449165344,0.3365376144647598,0,0,1,0,2020-02-03
p10,2020-02-11,0.2669732868671417,0.1476212628185749,0.5854054391384125,2,1,0,0,2020-02-03
p10,2020-02-13,0.19413131475448608,0.31526806205511093,0.4906006157398224,2,2,1,0,2020-02-03
p10,2020-02-17,0.42850957810878754,0.21745982021093369,0.35403062403202057,0,2,1,1,2020-02-17
p10,2020-02-18,0.21082307398319244,0.284009724855423,0.5051672011613846,2,0,2,1,2020-02-17
p10,2020-02-19,0.15162387862801552,0.14836861938238144,0.7000074833631516,2,0,0,1,2020-02-17
p10,2020-02-20,0.1837836354970932,0.1234111562371254,0.692805215716362,2,1,0,1,2020-02-17
p10,2020-02-21,0.7406427562236786,0.12978771701455116,0.12956953793764114,0,0,1,1,2020-02-17
p10,2020-02-24,0.6837207227945328,0.182113628834486,0.1341656632721424,0,1,1,1,2020-02-17
p10,2020-02-25,0.1803639605641365,0.25694066286087036,0.5626953691244125,2,2,1,1,2020-02-17
p10,2020-02-26,0.27920668572187424,0.26610302925109863,0.45469026267528534,2,2,2,1,2020-02-17
p10,2020-02-27,0.25451741367578506,0.2802610993385315,0.46522147953510284,2,2,2,1,2020-02-17
p10,2020-02-28,0.28846218436956406,0.24919351935386658,0.46234428882598877,2,2,2,1,2020-02-17
p11,2020-01-16,0.3537323400378227,0.591529056429863,0.05473860912024975,1,1,1,0,2020-01-16
p11,2020-01-17,0.24065854400396347,0.6995810270309448,0.059760427102446556,1,1,1,0,2020-01-16
p11,2020-01-18,0.1812073476612568,0.7475831359624863,0.07120952755212784,1,1,1,0,2020-01-16
p11,2020-01-19,0.20949344336986542,0.7297329902648926,0.060773540288209915,1,1,1,0,2020-01-16
p11,2020-01-20,0.28748105466365814,0.6455838084220886,0.06693516112864017,1,0,1,0,2020-01-16
p11,2020-01-21,0.45197124779224396,0.49545304477214813,0.05257573164999485,1,1,0,0,2020-01-16
p11,2020-01-22,0.2799077406525612,0.6541508734226227,0.06594138406217098,1,1,1,0,2020-01-16
p11,2020-01-23,0.3096340075135231,0.6378592848777771,0.052506718784570694,1,1,1,0,2020-01-16
p11,2020-01-24,0.3755612298846245,0.5644291043281555,0.0600096769630909,1,1,1,0,2020-01-16
p11,2020-01-25,0.27418946474790573,0.6418555825948715,0.08395496383309364,1,0,1,0,2020-01-16
p11,2020-01-26,0.33600451052188873,0.5553363114595413,0.10865915939211845,1,1,0,0,2020-01-16
p11,2020-01-27,0.23077790439128876,0.6807524412870407,0.08846965618431568,1,0,1,0,2020-01-16
p11,2020-01-28,0.3725239261984825,0.5661974847316742,0.06127861700952053,1,1,0,0,2020-01-16
p11,2020-01-29,0.23860642313957214,0.699228510260582,0.06216503866016865,1,1,1,0,2020-01-29
p11,2020-01-30,0.25184599310159683,0.6830415427684784,0.06511245667934418,1,1,1,0,2020-01-29
p11,2020-01-31,0.292016938328743,0.6475919634103775,0.06039106659591198,1,0,1,0,2020-01-29
p11,2020-02-01,0.2681546285748482,0.6677539646625519,0.06409141607582569,1,1,0,0,2020-01-29
p11,2020-02-03,0.462875172495842,0.4845975190401077,0.052527304738759995,1,1,1,0,2020-01-29
p11,2020-02-04,0.25072813779115677,0.6937943547964096,0.055477503687143326,1,1,1,0,2020-01-29
p11,2020-02-05,0.23662524670362473,0.6998887658119202,0.06348597072064877,1,1,1,0,2020-01-29
p11,2020-02-06,0.3025357946753502,0.6541480720043182,0.043316096998751163,1,1,1,0,2020-01-29
p11,2020-02-07,0.20718537271022797,0.7351467311382294,0.057667868211865425,1,1,1,0,2020-01-29
p11,2020-02-08,0.2998478412628174,0.5882394462823868,0.11191275343298912,1,1,1,0,2020-01-29
p11,2020-02-09,0.38052330911159515,0.4516032189130783,0.16787349432706833,1,1,1,0,2020-01-29
p11,2020-02-10,0.3127879723906517,0.6049228757619858,0.08228916116058826,1,1,1,0,2020-01-29
p11,2020-02-11,0.2507587596774101,0.6553931087255478,0.09384816139936447,1,1,1,0,2020-01-29
p11,2020-02-12,0.33159930258989334,0.632393479347229,0.03600720036774874,1,0,1,1,2020-02-12
p11,2020-02-13,0.1769089177250862,0.7936775386333466,0.029413489624857903,1,1,0,1,2020-02-12
p11,2020-02-14,0.3202356845140457,0.6449604481458664,0.03480389341711998,1,1,1,1,2020-02-12
p11,2020-02-15,0.1929727867245674,0.7517471313476562,0.05528007820248604,1,1,1,1,2020-02-12
p11,2020-02-17,0.15740319341421127,0.7854971587657928,0.05709966830909252,1,1,1,1,2020-02-12
p11,2020-02-18,0.14624129608273506,0.7844729423522949,0.0692857913672924,1,1,1,1,2020-02-12
p11,2020-02-19,0.1423678621649742,0.8017031252384186,0.055929020047187805,1,1,1,1,2020-02-12
p11,2020-02-20,0.2987482622265816,0.6598333567380905,0.041418369859457016,1,0,1,1,2020-02-12
p11,2020-02-21,0.3759954199194908,0.5816978365182877,0.04230671375989914,1,1,0,1,2020-02-12
p11,2020-02-22,0.18050267547369003,0.7549894601106644,0.06450783088803291,1,0,1,1,2020-02-12
p11,2020-02-23,0.2532139793038368,0.6683786511421204,0.07840736955404282,1,1,0,1,2020-02-12
p11,2020-02-24,0.1645791381597519,0.7731072902679443,0.06231353431940079,1,1,1,1,2020-02-12
p11,2020-02-25,0.22713297605514526,0.7261336743831635,0.046733370050787926,1,1,1,1,2020-02-12
p11,2020-02-26,0.13945921137928963,0.8182948529720306,0.042245921678841114,1,1,1,1,2020-02-26
p11,2020-02-27,0.15556037798523903,0.8098446726799011,0.03459496423602104,1,0,1,1,2020-02-26
p11,2020-02-28,0.647713229060173,0.2930760905146599,0.05921066924929619,0,0,0,1,2020-02-26
p11,2020-03-02,0.27406781166791916,0.6797451823949814,0.04618702456355095,1,1,1,1,2020-02-26
p11,2020-03-03,0.1999487318098545,0.7633727192878723,0.036678578704595566,1,1,1,1,2020-02-26
p11,2020-03-04,0.27400440722703934,0.6941792815923691,0.03181630093604326,1,0,1,1,2020-02-26
p11,2020-03-05,0.16546395421028137,0.8084157705307007,0.026120245456695557,1,0,0,1,2020-02-26
p11,2020-03-06,0.2936902567744255,0.6724276095628738,0.033882103860378265,1,0,0,1,2020-02-26
p11,2020-03-07,0.19748790934681892,0.7687760889530182,0.03373599145561457,1,0,0,1,2020-02-26
p11,2020-03-08,0.37265750020742416,0.5964438915252686,0.030898623168468475,1,0,0,1,2020-02-26
p11,2020-03-09,0.41980160772800446,0.5282124429941177,0.05198595020920038,1,1,0,1,2020-02-26
p11,2020-03-10,0.29434988647699356,0.6543723344802856,0.05127779021859169,1,0,1,1,2020-02-26
p11,2020-03-11,0.5708143711090088,0.3664451614022255,0.06274050287902355,0,1,0,1,2020-02-26
p14,2020-01-09,0.1735829971730709,0.3232327476143837,0.5031842291355133,2,0,1,0,2020-01-09
p14,2020-01-10,0.2076871506869793,0.5587542057037354,0.23355863988399506,1,1,0,0,2020-01-09
p14,2020-01-11,0.13387233391404152,0.4857444316148758,0.3803832307457924,1,1,1,0,2020-01-09
p14,2020-01-12,0.1752079240977764,0.41625338792800903,0.40853865444660187,1,1,1,0,2020-01-09
p14,2020-01-14,0.19309190288186073,0.4811273366212845,0.3257807567715645,1,1,1,0,2020-01-09
p14,2020-01-15,0.13490894436836243,0.5410147160291672,0.3240763545036316,1,1,1,0,2020-01-09
p14,2020-01-16,0.17202673479914665,0.255237340927124,0.5727359354496002,2,1,1,0,2020-01-09
p14,2020-01-17,0.14007655158638954,0.49461203813552856,0.3653114214539528,1,2,1,0,2020-01-09
p14,2020-01-18,0.12115034088492393,0.36340684443712234,0.5154428035020828,2,2,2,0,2020-01-09
p14,2020-01-21,0.21179860085248947,0.5354220271110535,0.25277936458587646,1,1,1,0,2020-01-09
p14,2020-01-23,0.47827307879924774,0.33139514923095703,0.19033180177211761,0,1,1,0,2020-01-23
p14,2020-01-24,0.13219406083226204,0.3805711641907692,0.4872347414493561,2,1,1,0,2020-01-23
p14,2020-01-25,0.12691013142466545,0.4130796790122986,0.46001018583774567,2,0,1,0,2020-01-23
p14,2020-01-26,0.1267516314983368,0.49819785356521606,0.37505051493644714,1,1,0,0,2020-01-23
p14,2020-01-27,0.14212984219193459,0.4107198715209961,0.4471502900123596,2,1,1,0,2020-01-23
p14,2020-01-28,0.13545159995555878,0.6247521787881851,0.2397962138056755,1,1,1,0,2020-01-23
p14,2020-02-03,0.18538621440529823,0.409093976020813,0.4055197983980179,1,0,1,0,2020-01-23
p14,2020-02-05,0.3853157088160515,0.28730572760105133,0.3273785710334778,0,1,1,0,2020-01-23
p14,2020-02-06,0.2158813551068306,0.26683903485536575,0.5172796100378036,2,1,1,0,2020-01-23
p14,2020-02-07,0.28728140890598297,0.2971348688006401,0.4155837297439575,2,1,1,0,2020-01-23
p14,2020-02-09,0.12223684787750244,0.5570973008871078,0.3206658288836479,1,1,1,1,2020-02-09
p14,2020-02-10,0.25053293257951736,0.474235475063324,0.27523162961006165,1,0,1,1,2020-02-09
p14,2020-02-11,0.19686046242713928,0.3359146937727928,0.4672248661518097,2,0,0,1,2020-02-09
p14,2020-02-12,0.2354147881269455,0.2641836330294609,0.5004015862941742,2,0,0,1,2020-02-09
p14,2020-02-13,0.5417435318231583,0.29378439486026764,0.1644720882177353,0,0,0,1,2020-02-09
p14,2020-02-17,0.15076975151896477,0.5767650306224823,0.27246519923210144,1,0,1,1,2020-02-09
p14,2020-02-19,0.14843914657831192,0.5852205157279968,0.26634035259485245,1,0,1,1,2020-02-09
p14,2020-02-20,0.4207947105169296,0.4480420649051666,0.13116319477558136,1,0,0,1,2020-02-09
p14,2020-02-21,0.43799784779548645,0.19601982086896896,0.36598236858844757,0,1,0,1,2020-02-09
p14,2020-02-24,0.17762542888522148,0.5418359488248825,0.2805386334657669,1,1,1,1,2020-02-09
p14,2020-02-25,0.2703910693526268,0.6303711384534836,0.09923780709505081,1,1,1,1,2020-02-25
p14,2020-02-26,0.1301807165145874,0.7029541879892349,0.16686507314443588,1,2,1,1,2020-02-25
p14,2020-02-28,0.1539406254887581,0.5617746710777283,0.28428468108177185,1,1,1,1,2020-02-25
p14,2020-02-29,0.14631066471338272,0.6406613439321518,0.21302799880504608,1,1,1,1,2020-02-25
p14,2020-03-01,0.15110864490270615,0.614791214466095,0.23410014063119888,1,1,1,1,2020-02-25
p14,2020-03-04,0.29372041672468185,0.4983535557985306,0.20792603865265846,1,0,1,1,2020-02-25
p14,2020-03-05,0.4127776771783829,0.318441666662693,0.2687806487083435,0,0,0,1,2020-02-25
p14,2020-03-07,0.39833419024944305,0.4106367379426956,0.19102904573082924,1,0,1,1,2020-02-25
p14,2020-03-09,0.35402921587228775,0.3894613981246948,0.25650937855243683,1,0,1,1,2020-02-25
p14,2020-03-10,0.626776248216629,0.2292347475886345,0.14398900419473648,0,0,0,1,2020-02-25
p15,2020-01-07,0.2773715406656265,0.14530622959136963,0.5773222297430038,2,2,2,0,2020-01-07
p15,2020-01-08,0.3480682373046875,0.21362457424402237,0.4383071959018707,2,0,2,0,2020-01-07
p15,2020-01-10,0.3207893595099449,0.19950614497065544,0.47970448434352875,2,2,1,0,2020-01-07
p15,2020-01-12,0.28094305098056793,0.3029526174068451,0.41610436141490936,2,2,1,0,2020-01-07
p15,2020-01-13,0.31815576553344727,0.20651238039135933,0.4753318279981613,2,2,2,0,2020-01-07
p15,2020-01-14,0.41446787118911743,0.23316969722509384,0.3523624390363693,0,0,2,0,2020-01-07
p15,2020-01-15,0.3605520576238632,0.25145982950925827,0.3879881128668785,2,2,0,0,2020-01-07
p15,2020-01-16,0.36179474741220474,0.2420465350151062,0.39615871012210846,2,0,2,0,2020-01-07
p15,2020-01-18,0.4177738130092621,0.2445683404803276,0.3376578167080879,0,0,1,0,2020-01-07
p15,2020-01-19,0.4001637250185013,0.25027408450841904,0.3495621830224991,0,2,0,0,2020-01-07
p15,2020-01-21,0.45556479692459106,0.1559556946158409,0.3884795606136322,0,2,1,0,2020-01-21
p15,2020-01-22,0.5068359225988388,0.1549203172326088,0.3382437452673912,0,0,2,0,2020-01-21
p15,2020-01-23,0.373395599424839,0.12470575794577599,0.5018986612558365,2,0,0,0,2020-01-21
p15,2020-01-25,0.6156312525272369,0.16986969485878944,0.2144990935921669,0,1,1,0,2020-01-21
p15,2020-01-26,0.3721654787659645,0.16042234376072884,0.46741217374801636,2,1,1,0,2020-01-21
p15,2020-01-27,0.3536689057946205,0.14036138728260994,0.5059697031974792,2,0,1,0,2020-01-21
p15,2020-01-30,0.2705966681241989,0.2929515317082405,0.43645179271698,2,0,1,0,2020-01-21
p15,2020-01-31,0.35240108519792557,0.18791517242789268,0.45968373119831085,2,2,0,0,2020-01-21
p15,2020-02-01,0.40548044443130493,0.1365567073225975,0.45796284079551697,2,0,2,0,2020-01-21
p15,2020-02-04,0.34700028598308563,0.21777112782001495,0.4352285712957382,2,2,1,0,2020-01-21
p15,2020-02-05,0.3105040192604065,0.13237498700618744,0.5571209788322449,2,0,2,0,2020-01-21
p15,2020-02-06,0.43801476061344147,0.12616393715143204,0.4358212500810623,0,2,0,1,2020-02-06
p15,2020-02-07,0.5629177689552307,0.1470358818769455,0.2900463342666626,0,0,2,1,2020-02-06
p15,2020-02-08,0.41529981791973114,0.1989666298031807,0.3857335224747658,0,0,0,1,2020-02-06
p15,2020-02-09,0.35062383115291595,0.1539078652858734,0.49546827375888824,2,0,0,1,2020-02-06
p15,2020-02-10,0.465553343296051,0.09923584014177322,0.43521079421043396,0,0,0,1,2020-02-06
p15,2020-02-11,0.3242296203970909,0.18399374186992645,0.49177664518356323,2,2,0,1,2020-02-06
p15,2020-02-12,0.4476129561662674,0.10535222291946411,0.4470348209142685,0,2,2,1,2020-02-06
p15,2020-02-13,0.47441384196281433,0.12495577707886696,0.4006303548812866,0,1,2,1,2020-02-06
p15,2020-02-15,0.30635953694581985,0.17501768842339516,0.5186227560043335,2,1,1,1,2020-02-06
p15,2020-02-16,0.26081717759370804,0.16726038232445717,0.5719224214553833,2,1,1,1,2020-02-06
p15,2020-02-17,0.2391810119152069,0.19350102916359901,0.5673179626464844,2,1,1,1,2020-02-17
p15,2020-02-18,0.3043171986937523,0.30595874786376953,0.3897240683436394,2,0,1,1,2020-02-17
p15,2020-02-19,0.25576531887054443,0.19616319984197617,0.5480714738368988,2,2,0,1,2020-02-17
p15,2020-02-22,0.27204231172800064,0.2703738734126091,0.45758382976055145,2,1,1,1,2020-02-17
p15,2020-02-23,0.22724599391222,0.2720229923725128,0.5007310211658478,2,2,1,1,2020-02-17
p15,2020-02-24,0.3887563794851303,0.19617759436368942,0.41506603360176086,2,0,2,1,2020-02-17
p15,2020-02-26,0.2646130919456482,0.29907234013080597,0.43631458282470703,2,2,1,1,2020-02-17
p15,2020-02-27,0.3492133617401123,0.1485922820866108,0.5021943897008896,2,0,2,1,2020-02-17
p15,2020-02-28,0.34216438978910446,0.21505672484636307,0.44277890026569366,2,2,0,1,2020-02-17
p15,2020-03-01,0.2675274685025215,0.1576233133673668,0.5748492181301117,2,0,1,1,2020-02-17
p15,2020-03-02,0.5658425539731979,0.20197559893131256,0.2321818619966507,0,1,0,1,2020-02-17
p16,2019-12-31,0.17075910046696663,0.4818554222583771,0.3473854809999466,1,2,0,0,2019-12-31
p16,2020-01-01,0.2771008014678955,0.5032587647438049,0.21964042633771896,1,2,2,0,2019-12-31
p16,2020-01-08,0.24020487070083618,0.520517572760582,0.23927756398916245,1,1,1,0,2019-12-31
p16,2020-01-09,0.39952610433101654,0.37894146144390106,0.2215324193239212,0,1,1,0,2019-12-31
p16,2020-01-10,0.11154674366116524,0.7109041959047318,0.17754905298352242,1,2,1,0,2019-12-31
p16,2020-01-11,0.6588331907987595,0.19372442364692688,0.14744240418076515,0,0,2,0,2019-12-31
p16,2020-01-12,0.14465101808309555,0.5946895182132721,0.26065944135189056,1,1,0,0,2019-12-31
p16,2020-01-13,0.30063533037900925,0.5064194649457932,0.1929451934993267,1,2,1,0,2019-12-31
p16,2020-01-14,0.16515248641371727,0.6035871654748917,0.23126034438610077,1,1,2,0,2019-12-31
p16,2020-01-15,0.13550278916954994,0.5714076906442642,0.29308949410915375,1,0,1,0,2020-01-15
p16,2020-01-16,0.22107236087322235,0.39645831286907196,0.3824693560600281,1,0,0,0,2020-01-15
p16,2020-01-17,0.18468204513192177,0.4728880673646927,0.34242991358041763,1,0,0,0,2020-01-15
p16,2020-01-19,0.13394566997885704,0.3585378974676132,0.5075164586305618,2,1,1,0,2020-01-15
p16,2020-01-20,0.16717687994241714,0.5436440408229828,0.28917908668518066,1,1,1,0,2020-01-15
p16,2020-01-21,0.5995621681213379,0.2554057091474533,0.1450321227312088,0,0,1,0,2020-01-15
p16,2020-01-22,0.15127309411764145,0.37181318551301956,0.476913720369339,2,2,0,0,2020-01-15
p16,2020-01-24,0.08930435962975025,0.5164345502853394,0.39426110684871674,1,2,1,0,2020-01-15
p16,2020-01-25,0.1493341214954853,0.4511398673057556,0.39952603727579117,1,1,2,0,2020-01-15
p16,2020-01-26,0.18730589747428894,0.3732398450374603,0.43945425748825073,2,2,1,0,2020-01-15
p16,2020-01-27,0.20834337919950485,0.41145478188991547,0.3802018165588379,1,2,2,0,2020-01-27
p16,2020-01-28,0.5683915764093399,0.20011916756629944,0.23148928582668304,0,0,2,0,2020-01-27
p16,2020-01-29,0.39622922241687775,0.3486521542072296,0.25511863082647324,0,0,0,0,2020-01-27
p16,2020-02-01,0.1630389280617237,0.2527528405189514,0.5842082053422928,2,2,1,0,2020-01-27
p16,2020-02-02,0.2799864262342453,0.43003104627132416,0.28998254239559174,1,0,2,0,2020-01-27
p16,2020-02-04,0.20058991387486458,0.48700524866580963,0.3124048039317131,1,1,1,0,2020-01-27
p16,2020-02-07,0.16219434887170792,0.6204653084278107,0.21734034270048141,1,1,1,0,2020-01-27
p16,2020-02-12,0.381791353225708,0.3338461145758629,0.2843625172972679,0,1,1,0,2020-01-27
p16,2020-02-13,0.3425692841410637,0.4788239151239395,0.1786067970097065,1,1,1,0,2020-01-27
p16,2020-02-16,0.6175284385681152,0.2949184849858284,0.08755305595695972,0,0,1,1,2020-02-16
p16,2020-02-17,0.43448543548583984,0.3311261087656021,0.23438841849565506,0,0,0,1,2020-02-16
p16,2020-02-18,0.6221320182085037,0.229242242872715,0.14862574264407158,0,0,0,1,2020-02-16
p16,2020-02-20,0.184165108948946,0.3168697953224182,0.4989651143550873,2,2,1,1,2020-02-16
p16,2020-02-22,0.42599330842494965,0.3589305654168129,0.21507615596055984,0,0,1,1,2020-02-16
p16,2020-02-27,0.6468694508075714,0.2535668760538101,0.09956366382539272,0,0,1,1,2020-02-16
p16,2020-02-28,0.47668488323688507,0.30518753081560135,0.21812759339809418,0,1,0,1,2020-02-16
p16,2020-03-05,0.3371000438928604,0.3963378220796585,0.2665621489286423,1,1,1,1,2020-02-16
p16,2020-03-06,0.14919742941856384,0.5802801549434662,0.2705224081873894,1,0,1,1,2020-02-16
p16,2020-03-11,0.2284979447722435,0.496847540140152,0.2746545299887657,1,0,1,1,2020-02-16
