pid,n_reports,n_days,n_label_ok,n_sleep_lag1,n_wear_dm1,n_full,n_full_prelockdown
p01,138,138,138,137,133,133,117
p02,99,99,99,96,93,92,84
p03,82,80,80,49,30,24,23
p04,145,143,142,123,131,119,102
p05,137,134,134,102,121,100,83
p06,147,147,147,145,146,144,126
p07,133,132,132,124,127,122,108
p08,104,103,103,94,94,92,83
p09,102,102,102,94,82,77,71
p10,96,95,95,80,84,76,76
p11,107,107,106,107,107,106,104
p12,83,83,83,1,57,1,1
p13,72,69,68,35,35,28,28
p14,125,123,123,101,96,90,80
p15,95,93,93,93,92,92,83
p16,82,82,82,81,78,77,75
