pid,kind,date,logId,hr_cover,hr_n,hr_sleep_mean,hr_sleep_p5,hr_day_n,hr_day_mean,hr_day_p10
p03,night,2019-11-01,24472351655.0,0.9851851851851852,133.0,60.638827045969904,53.160000000000004,,,
p03,night,2020-03-27,26509000926.0,0.991304347826087,171.0,61.92605271596499,55.33333333333333,,,
p03,night,2020-01-21,25533571518.0,0.7276995305164319,155.0,51.80299376250989,48.0,,,
p03,night,2019-12-22,25149355675.0,0.995850622406639,240.0,59.07308231120731,52.74107142857143,,,
p03,night,2019-11-12,24604252564.0,0.9888641425389755,222.0,53.93855885105884,49.5,,,
p03,night,2020-01-25,25699777733.0,0.7429805615550756,172.0,49.833373393402475,44.76142857142857,,,
p03,night,2019-12-21,25149355673.0,0.9951060358890701,305.0,63.68220034064296,55.86666666666667,,,
p03,night,2019-12-28,25173794790.0,0.9903846153846154,309.0,55.32860867108439,50.370000000000005,,,
p03,night,2020-03-05,26189392113.0,0.9672619047619048,325.0,60.68039627039627,50.5,,,
p03,night,2020-03-22,26509000922.0,0.994413407821229,356.0,51.144036269598075,45.625,,,
p03,night,2020-01-30,25699777738.0,0.9358799454297408,343.0,57.710961762565255,49.01428571428571,,,
p03,night,2020-03-23,26509000923.0,0.9956584659913169,344.0,59.03381227138494,51.18571428571429,,,
p03,night,2019-12-20,25149355672.0,0.9844413012729845,348.0,68.5073241652983,60.662222222222226,,,
p03,night,2020-01-28,25699777735.0,0.9565217391304348,352.0,63.259998421717164,54.94375,,,
p03,night,2020-01-20,25517978451.0,0.9276485788113695,359.0,50.72388991386205,43.2,,,
p03,night,2020-03-30,26529030635.0,0.9986282578875172,364.0,55.63384452848739,48.68666666666667,,,
p03,night,2019-12-30,25199491746.0,0.9934640522875817,380.0,58.1142732778917,49.5,,,
p03,night,2020-02-12,25901485616.0,0.9603072983354674,375.0,50.78275488215489,44.166666666666664,,,
p03,night,2020-01-31,25699777739.0,0.9960369881109643,377.0,56.38558462610187,50.0,,,
p03,night,2020-01-22,25550742027.0,0.9806949806949807,381.0,53.16681863630683,46.0,,,
p03,night,2020-03-29,26516780913.0,0.9988623435722411,439.0,58.81341794120837,52.0,,,
p03,night,2020-02-21,26003278888.0,0.9788819875776398,394.0,57.09765988382739,48.24404761904762,,,
p03,night,2020-03-26,26509000925.0,0.9820051413881749,382.0,62.43207316243965,50.16833333333333,,,
p03,night,2020-01-08,25335384187.0,0.9554455445544554,386.0,56.958733336324016,47.229166666666664,,,
p03,night,2019-12-24,25149355677.0,0.9800498753117207,393.0,52.08719822727456,46.8,,,
p03,night,2020-02-02,25723818906.0,0.9723225030084236,404.0,51.887253100310026,46.71964285714286,,,
p03,night,2019-12-25,25149355678.0,0.9950980392156863,406.0,58.676505999473974,51.62857142857143,,,
p03,night,2020-02-27,26176058395.0,0.9606099110546379,378.0,58.38904120570788,49.56071428571428,,,
p03,night,2020-03-31,26540927980.0,0.9962546816479401,399.0,54.4736289678019,45.325,,,
p03,night,2020-01-23,25563505527.0,0.9494712103407755,404.0,50.93941545940308,45.0,,,
p03,night,2020-02-07,25797208763.0,0.9211428571428572,403.0,59.03734357040808,52.2,,,
p03,night,2020-03-09,26246001563.0,0.9751479289940829,412.0,54.85725992588857,46.41571428571429,,,
p03,night,2019-11-02,24490223982.0,0.9575471698113207,406.0,75.81990817748208,67.32142857142858,,,
p03,night,2019-12-31,25215074096.0,0.989247311827957,414.0,59.33561930554684,50.769999999999996,,,
p03,night,2019-11-13,24624621242.0,0.8368098159509203,341.0,54.69661740996052,48.6,,,
p03,night,2019-12-23,25149355676.0,1.0011668611435238,429.0,61.353993649448206,54.0,,,
p03,night,2020-02-18,25981065833.0,0.9702734839476813,408.0,56.499162493280146,49.42857142857143,,,
p03,night,2020-01-15,25518354325.0,0.9704142011834319,410.0,59.27708276141202,50.714285714285715,,,
p03,night,2020-02-04,25783721925.0,0.9541484716157205,437.0,51.224569906320475,46.26857142857143,,,
p03,night,2020-02-10,25901485614.0,0.9373601789709173,419.0,51.357410535632496,45.66,,,
p03,night,2020-02-15,25981065830.0,0.998849252013809,434.0,67.66548574952954,55.464999999999996,,,
p03,night,2020-01-13,25412819392.0,0.9805714285714285,429.0,57.21808116126297,48.0,,,
p03,night,2020-01-16,25518354326.0,0.9398410896708286,414.0,53.32697584889613,47.6,,,
p03,night,2020-03-24,26509000924.0,0.9988412514484357,431.0,56.04773396878965,50.07142857142857,,,
p03,night,2019-11-08,24559972016.0,0.9441277080957811,414.0,58.37769281845369,50.0,,,
p03,night,2020-02-13,25901485617.0,0.9724972497249725,442.0,56.091855938179464,47.43214285714286,,,
p03,night,2020-01-29,25699777736.0,0.9569060773480663,433.0,57.54010602561411,49.733333333333334,,,
p03,night,2020-02-11,25901485615.0,0.96875,465.0,50.65022102747909,43.666666666666664,,,
p03,night,2020-01-14,25518354324.0,0.909297052154195,401.0,52.93925647641358,46.75,,,
p03,night,2020-02-19,25981065834.0,0.9589345172031076,432.0,59.003329174683344,51.28125,,,
p03,night,2020-02-03,25783721924.0,0.9574468085106383,495.0,54.72345409360561,45.29333333333334,,,
p03,night,2020-01-18,25518354328.0,0.9888641425389755,444.0,50.271207246207254,45.25,,,
p03,night,2020-01-07,25317419702.0,0.927038626609442,432.0,61.58843268999519,55.07857142857143,,,
p03,night,2019-11-07,24559972015.0,0.9588173178458289,454.0,56.06585434267153,50.0,,,
p03,night,2020-02-09,25901485613.0,0.9958847736625515,484.0,52.95395990602603,48.833333333333336,,,
p03,night,2020-01-26,25699777734.0,0.9284210526315789,441.0,49.06341132412561,45.166666666666664,,,
p03,night,2020-01-04,25317419699.0,0.9883103081827843,465.0,57.18886499402629,49.582142857142856,,,
p03,night,2020-01-01,25228216350.0,0.9874476987447699,472.0,56.36704652456771,49.142857142857146,,,
p03,night,2020-02-05,25783721926.0,0.9724770642201835,477.0,54.679546286464536,45.80952380952381,,,
p03,night,2020-01-06,25317419701.0,0.9736842105263158,481.0,61.442422817422816,51.2,,,
p03,night,2020-01-17,25518354327.0,0.9196787148594378,458.0,54.07302871194792,47.285714285714285,,,
p03,night,2019-11-14,24630940989.0,0.9792099792099792,471.0,58.21258375382579,50.225,,,
p03,night,2020-01-09,25355291573.0,0.9607250755287009,477.0,57.849041326714286,49.0,,,
p03,night,2020-02-16,25981065831.0,1.0010559662090812,474.0,56.640472841738664,49.0,,,
p03,night,2020-01-02,25242381570.0,0.9931170108161259,505.0,53.25004300430043,47.2,,,
p03,night,2019-11-16,24654476587.0,0.929493545183714,468.0,57.10110568443903,48.5,,,
p03,night,2020-03-07,26219086089.0,0.9835728952772074,479.0,55.41382404419982,48.28214285714286,,,
p03,night,2019-11-06,24533606348.0,0.982706002034588,483.0,57.11082378054427,50.016666666666666,,,
p03,night,2020-03-06,26205999431.0,0.9921414538310412,505.0,58.39963267755347,50.721428571428575,,,
p03,night,2020-03-08,26232590156.0,0.8895131086142322,475.0,53.15741209083314,48.0,,,
p03,night,2020-01-19,25518354329.0,0.9457659372026641,497.0,52.10210679662389,45.5,,,
p03,night,2020-02-06,25783721927.0,0.9804651162790697,527.0,57.138413211287975,47.714285714285715,,,
p03,night,2019-12-29,25186719334.0,0.9799635701275046,538.0,62.16205818138903,53.833333333333336,,,
p03,night,2020-01-10,25373846429.0,0.981418918918919,581.0,58.52377264158675,50.4,,,
p03,night,2020-02-01,25711302809.0,0.984179850124896,591.0,55.96690057451479,48.41428571428571,,,
p03,night,2020-01-11,25389450043.0,0.8872305140961857,535.0,52.614501894782265,46.82678571428571,,,
p03,day,2019-11-01,,,,,,902.0,79.28533721759885,61.78333333333333
p03,day,2019-11-02,,,,,,258.0,80.4250724297236,69.1375
p03,day,2019-11-05,,,,,,619.0,71.59525592877775,57.193333333333335
p03,day,2019-11-06,,,,,,637.0,78.67236669226465,58.19047619047619
p03,day,2019-11-07,,,,,,489.0,67.09352604337268,54.278571428571425
p03,day,2019-11-08,,,,,,548.0,76.61036400238044,64.42857142857143
p03,day,2019-11-09,,,,,,202.0,82.41366118754733,67.0125
p03,day,2019-11-11,,,,,,544.0,72.2782838893133,59.0
p03,day,2019-11-12,,,,,,695.0,70.40883127264422,56.77
p03,day,2019-11-13,,,,,,141.0,58.52794152262237,49.42857142857143
p03,day,2019-11-14,,,,,,533.0,70.39805018829409,59.5
p03,day,2019-11-15,,,,,,591.0,65.83270064678693,54.75
p03,day,2019-11-16,,,,,,26.0,57.36712454212454,56.535714285714285
p03,day,2019-12-10,,,,,,590.0,76.17710372490033,57.9875
p03,day,2019-12-11,,,,,,1322.0,72.68225648532002,59.585
p03,day,2019-12-12,,,,,,1414.0,73.6301443409647,62.0
p03,day,2019-12-13,,,,,,1356.0,77.18913513559531,65.1547619047619
p03,day,2019-12-14,,,,,,725.0,81.25697337911132,73.125
p03,day,2019-12-16,,,,,,1166.0,74.69010226004222,63.225
p03,day,2019-12-17,,,,,,1398.0,75.93944864545722,66.0
p03,day,2019-12-18,,,,,,71.0,69.39586559762617,63.5
p03,day,2019-12-19,,,,,,60.0,69.84046356421358,64.9
p03,day,2019-12-20,,,,,,898.0,70.5129975783929,58.57142857142857
p03,day,2019-12-21,,,,,,698.0,70.4813655899974,60.24166666666667
p03,day,2019-12-22,,,,,,1077.0,68.22039609518718,57.373333333333335
p03,day,2019-12-23,,,,,,1006.0,71.45405421009298,56.0
p03,day,2019-12-24,,,,,,954.0,79.34680235798209,63.516666666666666
p03,day,2019-12-25,,,,,,847.0,69.54171240998278,60.625
p03,day,2019-12-26,,,,,,1022.0,66.44956462867422,54.205000000000005
p03,day,2019-12-27,,,,,,49.0,57.38660143711164,53.780952380952385
p03,day,2019-12-28,,,,,,972.0,70.9626555457574,58.8075
p03,day,2019-12-29,,,,,,647.0,65.66132600012044,57.8
p03,day,2019-12-30,,,,,,903.0,77.49688688024693,59.44285714285714
p03,day,2019-12-31,,,,,,898.0,66.23483832116906,57.0875
p03,day,2020-01-01,,,,,,387.0,62.82916391676082,55.78
p03,day,2020-01-02,,,,,,526.0,66.47411869921376,50.73214285714286
p03,day,2020-01-03,,,,,,853.0,65.19662036543632,56.5
p03,day,2020-01-04,,,,,,868.0,78.78897338260818,63.5
p03,day,2020-01-05,,,,,,930.0,62.33642015392015,52.285714285714285
p03,day,2020-01-06,,,,,,803.0,74.29166999114072,61.815
p03,day,2020-01-07,,,,,,782.0,72.37592365009245,58.0
p03,day,2020-01-08,,,,,,735.0,72.93275039019937,58.67619047619048
p03,day,2020-01-09,,,,,,904.0,86.68344778377964,68.22571428571429
p03,day,2020-01-10,,,,,,477.0,73.67263061885704,56.725
p03,day,2020-01-11,,,,,,36.0,53.98500881834215,52.25
p03,day,2020-01-12,,,,,,496.0,74.63851213750408,57.154761904761905
p03,day,2020-01-13,,,,,,769.0,73.25914438833814,58.955555555555556
p03,day,2020-01-14,,,,,,718.0,67.18384230285345,52.5
p03,day,2020-01-15,,,,,,581.0,76.41092241569866,62.25
p03,day,2020-01-16,,,,,,673.0,83.27850635413786,60.78
p03,day,2020-01-17,,,,,,408.0,75.30446198681493,61.25
p03,day,2020-01-18,,,,,,290.0,58.36618400756333,45.0
p03,day,2020-01-19,,,,,,154.0,49.419705168568804,46.17666666666667
p03,day,2020-01-20,,,,,,784.0,71.84248659149807,56.791666666666664
p03,day,2020-01-22,,,,,,674.0,71.08985488629406,49.285714285714285
p03,day,2020-01-23,,,,,,491.0,66.93773206313939,57.375
p03,day,2020-01-24,,,,,,1032.0,61.24545010598789,45.42857142857143
p03,day,2020-01-25,,,,,,402.0,56.19308525913003,47.25
p03,day,2020-01-26,,,,,,311.0,61.3777610742241,48.5
p03,day,2020-01-27,,,,,,976.0,75.78354072782864,59.59027777777778
p03,day,2020-01-28,,,,,,761.0,69.70391312221142,55.285714285714285
p03,day,2020-01-29,,,,,,712.0,75.46581221525042,58.1452380952381
p03,day,2020-01-30,,,,,,1068.0,79.9830930695397,59.483333333333334
p03,day,2020-01-31,,,,,,646.0,74.83236489173021,52.18333333333334
p03,day,2020-02-01,,,,,,153.0,70.4730007828047,58.128571428571426
p03,day,2020-02-02,,,,,,585.0,58.3183497983498,49.2
p03,day,2020-02-03,,,,,,753.0,67.35272186865812,53.721428571428575
p03,day,2020-02-04,,,,,,915.0,66.33449837958034,53.0
p03,day,2020-02-05,,,,,,727.0,71.41998759302749,58.65
p03,day,2020-02-06,,,,,,699.0,95.61324440370399,72.18
p03,day,2020-02-07,,,,,,717.0,75.07806376174578,59.95
p03,day,2020-02-08,,,,,,53.0,52.638027852650495,49.08571428571429
p03,day,2020-02-09,,,,,,154.0,54.67062742452353,48.35333333333333
p03,day,2020-02-10,,,,,,772.0,65.14923882608468,52.722857142857144
p03,day,2020-02-11,,,,,,689.0,66.2230378636039,49.24
p03,day,2020-02-12,,,,,,1009.0,68.00411963325739,55.333333333333336
p03,day,2020-02-13,,,,,,485.0,78.08386173963494,64.925
p03,day,2020-02-14,,,,,,649.0,65.85278467038869,51.975
p03,day,2020-02-15,,,,,,404.0,71.66633145457403,52.9125
p03,day,2020-02-16,,,,,,879.0,69.99773679423849,59.088888888888896
p03,day,2020-02-17,,,,,,1017.0,66.57638301827093,52.55555555555556
p03,day,2020-02-18,,,,,,547.0,76.03159256445363,63.18333333333333
p03,day,2020-02-19,,,,,,474.0,76.42922922717227,53.90000000000004
p03,day,2020-02-20,,,,,,745.0,72.79386128785458,57.0
p03,day,2020-02-21,,,,,,533.0,71.1368117654703,51.40571428571428
p03,day,2020-02-22,,,,,,1102.0,63.51511841908848,49.833333333333336
p03,day,2020-02-23,,,,,,658.0,55.80097643828647,49.42
p03,day,2020-02-24,,,,,,997.0,75.33393159275808,49.4
p03,day,2020-02-25,,,,,,1097.0,66.9683819244667,52.0
p03,day,2020-02-26,,,,,,877.0,69.22833700253882,50.23888888888889
p03,day,2020-02-27,,,,,,416.0,95.2267880556943,51.5
p03,day,2020-02-28,,,,,,95.0,84.83407268170426,72.08
p03,day,2020-03-04,,,,,,446.0,83.67047743611646,68.70833333333334
p03,day,2020-03-05,,,,,,444.0,81.10326568451569,50.160000000000004
p03,day,2020-03-06,,,,,,323.0,77.91860131612454,64.8
p03,day,2020-03-07,,,,,,270.0,66.94434904601572,51.666666666666664
p03,day,2020-03-08,,,,,,94.0,54.45865839243499,51.53
p03,day,2020-03-09,,,,,,542.0,68.15277258616742,50.57678571428571
p03,day,2020-03-10,,,,,,686.0,72.11391181704593,49.73214285714286
p03,day,2020-03-11,,,,,,636.0,59.98458427491446,52.17142857142858
p03,day,2020-03-12,,,,,,451.0,58.19963916965026,51.6
p03,day,2020-03-13,,,,,,294.0,83.93744527392487,63.516666666666666
p03,day,2020-03-14,,,,,,200.0,73.62044534632035,61.125
p03,day,2020-03-15,,,,,,547.0,60.73376564020989,55.18666666666667
p03,day,2020-03-17,,,,,,10.0,64.36805555555556,55.5125
p03,day,2020-03-18,,,,,,483.0,56.270791245791244,50.885714285714286
p03,day,2020-03-19,,,,,,348.0,65.443769074157,58.215555555555554
p03,day,2020-03-20,,,,,,1207.0,60.4317740070847,51.0
p03,day,2020-03-21,,,,,,859.0,57.76125074963841,51.285714285714285
p03,day,2020-03-22,,,,,,920.0,63.53346614436288,55.32857142857143
p03,day,2020-03-23,,,,,,861.0,67.144301945957,57.25
p03,day,2020-03-24,,,,,,841.0,71.19391991942527,60.142857142857146
p03,day,2020-03-26,,,,,,395.0,71.7343323835096,64.81666666666666
p03,day,2020-03-27,,,,,,830.0,66.8466146838436,56.5
p03,day,2020-03-29,,,,,,612.0,65.37205652463005,58.50555555555555
p03,day,2020-03-30,,,,,,229.0,59.29107134980497,53.38666666666666
p03,day,2020-03-31,,,,,,528.0,66.6212862526783,60.0
